episode,t,phase_before,role_before,obs-context,action,reward,captured,terminated,truncated,phase_after,next-context,V_t,V_next,MC return,GAE return,GAE 256 return
0,0,pre_capture,"[""support"",""support"",""capture"",""support""]","[1.0,0.0,0.0,1.0,0.0,0.0,0.0,0.0,1.0,1.0,0.0,0.0,1.0,0.0,0.0,0.0,1.0,0.0,0.0,0.0,0.0,0.0,0.0,0.0,0.0,0.0,1.0,0.0,0.0,0.0,0.0,0.0,0.0,0.0,0.0,0.0,0.0,0.0,0.0,0.0,0.0,0.0,0.0,0.0,0.0,0.0,0.0,0.0,0.0,0.0]","[8,8,8,6]","[-0.00791007000952959,-0.26072466373443604,0.08819597214460373,-0.054290737956762314]",False,"[false,false,false,false]","[false,false,false,false]",pre_capture,"[1.0,0.0,0.0,0.999666690826416,0.0,0.0,0.0,0.0,1.0,1.0,0.0,0.0,1.0,0.0,0.0,0.0,1.0,0.0,0.0,0.0,0.0,0.0,0.0,0.0,0.0,0.0,1.0,0.0,0.0,0.0,0.0,0.0,0.0,0.0,0.0,0.0,0.0,0.0,0.0,0.0,0.0,0.0,0.0,0.0,0.0,0.0,0.0,0.0,0.0,0.0]","[37.593814849853516,34.84382247924805,109.96292114257812,38.15264892578125]","[36.98224639892578,33.628597259521484,114.70805358886719,36.46514129638672]","[127.5848155778115,-6.218509455359036,121.13778779028688,106.97525120450075]","[91.97460174560547,33.05973815917969,120.15924835205078,54.440704345703125]","[91.97460174560547,33.05973815917969,120.15924835205078,54.440704345703125]"
0,1,pre_capture,"[""support"",""support"",""capture"",""support""]","[1.0,0.0,0.0,0.999666690826416,0.0,0.0,0.0,0.0,1.0,1.0,0.0,0.0,1.0,0.0,0.0,0.0,1.0,0.0,0.0,0.0,0.0,0.0,0.0,0.0,0.0,0.0,1.0,0.0,0.0,0.0,0.0,0.0,0.0,0.0,0.0,0.0,0.0,0.0,0.0,0.0,0.0,0.0,0.0,0.0,0.0,0.0,0.0,0.0,0.0,0.0]","[8,8,6,6]","[0.0784062072634697,-0.25818100571632385,0.27604439854621887,-0.014740193262696266]",False,"[false,false,false,false]","[false,false,false,false]",pre_capture,"[1.0,0.0,0.0,0.9993333220481873,0.0,0.0,0.0,0.0,1.0,1.0,0.0,0.0,1.0,0.0,0.0,0.0,1.0,0.0,0.0,0.0,0.0,0.0,0.0,0.0,0.0,0.0,1.0,0.0,0.0,0.0,0.0,0.0,0.0,0.0,0.0,0.0,0.0,0.0,0.0,0.0,0.0,0.0,0.0,0.0,0.0,0.0,0.0,0.0,0.0,0.0]","[36.98224639892578,33.628597259521484,114.70805358886719,36.46514129638672]","[39.20683288574219,34.582672119140625,119.15978240966797,37.367393493652344]","[128.88154105840508,-6.017964435984444,122.27231496782048,108.11064842672477]","[95.85528564453125,33.65852355957031,121.6299819946289,56.02335739135742]","[95.85528564453125,33.65852355957031,121.6299819946289,56.02335739135742]"
0,2,pre_capture,"[""support"",""support"",""capture"",""support""]","[1.0,0.0,0.0,0.9993333220481873,0.0,0.0,0.0,0.0,1.0,1.0,0.0,0.0,1.0,0.0,0.0,0.0,1.0,0.0,0.0,0.0,0.0,0.0,0.0,0.0,0.0,0.0,1.0,0.0,0.0,0.0,0.0,0.0,0.0,0.0,0.0,0.0,0.0,0.0,0.0,0.0,0.0,0.0,0.0,0.0,0.0,0.0,0.0,0.0,0.0,0.0]","[8,8,7,6]","[0.17432774603366852,-0.2888716161251068,0.44434791803359985,0.009772120974957943]",False,"[false,false,false,false]","[false,false,false,false]",pre_capture,"[1.0,0.0,0.0,0.9990000128746033,0.0,0.0,0.0,0.0,1.0,1.0,0.0,0.0,1.0,0.0,0.0,0.0,1.0,0.0,0.0,0.0,0.0,0.0,0.0,0.0,0.0,0.0,1.0,0.0,0.0,0.0,0.0,0.0,0.0,0.0,0.0,0.0,0.0,0.0,0.0,0.0,0.0,0.0,0.0,0.0,0.0,0.0,0.0,0.0,0.0,0.0]","[39.20683288574219,34.582672119140625,119.15978240966797,37.367393493652344]","[41.364227294921875,36.696014404296875,123.10148620605469,38.60658264160156]","[130.10417661731475,-5.817963060876889,123.22855613058006,109.21756426261359]","[99.77259826660156,34.242279052734375,122.75973510742188,57.61659622192383]","[99.77259826660156,34.242279052734375,122.75973510742188,57.61659622192383]"
0,3,pre_capture,"[""support"",""support"",""capture"",""support""]","[1.0,0.0,0.0,0.9990000128746033,0.0,0.0,0.0,0.0,1.0,1.0,0.0,0.0,1.0,0.0,0.0,0.0,1.0,0.0,0.0,0.0,0.0,0.0,0.0,0.0,0.0,0.0,1.0,0.0,0.0,0.0,0.0,0.0,0.0,0.0,0.0,0.0,0.0,0.0,0.0,0.0,0.0,0.0,0.0,0.0,0.0,0.0,0.0,0.0,0.0,0.0]","[8,8,6,8]","[0.27291181683540344,-0.3328402638435364,0.6136413812637329,0.037270788103342056]",False,"[false,false,false,false]","[false,false,false,false]",pre_capture,"[1.0,0.0,0.0,0.9986666440963745,0.0,0.0,0.0,0.0,1.0,1.0,0.0,0.0,1.0,0.0,0.0,0.0,1.0,0.0,0.0,0.0,0.0,0.0,0.0,0.0,0.0,0.0,1.0,0.0,0.0,0.0,0.0,0.0,0.0,0.0,0.0,0.0,0.0,0.0,0.0,0.0,0.0,0.0,0.0,0.0,0.0,0.0,0.0,0.0,0.0,0.0]","[41.364227294921875,36.696014404296875,123.10148620605469,38.60658264160156]","[44.76080322265625,39.500038146972656,127.63298797607422,40.42547607421875]","[131.2422715871526,-5.584940853284628,124.02445273994591,110.31090115317033]","[103.72221374511719,34.784366607666016,123.57453918457031,59.2193489074707]","[103.72221374511719,34.784366607666016,123.57453918457031,59.2193489074707]"
0,4,pre_capture,"[""support"",""support"",""capture"",""support""]","[1.0,0.0,0.0,0.9986666440963745,0.0,0.0,0.0,0.0,1.0,1.0,0.0,0.0,1.0,0.0,0.0,0.0,1.0,0.0,0.0,0.0,0.0,0.0,0.0,0.0,0.0,0.0,1.0,0.0,0.0,0.0,0.0,0.0,0.0,0.0,0.0,0.0,0.0,0.0,0.0,0.0,0.0,0.0,0.0,0.0,0.0,0.0,0.0,0.0,0.0,0.0]","[8,6,8,6]","[0.3624163568019867,-0.3435631990432739,0.7663333415985107,0.059925977140665054]",False,"[false,false,false,false]","[false,false,false,false]",pre_capture,"[1.0,0.0,0.0,0.9983333349227905,0.0,0.0,0.0,0.0,1.0,1.0,0.0,0.0,1.0,0.0,0.0,0.0,1.0,0.0,0.0,0.0,0.0,0.0,0.0,0.0,0.0,0.0,1.0,0.0,0.0,0.0,0.0,0.0,0.0,0.0,0.0,0.0,0.0,0.0,0.0,0.0,0.0,0.0,0.0,0.0,0.0,0.0,0.0,0.0,0.0,0.0]","[44.76080322265625,39.500038146972656,127.63298797607422,40.42547607421875]","[47.162208557128906,39.498565673828125,127.62821960449219,41.351219177246094]","[132.29228259628,-5.305152110546557,124.65738521079008,111.38750541925958]","[107.63811492919922,35.259918212890625,124.02239990234375,60.79853057861328]","[107.63811492919922,35.259918212890625,124.02239990234375,60.79853057861328]"
0,5,pre_capture,"[""support"",""support"",""capture"",""support""]","[1.0,0.0,0.0,0.9983333349227905,0.0,0.0,0.0,0.0,1.0,1.0,0.0,0.0,1.0,0.0,0.0,0.0,1.0,0.0,0.0,0.0,0.0,0.0,0.0,0.0,0.0,0.0,1.0,0.0,0.0,0.0,0.0,0.0,0.0,0.0,0.0,0.0,0.0,0.0,0.0,0.0,0.0,0.0,0.0,0.0,0.0,0.0,0.0,0.0,0.0,0.0]","[8,8,6,8]","[0.4370376765727997,-0.3568795919418335,0.9040864109992981,0.0781291276216507]",False,"[false,false,false,false]","[false,false,false,false]",pre_capture,"[1.0,0.0,0.0,0.9980000257492065,0.0,0.0,0.0,0.0,1.0,1.0,0.0,0.0,1.0,0.0,0.0,0.0,1.0,0.0,0.0,0.0,0.0,0.0,0.0,0.0,0.0,0.0,1.0,0.0,0.0,0.0,0.0,0.0,0.0,0.0,0.0,0.0,0.0,0.0,0.0,0.0,0.0,0.0,0.0,0.0,0.0,0.0,0.0,0.0,0.0,0.0]","[47.162208557128906,39.498565673828125,127.62821960449219,41.351219177246094]","[50.73545455932617,43.35747528076172,129.90838623046875,44.73155975341797]","[133.26249115098787,-5.011705971215438,125.14247663554704,112.45210044658477]","[111.58019256591797,35.77703857421875,124.33648681640625,62.404808044433594]","[111.58019256591797,35.77703857421875,124.33648681640625,62.404808044433594]"
0,6,pre_capture,"[""support"",""support"",""capture"",""support""]","[1.0,0.0,0.0,0.9980000257492065,0.0,0.0,0.0,0.0,1.0,1.0,0.0,0.0,1.0,0.0,0.0,0.0,1.0,0.0,0.0,0.0,0.0,0.0,0.0,0.0,0.0,0.0,1.0,0.0,0.0,0.0,0.0,0.0,0.0,0.0,0.0,0.0,0.0,0.0,0.0,0.0,0.0,0.0,0.0,0.0,0.0,0.0,0.0,0.0,0.0,0.0]","[7,2,7,7]","[0.48028188943862915,-0.41706714034080505,1.050024151802063,0.11816927790641785]",False,"[false,false,false,false]","[false,false,false,false]",pre_capture,"[1.0,0.0,0.0,0.9976666569709778,0.0,0.0,0.0,0.0,1.0,1.0,0.0,0.0,1.0,0.0,0.0,0.0,1.0,0.0,0.0,0.0,0.0,0.0,0.0,0.0,0.0,0.0,1.0,0.0,0.0,0.0,0.0,0.0,0.0,0.0,0.0,0.0,0.0,0.0,0.0,0.0,0.0,0.0,0.0,0.0,0.0,0.0,0.0,0.0,0.0,0.0]","[50.73545455932617,43.35747528076172,129.90838623046875,44.73155975341797]","[54.085567474365234,43.378379821777344,130.93511962890625,48.048946380615234]","[134.16712472163138,-4.701844827549095,125.49332345913913,113.50906193834658]","[115.50425720214844,36.1379280090332,124.40397644042969,63.91543197631836]","[115.50425720214844,36.1379280090332,124.40397644042969,63.91543197631836]"
0,7,pre_capture,"[""support"",""support"",""capture"",""support""]","[1.0,0.0,0.0,0.9976666569709778,0.0,0.0,0.0,0.0,1.0,1.0,0.0,0.0,1.0,0.0,0.0,0.0,1.0,0.0,0.0,0.0,0.0,0.0,0.0,0.0,0.0,0.0,1.0,0.0,0.0,0.0,0.0,0.0,0.0,0.0,0.0,0.0,0.0,0.0,0.0,0.0,0.0,0.0,0.0,0.0,0.0,0.0,0.0,0.0,0.0,0.0]","[6,3,7,6]","[0.5305081009864807,-0.46036142110824585,1.1727606058120728,0.08739839494228363]",False,"[false,false,false,false]","[false,false,false,false]",pre_capture,"[1.0,0.0,0.0,0.9973333477973938,0.0,0.0,0.0,0.0,1.0,1.0,0.0,0.0,1.0,0.0,0.0,0.0,1.0,0.0,0.0,0.0,0.0,0.0,0.0,0.0,0.0,0.0,1.0,0.0,0.0,0.0,0.0,0.0,0.0,0.0,0.0,0.0,0.0,0.0,0.0,0.0,0.0,0.0,0.0,0.0,0.0,0.0,0.0,0.0,0.0,0.0]","[54.085567474365234,43.378379821777344,130.93511962890625,48.048946380615234]","[57.367698669433594,41.10155487060547,129.56600952148438,50.800445556640625]","[135.03721498201287,-4.328058269907364,125.70030233064351,114.53625521256582]","[119.45426940917969,36.58454895019531,124.26654052734375,65.30445861816406]","[119.45426940917969,36.58454895019531,124.26654052734375,65.30445861816406]"
0,8,pre_capture,"[""support"",""support"",""capture"",""support""]","[1.0,0.0,0.0,0.9973333477973938,0.0,0.0,0.0,0.0,1.0,1.0,0.0,0.0,1.0,0.0,0.0,0.0,1.0,0.0,0.0,0.0,0.0,0.0,0.0,0.0,0.0,0.0,1.0,0.0,0.0,0.0,0.0,0.0,0.0,0.0,0.0,0.0,0.0,0.0,0.0,0.0,0.0,0.0,0.0,0.0,0.0,0.0,0.0,0.0,0.0,0.0]","[7,6,7,8]","[0.5669228434562683,-0.4542055130004883,1.2661479711532593,0.04430696368217468]",False,"[false,false,false,false]","[false,false,false,false]",pre_capture,"[1.0,0.0,0.0,0.996999979019165,0.0,0.0,0.0,0.0,1.0,1.0,0.0,0.0,1.0,0.0,0.0,0.0,1.0,0.0,0.0,0.0,0.0,0.0,0.0,0.0,0.0,0.0,1.0,0.0,0.0,0.0,0.0,0.0,0.0,0.0,0.0,0.0,0.0,0.0,0.0,0.0,0.0,0.0,0.0,0.0,0.0,0.0,0.0,0.0,0.0,0.0]","[57.367698669433594,41.10155487060547,129.56600952148438,50.800445556640625]","[61.412376403808594,41.559165954589844,129.78146362304688,54.4852294921875]","[135.86536048588525,-3.9067644937364836,125.78539568164791,115.6049058763874]","[123.42801666259766,37.22528839111328,124.06194305419922,66.66925048828125]","[123.42801666259766,37.22528839111328,124.06194305419922,66.66925048828125]"
0,9,pre_capture,"[""support"",""support"",""capture"",""support""]","[1.0,0.0,0.0,0.996999979019165,0.0,0.0,0.0,0.0,1.0,1.0,0.0,0.0,1.0,0.0,0.0,0.0,1.0,0.0,0.0,0.0,0.0,0.0,0.0,0.0,0.0,0.0,1.0,0.0,0.0,0.0,0.0,0.0,0.0,0.0,0.0,0.0,0.0,0.0,0.0,0.0,0.0,0.0,0.0,0.0,0.0,0.0,0.0,0.0,0.0,0.0]","[8,8,6,8]","[0.5283313989639282,-0.46893203258514404,1.383695363998413,0.05576816946268082]",False,"[false,false,false,false]","[false,false,false,false]",pre_capture,"[1.0,0.0,0.0,0.996666669845581,0.0,0.0,0.0,0.0,1.0,1.0,0.0,0.0,1.0,0.0,0.0,0.0,1.0,0.0,0.0,0.0,0.0,0.0,0.0,0.0,0.0,0.0,1.0,0.0,0.0,0.0,0.0,0.0,0.0,0.0,0.0,0.0,0.0,0.0,0.0,0.0,0.0,0.0,0.0,0.0,0.0,0.0,0.0,0.0,0.0,0.0]","[61.412376403808594,41.559165954589844,129.78146362304688,54.4852294921875]","[65.62666320800781,45.206993103027344,132.2861328125,59.36458969116211]","[136.66508852770605,-3.487433313874743,125.77701788938855,116.72787768960124]","[127.40157318115234,37.87593078613281,123.7337646484375,67.97227478027344]","[127.40157318115234,37.87593078613281,123.7337646484375,67.97227478027344]"
0,10,pre_capture,"[""support"",""support"",""capture"",""support""]","[1.0,0.0,0.0,0.996666669845581,0.0,0.0,0.0,0.0,1.0,1.0,0.0,0.0,1.0,0.0,0.0,0.0,1.0,0.0,0.0,0.0,0.0,0.0,0.0,0.0,0.0,0.0,1.0,0.0,0.0,0.0,0.0,0.0,0.0,0.0,0.0,0.0,0.0,0.0,0.0,0.0,0.0,0.0,0.0,0.0,0.0,0.0,0.0,0.0,0.0,0.0]","[6,2,8,7]","[0.49307388067245483,-0.5390680432319641,1.4890493154525757,0.04648023471236229]",False,"[false,false,false,false]","[false,false,false,false]",pre_capture,"[1.0,0.0,0.0,0.9963333606719971,0.0,0.0,0.0,0.0,1.0,1.0,0.0,0.0,1.0,0.0,0.0,0.0,1.0,0.0,0.0,0.0,0.0,0.0,0.0,0.0,0.0,0.0,1.0,0.0,0.0,0.0,0.0,0.0,0.0,0.0,0.0,0.0,0.0,0.0,0.0,0.0,0.0,0.0,0.0,0.0,0.0,0.0,0.0,0.0,0.0,0.0]","[65.62666320800781,45.206993103027344,132.2861328125,59.36458969116211]","[68.55084228515625,43.79882049560547,132.444580078125,61.49250030517578]","[137.51187588761832,-3.048991193221817,125.6498207327173,117.85061567690764]","[131.44573974609375,38.39140701293945,123.12802124023438,69.0887451171875]","[131.44573974609375,38.39140701293945,123.12802124023438,69.0887451171875]"
0,11,pre_capture,"[""support"",""support"",""capture"",""support""]","[1.0,0.0,0.0,0.9963333606719971,0.0,0.0,0.0,0.0,1.0,1.0,0.0,0.0,1.0,0.0,0.0,0.0,1.0,0.0,0.0,0.0,0.0,0.0,0.0,0.0,0.0,0.0,1.0,0.0,0.0,0.0,0.0,0.0,0.0,0.0,0.0,0.0,0.0,0.0,0.0,0.0,0.0,0.0,0.0,0.0,0.0,0.0,0.0,0.0,0.0,0.0]","[7,3,7,8]","[0.45560353994369507,-0.5346832871437073,1.5522481203079224,0.03831479698419571]",False,"[false,false,false,false]","[false,false,false,false]",pre_capture,"[1.0,0.0,0.0,0.9959999918937683,0.0,0.0,0.0,0.0,1.0,1.0,1.0,0.0,1.0,0.0,1.0,0.0,1.0,0.0,0.0,0.0,0.0,0.0,0.0,0.0,0.0,0.0,1.0,0.0,0.0,0.0,0.0,0.0,0.0,0.0,0.0,0.0,0.0,0.0,0.0,0.0,0.0,0.0,0.0,0.0,0.0,0.0,0.0,0.0,0.0,0.0]","[68.55084228515625,43.79882049560547,132.444580078125,61.49250030517578]","[139.51791381835938,40.27268981933594,132.916748046875,63.95551681518555]","[138.40283031004634,-2.5352759090806596,125.41492062349973,118.99407620423766]","[135.6293487548828,39.08818054199219,122.36360168457031,70.17372131347656]","[135.6293487548828,39.08818054199219,122.36360168457031,70.17372131347656]"
0,12,pre_capture,"[""capture"",""support"",""capture"",""support""]","[1.0,0.0,0.0,0.9959999918937683,0.0,0.0,0.0,0.0,1.0,1.0,1.0,0.0,1.0,0.0,1.0,0.0,1.0,0.0,0.0,0.0,0.0,0.0,0.0,0.0,0.0,0.0,1.0,0.0,0.0,0.0,0.0,0.0,0.0,0.0,0.0,0.0,0.0,0.0,0.0,0.0,0.0,0.0,0.0,0.0,0.0,0.0,0.0,0.0,0.0,0.0]","[6,2,8,6]","[1.5228432416915894,-0.47378915548324585,1.6003737449645996,0.07142747938632965]",False,"[false,false,false,false]","[false,false,false,false]",pre_capture,"[1.0,0.0,0.0,0.9956666827201843,0.0,0.0,0.0,0.0,1.0,1.0,1.0,0.0,1.0,0.0,1.0,0.0,1.0,0.0,0.0,0.0,0.0,0.0,0.0,0.0,0.0,0.0,1.0,0.0,0.0,0.0,0.0,0.0,0.0,0.0,0.0,0.0,0.0,0.0,0.0,0.0,0.0,0.0,0.0,0.0,0.0,0.0,0.0,0.0,0.0,0.0]","[139.51791381835938,40.27268981933594,132.916748046875,63.95551681518555]","[139.90725708007812,38.279518127441406,131.3734893798828,62.1836051940918]","[139.34063310111378,-2.0208006282191437,125.11381060928466,120.15733475480148]","[136.38235473632812,40.00995635986328,121.45877075195312,71.20638275146484]","[136.38235473632812,40.00995635986328,121.45877075195312,71.20638275146484]"
0,13,pre_capture,"[""capture"",""support"",""capture"",""support""]","[1.0,0.0,0.0,0.9956666827201843,0.0,0.0,0.0,0.0,1.0,1.0,1.0,0.0,1.0,0.0,1.0,0.0,1.0,0.0,0.0,0.0,0.0,0.0,0.0,0.0,0.0,0.0,1.0,0.0,0.0,0.0,0.0,0.0,0.0,0.0,0.0,0.0,0.0,0.0,0.0,0.0,0.0,0.0,0.0,0.0,0.0,0.0,0.0,0.0,0.0,0.0]","[6,6,8,6]","[1.7485241889953613,-0.4186096489429474,1.5330259799957275,0.0973997563123703]",False,"[false,false,false,false]","[false,false,false,false]",pre_capture,"[1.0,0.0,0.0,0.9953333139419556,0.0,0.0,0.0,0.0,1.0,1.0,1.0,0.0,1.0,0.0,1.0,0.0,1.0,0.0,0.0,0.0,0.0,0.0,0.0,0.0,0.0,0.0,1.0,0.0,0.0,0.0,0.0,0.0,0.0,0.0,0.0,0.0,0.0,0.0,0.0,0.0,0.0,0.0,0.0,0.0,0.0,0.0,0.0,0.0,0.0,0.0]","[139.90725708007812,38.279518127441406,131.3734893798828,62.1836051940918]","[136.9289093017578,34.34252166748047,126.99583435058594,58.81991958618164]","[139.2098887468911,-1.5626378512483816,124.76104733769702,121.29889623779309]","[136.02777099609375,41.03020477294922,120.5267562866211,72.36243438720703]","[136.02777099609375,41.03020477294922,120.5267562866211,72.36243438720703]"
0,14,pre_capture,"[""capture"",""support"",""capture"",""support""]","[1.0,0.0,0.0,0.9953333139419556,0.0,0.0,0.0,0.0,1.0,1.0,1.0,0.0,1.0,0.0,1.0,0.0,1.0,0.0,0.0,0.0,0.0,0.0,0.0,0.0,0.0,0.0,1.0,0.0,0.0,0.0,0.0,0.0,0.0,0.0,0.0,0.0,0.0,0.0,0.0,0.0,0.0,0.0,0.0,0.0,0.0,0.0,0.0,0.0,0.0,0.0]","[7,6,8,8]","[1.8580995798110962,-0.3330266773700714,1.3905236721038818,0.1215851679444313]",False,"[false,false,false,false]","[false,false,false,false]",pre_capture,"[1.0,0.0,0.0,0.9950000047683716,0.0,0.0,0.0,0.0,1.0,1.0,1.0,0.0,1.0,0.0,1.0,0.0,1.0,0.0,0.0,0.0,0.0,0.0,0.0,0.0,0.0,0.0,1.0,0.0,0.0,0.0,0.0,0.0,0.0,0.0,0.0,0.0,0.0,0.0,0.0,0.0,0.0,0.0,0.0,0.0,0.0,0.0,0.0,0.0,0.0,0.0]","[136.9289093017578,34.34252166748047,126.99583435058594,58.81991958618164]","[136.53866577148438,32.95588684082031,125.77317810058594,60.17387008666992]","[138.84986318979367,-1.155584042732762,124.47274884616293,122.4257540216977]","[135.56753540039062,42.2635383605957,119.83778381347656,73.74103546142578]","[135.56753540039062,42.2635383605957,119.83778381347656,73.74103546142578]"
0,15,pre_capture,"[""capture"",""support"",""capture"",""support""]","[1.0,0.0,0.0,0.9950000047683716,0.0,0.0,0.0,0.0,1.0,1.0,1.0,0.0,1.0,0.0,1.0,0.0,1.0,0.0,0.0,0.0,0.0,0.0,0.0,0.0,0.0,0.0,1.0,0.0,0.0,0.0,0.0,0.0,0.0,0.0,0.0,0.0,0.0,0.0,0.0,0.0,0.0,0.0,0.0,0.0,0.0,0.0,0.0,0.0,0.0,0.0]","[6,6,8,7]","[1.9145859479904175,-0.22646009922027588,1.1753216981887817,0.15930089354515076]",False,"[false,false,false,false]","[false,false,false,false]",pre_capture,"[1.0,0.0,0.0,0.9946666955947876,0.0,0.0,0.0,0.0,1.0,1.0,1.0,0.0,1.0,0.0,1.0,0.0,1.0,0.0,0.0,0.0,0.0,0.0,0.0,0.0,0.0,0.0,1.0,0.0,0.0,0.0,0.0,0.0,0.0,0.0,0.0,0.0,0.0,0.0,0.0,0.0,0.0,0.0,0.0,0.0,0.0,0.0,0.0,0.0,0.0,0.0]","[136.53866577148438,32.95588684082031,125.77317810058594,60.17387008666992]","[134.30718994140625,32.47906494140625,123.91170501708984,60.52166748046875]","[138.3755187979622,-0.8308660256188792,124.32547997379702,123.53956449874067]","[134.9822235107422,43.556884765625,119.32108306884766,75.10987854003906]","[134.9822235107422,43.556884765625,119.32108306884766,75.10987854003906]"
0,16,pre_capture,"[""capture"",""support"",""capture"",""support""]","[1.0,0.0,0.0,0.9946666955947876,0.0,0.0,0.0,0.0,1.0,1.0,1.0,0.0,1.0,0.0,1.0,0.0,1.0,0.0,0.0,0.0,0.0,0.0,0.0,0.0,0.0,0.0,1.0,0.0,0.0,0.0,0.0,0.0,0.0,0.0,0.0,0.0,0.0,0.0,0.0,0.0,0.0,0.0,0.0,0.0,0.0,0.0,0.0,0.0,0.0,0.0]","[7,6,7,7]","[1.9348042011260986,-0.12027103453874588,1.010363221168518,0.18025097250938416]",False,"[false,false,false,false]","[false,false,false,false]",pre_capture,"[1.0,0.0,0.0,0.9943333268165588,0.0,0.0,0.0,0.0,1.0,1.0,1.0,0.0,1.0,0.0,1.0,0.0,1.0,0.0,0.0,0.0,0.0,0.0,0.0,0.0,0.0,0.0,1.0,0.0,0.0,0.0,0.0,0.0,0.0,0.0,0.0,0.0,0.0,0.0,0.0,0.0,0.0,0.0,0.0,0.0,0.0,0.0,0.0,0.0,0.0,0.0]","[134.30718994140625,32.47906494140625,123.91170501708984,60.52166748046875]","[132.2127685546875,33.457218170166016,122.497314453125,61.4849967956543]","[137.8393261110826,-0.6105110367662661,124.39409926829114,124.6265288941369]","[134.41725158691406,44.84383773803711,119.0984878540039,76.50691986083984]","[134.41725158691406,44.84383773803711,119.0984878540039,76.50691986083984]"
0,17,pre_capture,"[""capture"",""support"",""capture"",""support""]","[1.0,0.0,0.0,0.9943333268165588,0.0,0.0,0.0,0.0,1.0,1.0,1.0,0.0,1.0,0.0,1.0,0.0,1.0,0.0,0.0,0.0,0.0,0.0,0.0,0.0,0.0,0.0,1.0,0.0,0.0,0.0,0.0,0.0,0.0,0.0,0.0,0.0,0.0,0.0,0.0,0.0,0.0,0.0,0.0,0.0,0.0,0.0,0.0,0.0,0.0,0.0]","[7,8,6,8]","[2.001169443130493,-0.08096159249544144,1.1734923124313354,0.17340877652168274]",False,"[false,false,false,false]","[false,false,false,false]",pre_capture,"[1.0,0.0,0.0,0.9940000176429749,0.0,0.0,0.0,0.0,1.0,1.0,1.0,0.0,1.0,0.0,1.0,0.0,1.0,0.0,0.0,0.0,0.0,0.0,0.0,0.0,0.0,0.0,1.0,0.0,0.0,0.0,0.0,0.0,0.0,0.0,0.0,0.0,0.0,0.0,0.0,0.0,0.0,0.0,0.0,0.0,0.0,0.0,0.0,0.0,0.0,0.0]","[132.2127685546875,33.457218170166016,122.497314453125,61.4849967956543]","[133.96597290039062,36.50164794921875,124.97208404541016,66.76687622070312]","[137.27729485854192,-0.49519192144193963,124.63003641123498,125.70331103194698]","[133.90528869628906,46.047821044921875,119.11165618896484,77.91935729980469]","[133.90528869628906,46.047821044921875,119.11165618896484,77.91935729980469]"
0,18,pre_capture,"[""capture"",""support"",""capture"",""support""]","[1.0,0.0,0.0,0.9940000176429749,0.0,0.0,0.0,0.0,1.0,1.0,1.0,0.0,1.0,0.0,1.0,0.0,1.0,0.0,0.0,0.0,0.0,0.0,0.0,0.0,0.0,0.0,1.0,0.0,0.0,0.0,0.0,0.0,0.0,0.0,0.0,0.0,0.0,0.0,0.0,0.0,0.0,0.0,0.0,0.0,0.0,0.0,0.0,0.0,0.0,0.0]","[7,6,7,6]","[2.0660464763641357,-0.058183975517749786,1.3771414756774902,0.1579264998435974]",False,"[false,false,false,false]","[false,false,false,false]",pre_capture,"[1.0,0.0,0.0,0.9936666488647461,0.0,0.0,0.0,0.0,1.0,1.0,1.0,0.0,1.0,0.0,1.0,0.0,1.0,0.0,0.0,0.0,0.0,0.0,0.0,0.0,0.0,0.0,1.0,0.0,0.0,0.0,0.0,0.0,0.0,0.0,0.0,0.0,0.0,0.0,0.0,0.0,0.0,0.0,0.0,0.0,0.0,0.0,0.0,0.0,0.0,0.0]","[133.96597290039062,36.50164794921875,124.97208404541016,66.76687622070312]","[130.74740600585938,37.79619216918945,119.77881622314453,64.26136779785156]","[136.642550924658,-0.4184144736833315,124.70357989778147,126.79788106608616]","[133.19808959960938,47.125946044921875,118.82195281982422,79.15044403076172]","[133.19808959960938,47.125946044921875,118.82195281982422,79.15044403076172]"
0,19,pre_capture,"[""capture"",""support"",""capture"",""support""]","[1.0,0.0,0.0,0.9936666488647461,0.0,0.0,0.0,0.0,1.0,1.0,1.0,0.0,1.0,0.0,1.0,0.0,1.0,0.0,0.0,0.0,0.0,0.0,0.0,0.0,0.0,0.0,1.0,0.0,0.0,0.0,0.0,0.0,0.0,0.0,0.0,0.0,0.0,0.0,0.0,0.0,0.0,0.0,0.0,0.0,0.0,0.0,0.0,0.0,0.0,0.0]","[8,7,6,8]","[2.1648521423339844,0.004546409472823143,1.5324358940124512,0.15425799787044525]",False,"[false,false,false,false]","[false,false,false,false]",pre_capture,"[1.0,0.0,0.0,0.9933333396911621,0.0,0.0,0.0,0.0,1.0,1.0,1.0,0.0,1.0,0.0,1.0,0.0,1.0,0.0,0.0,0.0,0.0,0.0,0.0,0.0,0.0,0.0,1.0,0.0,0.0,0.0,0.0,0.0,0.0,0.0,0.0,0.0,0.0,0.0,0.0,0.0,0.0,0.0,0.0,0.0,0.0,0.0,0.0,0.0,0.0,0.0]","[130.74740600585938,37.79619216918945,119.77881622314453,64.26136779785156]","[132.92129516601562,42.318016052246094,122.14142608642578,70.21873474121094]","[135.9358630790847,-0.3638691900662442,124.57216002232725,127.91914602650765]","[132.5465850830078,48.17992401123047,118.57070922851562,80.60774230957031]","[132.5465850830078,48.17992401123047,118.57070922851562,80.60774230957031]"
0,20,pre_capture,"[""capture"",""support"",""capture"",""support""]","[1.0,0.0,0.0,0.9933333396911621,0.0,0.0,0.0,0.0,1.0,1.0,1.0,0.0,1.0,0.0,1.0,0.0,1.0,0.0,0.0,0.0,0.0,0.0,0.0,0.0,0.0,0.0,1.0,0.0,0.0,0.0,0.0,0.0,0.0,0.0,0.0,0.0,0.0,0.0,0.0,0.0,0.0,0.0,0.0,0.0,0.0,0.0,0.0,0.0,0.0,0.0]","[6,8,6,7]","[2.2276415824890137,-0.012661424465477467,1.8157131671905518,0.13462252914905548]",False,"[false,false,false,false]","[false,false,false,false]",pre_capture,"[1.0,0.0,0.0,0.9929999709129333,0.0,0.0,0.0,0.0,1.0,1.0,1.0,0.0,1.0,0.0,1.0,0.0,1.0,0.0,0.0,0.0,0.0,0.0,0.0,0.0,0.0,0.0,1.0,0.0,0.0,0.0,0.0,0.0,0.0,0.0,0.0,0.0,0.0,0.0,0.0,0.0,0.0,0.0,0.0,0.0,0.0,0.0,0.0,0.0,0.0,0.0]","[132.92129516601562,42.318016052246094,122.14142608642578,70.21873474121094]","[132.25192260742188,45.16669464111328,122.97590637207031,71.87959289550781]","[135.12223326944516,-0.3721369692313811,124.2825496245604,129.0554424531689]","[131.6343536376953,48.995887756347656,118.01411437988281,81.84758758544922]","[131.6343536376953,48.995887756347656,118.01411437988281,81.84758758544922]"
0,21,pre_capture,"[""capture"",""support"",""capture"",""support""]","[1.0,0.0,0.0,0.9929999709129333,0.0,0.0,0.0,0.0,1.0,1.0,1.0,0.0,1.0,0.0,1.0,0.0,1.0,0.0,0.0,0.0,0.0,0.0,0.0,0.0,0.0,0.0,1.0,0.0,0.0,0.0,0.0,0.0,0.0,0.0,0.0,0.0,0.0,0.0,0.0,0.0,0.0,0.0,0.0,0.0,0.0,0.0,0.0,0.0,0.0,0.0]","[6,6,8,6]","[2.185194253921509,-0.01884240284562111,1.8339170217514038,0.1010516807436943]",False,"[false,false,false,false]","[false,false,false,false]",pre_capture,"[1.0,0.0,0.0,0.9926666617393494,0.0,0.0,0.0,0.0,1.0,1.0,1.0,0.0,1.0,0.0,1.0,0.0,1.0,0.0,0.0,0.0,0.0,0.0,0.0,0.0,0.0,0.0,1.0,0.0,0.0,0.0,0.0,0.0,0.0,0.0,0.0,0.0,0.0,0.0,0.0,0.0,0.0,0.0,0.0,0.0,0.0,0.0,0.0,0.0,0.0,0.0]","[132.25192260742188,45.16669464111328,122.97590637207031,71.87959289550781]","[128.72274780273438,47.63633346557617,118.99960327148438,69.72615051269531]","[134.2369612999557,-0.3631066108746502,123.7038752094645,130.22305042830286]","[130.63290405273438,49.73184585571289,117.07718658447266,83.09933471679688]","[130.63290405273438,49.73184585571289,117.07718658447266,83.09933471679688]"
0,22,pre_capture,"[""capture"",""support"",""capture"",""support""]","[1.0,0.0,0.0,0.9926666617393494,0.0,0.0,0.0,0.0,1.0,1.0,1.0,0.0,1.0,0.0,1.0,0.0,1.0,0.0,0.0,0.0,0.0,0.0,0.0,0.0,0.0,0.0,1.0,0.0,0.0,0.0,0.0,0.0,0.0,0.0,0.0,0.0,0.0,0.0,0.0,0.0,0.0,0.0,0.0,0.0,0.0,0.0,0.0,0.0,0.0,0.0]","[7,8,6,7]","[2.14298415184021,0.006071386393159628,1.6904217004776,0.08800610154867172]",False,"[false,false,false,false]","[false,false,false,false]",pre_capture,"[1.0,0.0,0.0,0.9923333525657654,0.0,0.0,0.0,0.0,1.0,1.0,1.0,0.0,1.0,0.0,1.0,0.0,1.0,0.0,0.0,0.0,0.0,0.0,0.0,0.0,0.0,0.0,1.0,0.0,0.0,0.0,0.0,0.0,0.0,0.0,0.0,0.0,0.0,0.0,0.0,0.0,0.0,0.0,0.0,0.0,0.0,0.0,0.0,0.0,0.0,0.0]","[128.72274780273438,47.63633346557617,118.99960327148438,69.72615051269531]","[129.22662353515625,50.59307098388672,121.01277923583984,71.52423095703125]","[133.38562327882244,-0.34774162427174654,123.10096786637686,131.43636237127188]","[129.79898071289062,50.39094924926758,116.27091217041016,84.57929992675781]","[129.79898071289062,50.39094924926758,116.27091217041016,84.57929992675781]"
0,23,pre_capture,"[""capture"",""support"",""capture"",""support""]","[1.0,0.0,0.0,0.9923333525657654,0.0,0.0,0.0,0.0,1.0,1.0,1.0,0.0,1.0,0.0,1.0,0.0,1.0,0.0,0.0,0.0,0.0,0.0,0.0,0.0,0.0,0.0,1.0,0.0,0.0,0.0,0.0,0.0,0.0,0.0,0.0,0.0,0.0,0.0,0.0,0.0,0.0,0.0,0.0,0.0,0.0,0.0,0.0,0.0,0.0,0.0]","[7,6,6,8]","[2.190337896347046,0.016048667952418327,2.030735731124878,0.09510773420333862]",False,"[false,false,false,false]","[false,false,false,false]",pre_capture,"[1.0,0.0,0.0,0.9919999837875366,0.0,0.0,0.0,0.0,1.0,1.0,1.0,0.0,1.0,0.0,1.0,0.0,1.0,0.0,0.0,0.0,0.0,0.0,0.0,0.0,0.0,0.0,1.0,0.0,0.0,0.0,0.0,0.0,0.0,0.0,0.0,0.0,0.0,0.0,0.0,0.0,0.0,0.0,0.0,0.0,0.0,0.0,0.0,0.0,0.0,0.0]","[129.22662353515625,50.59307098388672,121.01277923583984,71.52423095703125]","[128.3936309814453,54.43772888183594,121.66427612304688,75.20051574707031]","[132.5683223504871,-0.3573868794595012,122.63691531909016,132.67510734315476]","[128.93064880371094,50.909645080566406,115.46023559570312,86.0721435546875]","[128.93064880371094,50.909645080566406,115.46023559570312,86.0721435546875]"
0,24,pre_capture,"[""capture"",""support"",""capture"",""support""]","[1.0,0.0,0.0,0.9919999837875366,0.0,0.0,0.0,0.0,1.0,1.0,1.0,0.0,1.0,0.0,1.0,0.0,1.0,0.0,0.0,0.0,0.0,0.0,0.0,0.0,0.0,0.0,1.0,0.0,0.0,0.0,0.0,0.0,0.0,0.0,0.0,0.0,0.0,0.0,0.0,0.0,0.0,0.0,0.0,0.0,0.0,0.0,0.0,0.0,0.0,0.0]","[7,8,7,7]","[2.2456552982330322,0.02692432515323162,2.133763313293457,0.07567839324474335]",False,"[false,false,false,false]","[false,false,false,false]",pre_capture,"[1.0,0.0,0.0,0.9916666746139526,0.0,0.0,0.0,0.0,1.0,1.0,1.0,0.0,1.0,0.0,1.0,0.0,1.0,0.0,0.0,0.0,0.0,0.0,0.0,0.0,0.0,0.0,1.0,0.0,0.0,0.0,0.0,0.0,0.0,0.0,0.0,0.0,0.0,0.0,0.0,0.0,0.0,0.0,0.0,0.0,0.0,0.0,0.0,0.0,0.0,0.0]","[128.3936309814453,54.43772888183594,121.66427612304688,75.20051574707031]","[129.6461181640625,57.47279739379883,122.98890686035156,77.16023254394531]","[131.69493379206068,-0.37720762364840354,121.82442382622756,133.91919152419337]","[128.00086975097656,51.24819564819336,114.2021484375,87.45838165283203]","[128.00086975097656,51.24819564819336,114.2021484375,87.45838165283203]"
0,25,pre_capture,"[""capture"",""support"",""capture"",""support""]","[1.0,0.0,0.0,0.9916666746139526,0.0,0.0,0.0,0.0,1.0,1.0,1.0,0.0,1.0,0.0,1.0,0.0,1.0,0.0,0.0,0.0,0.0,0.0,0.0,0.0,0.0,0.0,1.0,0.0,0.0,0.0,0.0,0.0,0.0,0.0,0.0,0.0,0.0,0.0,0.0,0.0,0.0,0.0,0.0,0.0,0.0,0.0,0.0,0.0,0.0,0.0]","[7,6,7,7]","[2.2947633266448975,0.016807451844215393,2.2099218368530273,0.05236123502254486]",False,"[false,false,false,false]","[false,false,false,false]",pre_capture,"[1.0,0.0,0.0,0.9913333058357239,0.0,0.0,0.0,0.0,1.0,1.0,1.0,0.0,1.0,0.0,1.0,0.0,1.0,0.0,0.0,0.0,0.0,0.0,0.0,0.0,0.0,0.0,1.0,0.0,0.0,0.0,0.0,0.0,0.0,0.0,0.0,0.0,0.0,0.0,0.0,0.0,0.0,0.0,0.0,0.0,0.0,0.0,0.0,0.0,0.0,0.0]","[129.6461181640625,57.47279739379883,122.98890686035156,77.16023254394531]","[127.38223266601562,60.071475982666016,121.64019775390625,77.83715057373047]","[130.75684696346227,-0.4082140896986214,120.89965708377183,135.195467809039]","[126.8875503540039,51.436859130859375,112.6852035522461,88.84983825683594]","[126.8875503540039,51.436859130859375,112.6852035522461,88.84983825683594]"
0,26,pre_capture,"[""capture"",""support"",""capture"",""support""]","[1.0,0.0,0.0,0.9913333058357239,0.0,0.0,0.0,0.0,1.0,1.0,1.0,0.0,1.0,0.0,1.0,0.0,1.0,0.0,0.0,0.0,0.0,0.0,0.0,0.0,0.0,0.0,1.0,0.0,0.0,0.0,0.0,0.0,0.0,0.0,0.0,0.0,0.0,0.0,0.0,0.0,0.0,0.0,0.0,0.0,0.0,0.0,0.0,0.0,0.0,0.0]","[7,8,7,6]","[2.354417324066162,0.03874734416604042,2.2341501712799072,0.05516315996646881]",False,"[false,false,false,false]","[false,false,false,false]",pre_capture,"[1.0,0.0,0.0,0.9909999966621399,0.0,0.0,0.0,0.0,1.0,1.0,1.0,0.0,1.0,0.0,1.0,0.0,1.0,0.0,0.0,0.0,0.0,0.0,0.0,0.0,0.0,0.0,1.0,0.0,0.0,0.0,0.0,0.0,0.0,0.0,0.0,0.0,0.0,0.0,0.0,0.0,0.0,0.0,0.0,0.0,0.0,0.0,0.0,0.0,0.0,0.0]","[127.38223266601562,60.071475982666016,121.64019775390625,77.83715057373047]","[127.7285385131836,62.1279296875,122.00992584228516,76.59114074707031]","[129.75968044122968,-0.42931468842710785,119.88862146153414,136.5081884586025]","[125.77071380615234,51.511444091796875,111.06229400634766,90.31848907470703]","[125.77071380615234,51.511444091796875,111.06229400634766,90.31848907470703]"
0,27,pre_capture,"[""capture"",""support"",""capture"",""support""]","[1.0,0.0,0.0,0.9909999966621399,0.0,0.0,0.0,0.0,1.0,1.0,1.0,0.0,1.0,0.0,1.0,0.0,1.0,0.0,0.0,0.0,0.0,0.0,0.0,0.0,0.0,0.0,1.0,0.0,0.0,0.0,0.0,0.0,0.0,0.0,0.0,0.0,0.0,0.0,0.0,0.0,0.0,0.0,0.0,0.0,0.0,0.0,0.0,0.0,0.0,0.0]","[7,6,7,8]","[2.3922207355499268,0.026357799768447876,2.280951976776123,0.03656981885433197]",False,"[false,false,false,false]","[false,false,false,false]",pre_capture,"[1.0,0.0,0.0,0.9906666874885559,0.0,0.0,0.0,0.0,1.0,1.0,1.0,0.0,1.0,0.0,1.0,0.0,1.0,0.0,0.0,0.0,0.0,0.0,0.0,0.0,0.0,0.0,1.0,0.0,0.0,0.0,0.0,0.0,0.0,0.0,0.0,0.0,0.0,0.0,0.0,0.0,0.0,0.0,0.0,0.0,0.0,0.0,0.0,0.0,0.0,0.0]","[127.7285385131836,62.1279296875,122.00992584228516,76.59114074707031]","[127.47134399414062,65.11668395996094,121.9592514038086,80.22531127929688]","[128.69218496683183,-0.472789931912271,118.8429002931861,137.83133868549092]","[124.5015640258789,51.45918655395508,109.29149627685547,91.9426498413086]","[124.5015640258789,51.45918655395508,109.29149627685547,91.9426498413086]"
0,28,pre_capture,"[""capture"",""support"",""capture"",""support""]","[1.0,0.0,0.0,0.9906666874885559,0.0,0.0,0.0,0.0,1.0,1.0,1.0,0.0,1.0,0.0,1.0,0.0,1.0,0.0,0.0,0.0,0.0,0.0,0.0,0.0,0.0,0.0,1.0,0.0,0.0,0.0,0.0,0.0,0.0,0.0,0.0,0.0,0.0,0.0,0.0,0.0,0.0,0.0,0.0,0.0,0.0,0.0,0.0,0.0,0.0,0.0]","[7,8,7,7]","[2.4554595947265625,0.01967191882431507,2.406662940979004,0.011541993357241154]",False,"[false,false,false,false]","[false,false,false,false]",pre_capture,"[1.0,0.0,0.0,0.9903333187103271,0.0,0.0,0.0,0.0,1.0,1.0,1.0,0.0,1.0,0.0,1.0,0.0,1.0,0.0,0.0,0.0,0.0,0.0,0.0,0.0,0.0,0.0,1.0,0.0,0.0,0.0,0.0,0.0,0.0,0.0,0.0,0.0,0.0,0.0,0.0,0.0,0.0,0.0,0.0,0.0,0.0,0.0,0.0,0.0,0.0,0.0]","[127.47134399414062,65.11668395996094,121.9592514038086,80.22531127929688]","[129.37437438964844,69.44898986816406,124.04043579101562,83.57550048828125]","[127.5757214457393,-0.5041896279603221,117.73934173374745,139.18663521882485]","[123.12548065185547,51.259490966796875,107.361572265625,93.49806213378906]","[123.12548065185547,51.259490966796875,107.361572265625,93.49806213378906]"
0,29,pre_capture,"[""capture"",""support"",""capture"",""support""]","[1.0,0.0,0.0,0.9903333187103271,0.0,0.0,0.0,0.0,1.0,1.0,1.0,0.0,1.0,0.0,1.0,0.0,1.0,0.0,0.0,0.0,0.0,0.0,0.0,0.0,0.0,0.0,1.0,0.0,0.0,0.0,0.0,0.0,0.0,0.0,0.0,0.0,0.0,0.0,0.0,0.0,0.0,0.0,0.0,0.0,0.0,0.0,0.0,0.0,0.0,0.0]","[7,6,6,7]","[2.517634630203247,0.016612043604254723,2.5302786827087402,0.018866464495658875]",False,"[false,false,false,false]","[false,false,false,false]",pre_capture,"[1.0,0.0,0.0,0.9900000095367432,0.0,0.0,0.0,0.0,1.0,1.0,1.0,0.0,1.0,0.0,1.0,0.0,1.0,0.0,0.0,0.0,0.0,0.0,0.0,0.0,0.0,0.0,1.0,0.0,0.0,0.0,0.0,0.0,0.0,0.0,0.0,0.0,0.0,0.0,0.0,0.0,0.0,0.0,0.0,0.0,0.0,0.0,0.0,0.0,0.0,0.0]","[129.37437438964844,69.44898986816406,124.04043579101562,83.57550048828125]","[127.23226165771484,70.48234558105469,123.7420883178711,83.45550537109375]","[126.38410287981085,-0.5291530775602395,116.49765534623076,140.58090224794708]","[121.49494171142578,50.826263427734375,105.06635284423828,95.00215911865234]","[121.49494171142578,50.826263427734375,105.06635284423828,95.00215911865234]"
0,30,pre_capture,"[""capture"",""support"",""capture"",""support""]","[1.0,0.0,0.0,0.9900000095367432,0.0,0.0,0.0,0.0,1.0,1.0,1.0,0.0,1.0,0.0,1.0,0.0,1.0,0.0,0.0,0.0,0.0,0.0,0.0,0.0,0.0,0.0,1.0,0.0,0.0,0.0,0.0,0.0,0.0,0.0,0.0,0.0,0.0,0.0,0.0,0.0,0.0,0.0,0.0,0.0,0.0,0.0,0.0,0.0,0.0,0.0]","[3,6,7,7]","[2.4116177558898926,0.11984740942716599,2.605924367904663,0.014383004046976566]",False,"[false,false,false,false]","[false,false,false,false]",pre_capture,"[1.0,0.0,0.0,0.9896666407585144,0.0,0.0,0.0,0.0,1.0,1.0,1.0,0.0,1.0,0.0,1.0,0.0,1.0,0.0,0.0,0.0,0.0,0.0,0.0,0.0,0.0,0.0,1.0,0.0,0.0,0.0,0.0,0.0,0.0,0.0,0.0,0.0,0.0,0.0,0.0,0.0,0.0,0.0,0.0,0.0,0.0,0.0,0.0,0.0,0.0,0.0]","[127.23226165771484,70.48234558105469,123.7420883178711,83.45550537109375]","[124.3406753540039,70.4531478881836,121.0448989868164,82.75418090820312]","[125.11764469657334,-0.5512779001661559,115.11856228638588,141.9818543267186]","[119.8078842163086,50.314491271972656,102.51019287109375,96.59994506835938]","[119.8078842163086,50.314491271972656,102.51019287109375,96.59994506835938]"
0,31,pre_capture,"[""capture"",""support"",""capture"",""support""]","[1.0,0.0,0.0,0.9896666407585144,0.0,0.0,0.0,0.0,1.0,1.0,1.0,0.0,1.0,0.0,1.0,0.0,1.0,0.0,0.0,0.0,0.0,0.0,0.0,0.0,0.0,0.0,1.0,0.0,0.0,0.0,0.0,0.0,0.0,0.0,0.0,0.0,0.0,0.0,0.0,0.0,0.0,0.0,0.0,0.0,0.0,0.0,0.0,0.0,0.0,0.0]","[3,8,3,6]","[2.068981170654297,0.11950678378343582,-7.5122880935668945,0.003477740101516247]",False,"[false,false,false,false]","[false,false,false,false]",pre_capture,"[1.0,0.0,0.0,0.9893333315849304,0.0,0.0,0.0,0.0,1.0,1.0,1.0,0.0,1.0,0.0,1.0,0.0,1.0,0.0,0.0,0.0,0.0,0.0,0.0,0.0,0.0,0.0,1.0,0.0,0.0,0.0,0.0,0.0,0.0,0.0,0.0,0.0,0.0,0.0,0.0,0.0,0.0,0.0,0.0,0.0,0.0,0.0,0.0,0.0,0.0,0.0]","[124.3406753540039,70.4531478881836,121.0448989868164,82.75418090820312]","[122.5276870727539,71.33000183105469,121.95401763916016,80.93896484375]","[123.94548175826611,-0.6779043531245675,113.64912921058709,143.40148618451678]","[118.27899932861328,49.66210174560547,99.85384368896484,98.34048461914062]","[118.27899932861328,49.66210174560547,99.85384368896484,98.34048461914062]"
0,32,pre_capture,"[""capture"",""support"",""capture"",""support""]","[1.0,0.0,0.0,0.9893333315849304,0.0,0.0,0.0,0.0,1.0,1.0,1.0,0.0,1.0,0.0,1.0,0.0,1.0,0.0,0.0,0.0,0.0,0.0,0.0,0.0,0.0,0.0,1.0,0.0,0.0,0.0,0.0,0.0,0.0,0.0,0.0,0.0,0.0,0.0,0.0,0.0,0.0,0.0,0.0,0.0,0.0,0.0,0.0,0.0,0.0,0.0]","[0,8,2,7]","[1.5016213655471802,0.02289038896560669,-7.819223403930664,0.020187854766845703]",False,"[false,false,false,false]","[false,false,false,false]",pre_capture,"[1.0,0.0,0.0,0.9890000224113464,0.0,0.0,0.0,0.0,1.0,1.0,1.0,0.0,1.0,0.0,1.0,0.0,1.0,0.0,0.0,0.0,0.0,0.0,0.0,0.0,0.0,0.0,1.0,0.0,0.0,0.0,0.0,0.0,0.0,0.0,0.0,0.0,0.0,0.0,0.0,0.0,0.0,0.0,0.0,0.0,0.0,0.0,0.0,0.0,0.0,0.0]","[122.5276870727539,71.33000183105469,121.95401763916016,80.93896484375]","[123.7914810180664,75.00253295898438,122.31940460205078,83.37676239013672]","[123.10757635112304,-0.8054657948565691,122.38527000419595,144.84647317617703]","[117.11312103271484,48.92266082763672,107.73993682861328,100.29827117919922]","[117.11312103271484,48.92266082763672,107.73993682861328,100.29827117919922]"
0,33,pre_capture,"[""capture"",""support"",""capture"",""support""]","[1.0,0.0,0.0,0.9890000224113464,0.0,0.0,0.0,0.0,1.0,1.0,1.0,0.0,1.0,0.0,1.0,0.0,1.0,0.0,0.0,0.0,0.0,0.0,0.0,0.0,0.0,0.0,1.0,0.0,0.0,0.0,0.0,0.0,0.0,0.0,0.0,0.0,0.0,0.0,0.0,0.0,0.0,0.0,0.0,0.0,0.0,0.0,0.0,0.0,0.0,0.0]","[0,6,3,7]","[0.3813551366329193,0.025446278974413872,1.7141121625900269,0.04610246792435646]",False,"[false,false,false,false]","[false,false,false,false]",pre_capture,"[1.0,0.0,0.0,0.9886666536331177,0.0,0.0,0.0,0.0,1.0,1.0,1.0,0.0,1.0,0.0,1.0,0.0,1.0,0.0,0.0,0.0,0.0,0.0,0.0,0.0,0.0,0.0,1.0,0.0,0.0,0.0,0.0,0.0,0.0,0.0,0.0,0.0,0.0,0.0,0.0,0.0,0.0,0.0,0.0,0.0,0.0,0.0,0.0,0.0,0.0,0.0]","[123.7914810180664,75.00253295898438,122.31940460205078,83.37676239013672]","[121.42436981201172,73.7551498413086,121.87284851074219,82.05477905273438]","[122.83429796522815,-0.8367234180021977,131.519690311239,146.28917709233352]","[116.41022491455078,48.045875549316406,116.43205261230469,102.23384094238281]","[116.41022491455078,48.045875549316406,116.43205261230469,102.23384094238281]"
0,34,pre_capture,"[""capture"",""support"",""capture"",""support""]","[1.0,0.0,0.0,0.9886666536331177,0.0,0.0,0.0,0.0,1.0,1.0,1.0,0.0,1.0,0.0,1.0,0.0,1.0,0.0,0.0,0.0,0.0,0.0,0.0,0.0,0.0,0.0,1.0,0.0,0.0,0.0,0.0,0.0,0.0,0.0,0.0,0.0,0.0,0.0,0.0,0.0,0.0,0.0,0.0,0.0,0.0,0.0,0.0,0.0,0.0,0.0]","[3,6,6,8]","[-1.5140875577926636,0.1405724138021469,-0.3187743127346039,0.02494044415652752]",False,"[false,false,false,false]","[false,false,false,false]",pre_capture,"[1.0,0.0,0.0,0.9883333444595337,0.0,0.0,0.0,0.0,1.0,1.0,1.0,0.0,1.0,0.0,1.0,0.0,1.0,0.0,0.0,0.0,0.0,0.0,0.0,0.0,0.0,0.0,1.0,0.0,0.0,0.0,0.0,0.0,0.0,0.0,0.0,0.0,0.0,0.0,0.0,0.0,0.0,0.0,0.0,0.0,0.0,0.0,0.0,0.0,0.0,0.0]","[121.42436981201172,73.7551498413086,121.87284851074219,82.05477905273438]","[119.48948669433594,72.55802917480469,121.4680404663086,83.06403350830078]","[123.68984124100528,-0.8708784817945572,131.11674560469595,147.72027739839308]","[116.97859191894531,47.17655563354492,115.56111907958984,104.33389282226562]","[116.97859191894531,47.17655563354492,115.56111907958984,104.33389282226562]"
0,35,pre_capture,"[""capture"",""support"",""capture"",""support""]","[1.0,0.0,0.0,0.9883333444595337,0.0,0.0,0.0,0.0,1.0,1.0,1.0,0.0,1.0,0.0,1.0,0.0,1.0,0.0,0.0,0.0,0.0,0.0,0.0,0.0,0.0,0.0,1.0,0.0,0.0,0.0,0.0,0.0,0.0,0.0,0.0,0.0,0.0,0.0,0.0,0.0,0.0,0.0,0.0,0.0,0.0,0.0,0.0,0.0,0.0,0.0]","[3,8,6,6]","[-1.336564540863037,0.14228437840938568,-0.9411094784736633,0.01966911368072033]",False,"[false,false,false,false]","[false,false,false,false]",pre_capture,"[1.0,0.0,0.0,0.9879999756813049,0.0,0.0,0.0,0.0,1.0,1.0,1.0,0.0,1.0,0.0,1.0,0.0,1.0,0.0,0.0,0.0,0.0,0.0,0.0,0.0,0.0,0.0,1.0,0.0,0.0,0.0,0.0,0.0,0.0,0.0,0.0,0.0,0.0,0.0,0.0,0.0,0.0,0.0,0.0,0.0,0.0,0.0,0.0,0.0,0.0,0.0]","[119.48948669433594,72.55802917480469,121.4680404663086,83.06403350830078]","[118.45507049560547,72.51188659667969,121.51431274414062,80.35753631591797]","[126.46861494828076,-1.021667571309802,132.76315143174804,149.18720904468339]","[119.7000961303711,46.192832946777344,116.81787872314453,106.53618621826172]","[119.7000961303711,46.192832946777344,116.81787872314453,106.53618621826172]"
0,36,pre_capture,"[""capture"",""support"",""capture"",""support""]","[1.0,0.0,0.0,0.9879999756813049,0.0,0.0,0.0,0.0,1.0,1.0,1.0,0.0,1.0,0.0,1.0,0.0,1.0,0.0,0.0,0.0,0.0,0.0,0.0,0.0,0.0,0.0,1.0,0.0,0.0,0.0,0.0,0.0,0.0,0.0,0.0,0.0,0.0,0.0,0.0,0.0,0.0,0.0,0.0,0.0,0.0,0.0,0.0,0.0,0.0,0.0]","[3,6,2,7]","[-0.9852838516235352,0.15025176107883453,-1.3756097555160522,0.03315672650933266]",False,"[false,false,false,false]","[false,false,false,false]",pre_capture,"[1.0,0.0,0.0,0.987666666507721,0.0,0.0,0.0,0.0,1.0,1.0,1.0,0.0,1.0,0.0,1.0,0.0,1.0,0.0,0.0,0.0,0.0,0.0,0.0,0.0,0.0,0.0,1.0,0.0,0.0,0.0,0.0,0.0,0.0,0.0,0.0,0.0,0.0,0.0,0.0,0.0,0.0,0.0,0.0,0.0,0.0,0.0,0.0,0.0,0.0,0.0]","[118.45507049560547,72.51188659667969,121.51431274414062,80.35753631591797]","[117.88484191894531,74.26603698730469,120.4422836303711,81.83504486083984]","[129.09614089812504,-1.1757090401203916,135.05480900022394,150.67428275858856]","[122.45947265625,45.147491455078125,118.81343078613281,109.0258560180664]","[122.45947265625,45.147491455078125,118.81343078613281,109.0258560180664]"
0,37,pre_capture,"[""capture"",""support"",""capture"",""support""]","[1.0,0.0,0.0,0.987666666507721,0.0,0.0,0.0,0.0,1.0,1.0,1.0,0.0,1.0,0.0,1.0,0.0,1.0,0.0,0.0,0.0,0.0,0.0,0.0,0.0,0.0,0.0,1.0,0.0,0.0,0.0,0.0,0.0,0.0,0.0,0.0,0.0,0.0,0.0,0.0,0.0,0.0,0.0,0.0,0.0,0.0,0.0,0.0,0.0,0.0,0.0]","[6,8,3,7]","[-0.4141104817390442,0.1606878787279129,-1.6155000925064087,0.03458653762936592]",False,"[false,false,false,false]","[false,false,false,false]",pre_capture,"[1.0,0.0,0.0,0.987333357334137,0.0,0.0,0.0,0.0,1.0,1.0,1.0,0.0,1.0,0.0,1.0,0.0,1.0,0.0,0.0,0.0,0.0,0.0,0.0,0.0,0.0,0.0,1.0,0.0,0.0,0.0,0.0,0.0,0.0,0.0,0.0,0.0,0.0,0.0,0.0,0.0,0.0,0.0,0.0,0.0,0.0,0.0,0.0,0.0,0.0,0.0]","[117.88484191894531,74.26603698730469,120.4422836303711,81.83504486083984]","[117.65870666503906,75.32638549804688,122.58409118652344,82.62796783447266]","[131.39537853509958,-1.339354344645683,137.80850379367675,152.1627535677568]","[125.04991912841797,43.93521499633789,121.4536361694336,111.5809326171875]","[125.04991912841797,43.93521499633789,121.4536361694336,111.5809326171875]"
0,38,pre_capture,"[""capture"",""support"",""capture"",""support""]","[1.0,0.0,0.0,0.987333357334137,0.0,0.0,0.0,0.0,1.0,1.0,1.0,0.0,1.0,0.0,1.0,0.0,1.0,0.0,0.0,0.0,0.0,0.0,0.0,0.0,0.0,0.0,1.0,0.0,0.0,0.0,0.0,0.0,0.0,0.0,0.0,0.0,0.0,0.0,0.0,0.0,0.0,0.0,0.0,0.0,0.0,0.0,0.0,0.0,0.0,0.0]","[3,6,6,8]","[-0.1404924839735031,0.13426893949508667,-1.3283960819244385,0.0258377343416214]",False,"[false,false,false,false]","[false,false,false,false]",pre_capture,"[1.0,0.0,0.0,0.9869999885559082,0.0,0.0,0.0,0.0,1.0,1.0,1.0,0.0,1.0,0.0,1.0,0.0,1.0,0.0,0.0,0.0,0.0,0.0,0.0,0.0,0.0,0.0,1.0,0.0,0.0,0.0,0.0,0.0,0.0,0.0,0.0,0.0,0.0,0.0,0.0,0.0,0.0,0.0,0.0,0.0,0.0,0.0,0.0,0.0,0.0,0.0]","[117.65870666503906,75.32638549804688,122.58409118652344,82.62796783447266]","[117.67399597167969,75.81996154785156,122.99627685546875,84.8887710571289]","[133.1408979968067,-1.5151941650238343,140.83232715776077,153.6648151819469]","[127.20884704589844,42.579341888427734,124.40321350097656,114.25439453125]","[127.20884704589844,42.579341888427734,124.40321350097656,114.25439453125]"
0,39,pre_capture,"[""capture"",""support"",""capture"",""support""]","[1.0,0.0,0.0,0.9869999885559082,0.0,0.0,0.0,0.0,1.0,1.0,1.0,0.0,1.0,0.0,1.0,0.0,1.0,0.0,0.0,0.0,0.0,0.0,0.0,0.0,0.0,0.0,1.0,0.0,0.0,0.0,0.0,0.0,0.0,0.0,0.0,0.0,0.0,0.0,0.0,0.0,0.0,0.0,0.0,0.0,0.0,0.0,0.0,0.0,0.0,0.0]","[3,8,3,7]","[0.15548141300678253,0.16797444224357605,-1.1908670663833618,0.03071041963994503]",False,"[false,false,false,false]","[false,false,false,false]",pre_capture,"[1.0,0.0,0.0,0.9866666793823242,0.0,0.0,0.0,0.0,1.0,1.0,1.0,0.0,1.0,0.0,1.0,0.0,1.0,0.0,0.0,0.0,0.0,0.0,0.0,0.0,0.0,0.0,1.0,0.0,0.0,0.0,0.0,0.0,0.0,0.0,0.0,0.0,0.0,0.0,0.0,0.0,0.0,0.0,0.0,0.0,0.0,0.0,0.0,0.0,0.0,0.0]","[117.67399597167969,75.81996154785156,122.99627685546875,84.8887710571289]","[118.59788513183594,78.20140075683594,125.05944061279297,87.00518798828125]","[134.62766715230325,-1.66612434799891,143.59669014109616,155.1908863107124]","[129.21263122558594,41.13980484008789,127.21244049072266,116.9873046875]","[129.21263122558594,41.13980484008789,127.21244049072266,116.9873046875]"
0,40,pre_capture,"[""capture"",""support"",""capture"",""support""]","[1.0,0.0,0.0,0.9866666793823242,0.0,0.0,0.0,0.0,1.0,1.0,1.0,0.0,1.0,0.0,1.0,0.0,1.0,0.0,0.0,0.0,0.0,0.0,0.0,0.0,0.0,0.0,1.0,0.0,0.0,0.0,0.0,0.0,0.0,0.0,0.0,0.0,0.0,0.0,0.0,0.0,0.0,0.0,0.0,0.0,0.0,0.0,0.0,0.0,0.0,0.0]","[6,6,2,6]","[0.5521625876426697,0.17525449395179749,-0.7069324254989624,0.06475964188575745]",False,"[false,false,false,false]","[false,false,false,false]",pre_capture,"[1.0,0.0,0.0,0.9863333106040955,0.0,0.0,0.0,0.0,1.0,1.0,1.0,0.0,1.0,0.0,1.0,0.0,1.0,0.0,0.0,0.0,0.0,0.0,0.0,0.0,0.0,0.0,1.0,0.0,0.0,0.0,0.0,0.0,0.0,0.0,0.0,0.0,0.0,0.0,0.0,0.0,0.0,0.0,0.0,0.0,0.0,0.0,0.0,0.0,0.0,0.0]","[118.59788513183594,78.20140075683594,125.05944061279297,87.00518798828125]","[116.23106384277344,76.70632934570312,122.45294952392578,82.2381591796875]","[135.830490645754,-1.852625040648976,146.25005778533284,156.72745039502266]","[130.9798583984375,39.44801712036133,129.94456481933594,119.77653503417969]","[130.9798583984375,39.44801712036133,129.94456481933594,119.77653503417969]"
0,41,pre_capture,"[""capture"",""support"",""capture"",""support""]","[1.0,0.0,0.0,0.9863333106040955,0.0,0.0,0.0,0.0,1.0,1.0,1.0,0.0,1.0,0.0,1.0,0.0,1.0,0.0,0.0,0.0,0.0,0.0,0.0,0.0,0.0,0.0,1.0,0.0,0.0,0.0,0.0,0.0,0.0,0.0,0.0,0.0,0.0,0.0,0.0,0.0,0.0,0.0,0.0,0.0,0.0,0.0,0.0,0.0,0.0,0.0]","[6,6,3,7]","[0.90652996301651,0.32212838530540466,-0.5355144143104553,0.108889639377594]",False,"[false,false,false,false]","[false,false,false,false]",pre_capture,"[1.0,0.0,0.0,0.9860000014305115,0.0,0.0,0.0,0.0,1.0,1.0,1.0,0.0,1.0,0.0,1.0,0.0,1.0,0.0,0.0,0.0,0.0,0.0,0.0,0.0,0.0,0.0,1.0,0.0,0.0,0.0,0.0,0.0,0.0,0.0,0.0,0.0,0.0,0.0,0.0,0.0,0.0,0.0,0.0,0.0,0.0,0.0,0.0,0.0,0.0,0.0]","[116.23106384277344,76.70632934570312,122.45294952392578,82.2381591796875]","[114.8692855834961,74.83751678466797,122.45233917236328,80.67434692382812]","[136.64477581627406,-2.0483631662634076,148.44140425336545,158.24514217488576]","[132.56167602539062,37.72014617919922,132.47216796875,122.95692443847656]","[132.56167602539062,37.72014617919922,132.47216796875,122.95692443847656]"
0,42,pre_capture,"[""capture"",""support"",""capture"",""support""]","[1.0,0.0,0.0,0.9860000014305115,0.0,0.0,0.0,0.0,1.0,1.0,1.0,0.0,1.0,0.0,1.0,0.0,1.0,0.0,0.0,0.0,0.0,0.0,0.0,0.0,0.0,0.0,1.0,0.0,0.0,0.0,0.0,0.0,0.0,0.0,0.0,0.0,0.0,0.0,0.0,0.0,0.0,0.0,0.0,0.0,0.0,0.0,0.0,0.0,0.0,0.0]","[6,8,3,7]","[1.2289713621139526,0.3910810649394989,-0.1040031835436821,0.15142668783664703]",False,"[false,false,false,false]","[false,false,false,false]",pre_capture,"[1.0,0.0,0.0,0.9856666922569275,0.0,0.0,0.0,0.0,1.0,1.0,1.0,0.0,1.0,0.0,1.0,0.0,1.0,0.0,0.0,0.0,0.0,0.0,0.0,0.0,0.0,0.0,1.0,0.0,0.0,0.0,0.0,0.0,0.0,0.0,0.0,0.0,0.0,0.0,0.0,0.0,0.0,0.0,0.0,0.0,0.0,0.0,0.0,0.0,0.0,0.0]","[114.8692855834961,74.83751678466797,122.45233917236328,80.67434692382812]","[116.8830337524414,76.38593292236328,124.72490692138672,82.16448974609375]","[137.1093392457147,-2.394435910675568,150.48173602795546,159.73358841970523]","[133.93844604492188,35.825157165527344,134.97744750976562,126.3739013671875]","[133.93844604492188,35.825157165527344,134.97744750976562,126.3739013671875]"
0,43,pre_capture,"[""capture"",""support"",""capture"",""support""]","[1.0,0.0,0.0,0.9856666922569275,0.0,0.0,0.0,0.0,1.0,1.0,1.0,0.0,1.0,0.0,1.0,0.0,1.0,0.0,0.0,0.0,0.0,0.0,0.0,0.0,0.0,0.0,1.0,0.0,0.0,0.0,0.0,0.0,0.0,0.0,0.0,0.0,0.0,0.0,0.0,0.0,0.0,0.0,0.0,0.0,0.0,0.0,0.0,0.0,0.0,0.0]","[6,6,3,7]","[1.476212501525879,0.44162940979003906,0.19585832953453064,0.18719357252120972]",False,"[false,false,false,false]","[false,false,false,false]",pre_capture,"[1.0,0.0,0.0,0.9853333234786987,0.0,0.0,0.0,0.0,1.0,1.0,1.0,0.0,1.0,0.0,1.0,0.0,1.0,0.0,0.0,0.0,0.0,0.0,0.0,0.0,0.0,0.0,1.0,0.0,0.0,0.0,0.0,0.0,0.0,0.0,0.0,0.0,0.0,0.0,0.0,0.0,0.0,0.0,0.0,0.0,0.0,0.0,0.0,0.0,0.0,0.0]","[116.8830337524414,76.38593292236328,124.72490692138672,82.16448974609375]","[116.89766693115234,75.07841491699219,124.58892822265625,81.01042938232422]","[137.25289685212195,-2.8136535107222898,152.10680728434258,161.19410275946322]","[134.9534912109375,33.65546798706055,137.06280517578125,129.88339233398438]","[134.9534912109375,33.65546798706055,137.06280517578125,129.88339233398438]"
0,44,pre_capture,"[""capture"",""support"",""capture"",""support""]","[1.0,0.0,0.0,0.9853333234786987,0.0,0.0,0.0,0.0,1.0,1.0,1.0,0.0,1.0,0.0,1.0,0.0,1.0,0.0,0.0,0.0,0.0,0.0,0.0,0.0,0.0,0.0,1.0,0.0,0.0,0.0,0.0,0.0,0.0,0.0,0.0,0.0,0.0,0.0,0.0,0.0,0.0,0.0,0.0,0.0,0.0,0.0,0.0,0.0,0.0,0.0]","[3,6,3,7]","[1.580016851425171,0.5523017048835754,0.28047895431518555,0.19825541973114014]",False,"[false,false,false,false]","[false,false,false,false]",pre_capture,"[1.0,0.0,0.0,0.9850000143051147,0.0,0.0,0.0,0.0,1.0,1.0,1.0,0.0,1.0,0.0,1.0,0.0,1.0,0.0,0.0,0.0,0.0,0.0,0.0,0.0,0.0,0.0,1.0,0.0,0.0,0.0,0.0,0.0,0.0,0.0,0.0,0.0,0.0,0.0,0.0,0.0,0.0,0.0,0.0,0.0,0.0,0.0,0.0,0.0,0.0,0.0]","[116.89766693115234,75.07841491699219,124.58892822265625,81.01042938232422]","[118.42951202392578,74.85505676269531,125.12217712402344,81.50763702392578]","[137.1481660107031,-3.2881645661740695,153.4454029846546,162.63324160297174]","[135.76910400390625,31.36359405517578,138.96839904785156,133.6376190185547]","[135.76910400390625,31.36359405517578,138.96839904785156,133.6376190185547]"
0,45,pre_capture,"[""capture"",""support"",""capture"",""support""]","[1.0,0.0,0.0,0.9850000143051147,0.0,0.0,0.0,0.0,1.0,1.0,1.0,0.0,1.0,0.0,1.0,0.0,1.0,0.0,0.0,0.0,0.0,0.0,0.0,0.0,0.0,0.0,1.0,0.0,0.0,0.0,0.0,0.0,0.0,0.0,0.0,0.0,0.0,0.0,0.0,0.0,0.0,0.0,0.0,0.0,0.0,0.0,0.0,0.0,0.0,0.0]","[7,8,3,7]","[1.5947636365890503,0.5853641033172607,0.5317651629447937,0.19127991795539856]",False,"[false,false,false,false]","[false,false,false,false]",pre_capture,"[1.0,0.0,0.0,0.984666645526886,0.0,0.0,0.0,0.0,1.0,1.0,1.0,0.0,1.0,0.0,1.0,0.0,1.0,0.0,0.0,0.0,0.0,0.0,0.0,0.0,0.0,0.0,1.0,0.0,0.0,0.0,0.0,0.0,0.0,0.0,0.0,0.0,0.0,0.0,0.0,0.0,0.0,0.0,0.0,0.0,0.0,0.0,0.0,0.0,0.0,0.0]","[118.42951202392578,74.85505676269531,125.12217712402344,81.50763702392578]","[118.93343353271484,74.29773712158203,125.1716079711914,80.7908935546875]","[136.93752440331104,-3.879258859654187,154.71204447509032,164.07574361943495]","[136.44532775878906,28.82080841064453,140.87652587890625,137.5914306640625]","[136.44532775878906,28.82080841064453,140.87652587890625,137.5914306640625]"
0,46,pre_capture,"[""capture"",""support"",""capture"",""support""]","[1.0,0.0,0.0,0.984666645526886,0.0,0.0,0.0,0.0,1.0,1.0,1.0,0.0,1.0,0.0,1.0,0.0,1.0,0.0,0.0,0.0,0.0,0.0,0.0,0.0,0.0,0.0,1.0,0.0,0.0,0.0,0.0,0.0,0.0,0.0,0.0,0.0,0.0,0.0,0.0,0.0,0.0,0.0,0.0,0.0,0.0,0.0,0.0,0.0,0.0,0.0]","[7,7,3,7]","[1.683608055114746,0.579783022403717,0.6552675366401672,0.18639229238033295]",False,"[false,false,false,false]","[false,false,false,false]",pre_capture,"[1.0,0.0,0.0,0.984333336353302,0.0,0.0,0.0,0.0,1.0,1.0,1.0,0.0,1.0,0.0,1.0,0.0,1.0,0.0,0.0,0.0,0.0,0.0,0.0,0.0,0.0,0.0,1.0,0.0,0.0,0.0,0.0,0.0,0.0,0.0,0.0,0.0,0.0,0.0,0.0,0.0,0.0,0.0,0.0,0.0,0.0,0.0,0.0,0.0,0.0,0.0]","[118.93343353271484,74.29773712158203,125.1716079711914,80.7908935546875]","[119.21528625488281,74.42161560058594,124.57640075683594,80.51111602783203]","[136.70985936032525,-4.509720164617624,155.73765587085407,165.5398623247268]","[137.1221160888672,26.111324310302734,142.63558959960938,141.84051513671875]","[137.1221160888672,26.111324310302734,142.63558959960938,141.84051513671875]"
0,47,pre_capture,"[""capture"",""support"",""capture"",""support""]","[1.0,0.0,0.0,0.984333336353302,0.0,0.0,0.0,0.0,1.0,1.0,1.0,0.0,1.0,0.0,1.0,0.0,1.0,0.0,0.0,0.0,0.0,0.0,0.0,0.0,0.0,0.0,1.0,0.0,0.0,0.0,0.0,0.0,0.0,0.0,0.0,0.0,0.0,0.0,0.0,0.0,0.0,0.0,0.0,0.0,0.0,0.0,0.0,0.0,0.0,0.0]","[8,7,3,7]","[1.7226920127868652,0.6009783744812012,0.7292702198028564,0.16057616472244263]",False,"[false,false,false,false]","[false,false,false,false]",pre_capture,"[1.0,0.0,0.0,0.984000027179718,0.0,0.0,0.0,0.0,1.0,1.0,1.0,0.0,1.0,0.0,1.0,0.0,1.0,0.0,0.0,0.0,0.0,0.0,0.0,0.0,0.0,0.0,1.0,0.0,0.0,0.0,0.0,0.0,0.0,0.0,0.0,0.0,0.0,0.0,0.0,0.0,0.0,0.0,0.0,0.0,0.0,0.0,0.0,0.0,0.0,0.0]","[119.21528625488281,74.42161560058594,124.57640075683594,80.51111602783203]","[118.24563598632812,73.92050170898438,123.037109375,80.00341796875]","[136.39015283354598,-5.140912310122567,156.64887710526656,167.02370710338027]","[137.73243713378906,23.22985076904297,144.40594482421875,146.37832641601562]","[137.73243713378906,23.22985076904297,144.40594482421875,146.37832641601562]"
0,48,pre_capture,"[""capture"",""support"",""capture"",""support""]","[1.0,0.0,0.0,0.984000027179718,0.0,0.0,0.0,0.0,1.0,1.0,1.0,0.0,1.0,0.0,1.0,0.0,1.0,0.0,0.0,0.0,0.0,0.0,0.0,0.0,0.0,0.0,1.0,0.0,0.0,0.0,0.0,0.0,0.0,0.0,0.0,0.0,0.0,0.0,0.0,0.0,0.0,0.0,0.0,0.0,0.0,0.0,0.0,0.0,0.0,0.0]","[7,6,3,7]","[1.6922080516815186,0.6725238561630249,0.7724141478538513,0.14668473601341248]",False,"[false,false,false,false]","[false,false,false,false]",pre_capture,"[1.0,0.0,0.0,0.9836666584014893,0.0,0.0,0.0,0.0,1.0,1.0,1.0,0.0,1.0,0.0,1.0,0.0,1.0,0.0,0.0,0.0,0.0,0.0,0.0,0.0,0.0,0.0,1.0,0.0,0.0,0.0,0.0,0.0,0.0,0.0,0.0,0.0,0.0,0.0,0.0,0.0,0.0,0.0,0.0,0.0,0.0,0.0,0.0,0.0,0.0,0.0]","[118.24563598632812,73.92050170898438,123.037109375,80.00341796875]","[117.7815933227539,70.97893524169922,120.85773468017578,77.7334213256836]","[136.027738202787,-5.7998895804078465,157.4945524095593,168.54861710975538]","[138.39083862304688,20.169921875,146.29061889648438,151.25738525390625]","[138.39083862304688,20.169921875,146.29061889648438,151.25738525390625]"
0,49,pre_capture,"[""capture"",""support"",""capture"",""support""]","[1.0,0.0,0.0,0.9836666584014893,0.0,0.0,0.0,0.0,1.0,1.0,1.0,0.0,1.0,0.0,1.0,0.0,1.0,0.0,0.0,0.0,0.0,0.0,0.0,0.0,0.0,0.0,1.0,0.0,0.0,0.0,0.0,0.0,0.0,0.0,0.0,0.0,0.0,0.0,0.0,0.0,0.0,0.0,0.0,0.0,0.0,0.0,0.0,0.0,0.0,0.0]","[3,8,6,7]","[1.6829842329025269,0.6609096527099609,0.8268982768058777,0.09991450607776642]",False,"[false,false,false,false]","[false,false,false,false]",pre_capture,"[1.0,0.0,0.0,0.9833333492279053,0.0,0.0,0.0,0.0,1.0,1.0,1.0,0.0,1.0,1.0,1.0,0.0,1.0,1.0,0.0,0.0,0.0,0.0,0.0,0.0,0.0,0.0,1.0,0.0,0.0,0.0,0.0,0.0,0.0,0.0,0.0,0.0,0.0,0.0,0.0,0.0,0.0,0.0,0.0,0.0,0.0,0.0,0.0,0.0,0.0,0.0]","[117.7815933227539,70.97893524169922,120.85773468017578,77.7334213256836]","[123.24639129638672,77.87924194335938,124.67054748535156,123.39130401611328]","[135.69245469808635,-6.537791350071587,158.30519016333884,170.10296199367875]","[139.14773559570312,16.99515151977539,148.36337280273438,156.57937622070312]","[139.14773559570312,16.99515151977539,148.36337280273438,156.57937622070312]"
0,50,pre_capture,"[""capture"",""support"",""capture"",""capture""]","[1.0,0.0,0.0,0.9833333492279053,0.0,0.0,0.0,0.0,1.0,1.0,1.0,0.0,1.0,1.0,1.0,0.0,1.0,1.0,0.0,0.0,0.0,0.0,0.0,0.0,0.0,0.0,1.0,0.0,0.0,0.0,0.0,0.0,0.0,0.0,0.0,0.0,0.0,0.0,0.0,0.0,0.0,0.0,0.0,0.0,0.0,0.0,0.0,0.0,0.0,0.0]","[2,0,7,7]","[1.5466423034667969,0.5968940258026123,0.9813706874847412,2.8722567558288574]",False,"[false,false,false,false]","[false,false,false,false]",pre_capture,"[1.0,0.0,0.0,0.9829999804496765,0.0,0.0,0.0,0.0,1.0,1.0,1.0,0.0,1.0,1.0,1.0,0.0,1.0,1.0,0.0,0.0,0.0,0.0,0.0,0.0,0.0,0.0,1.0,0.0,0.0,0.0,0.0,0.0,0.0,0.0,0.0,0.0,0.0,0.0,0.0,0.0,0.0,0.0,0.0,0.0,0.0,0.0,0.0,0.0,0.0,0.0]","[123.24639129638672,77.87924194335938,124.67054748535156,123.39130401611328]","[121.0587387084961,68.44775390625,122.58194732666016,120.87525939941406]","[135.36310147998367,-7.271415154324796,159.06898170356865,171.72024998747574]","[139.6746826171875,13.268707275390625,150.3086395263672,159.8847198486328]","[139.6746826171875,13.268707275390625,150.3086395263672,159.8847198486328]"
0,51,pre_capture,"[""capture"",""support"",""capture"",""capture""]","[1.0,0.0,0.0,0.9829999804496765,0.0,0.0,0.0,0.0,1.0,1.0,1.0,0.0,1.0,1.0,1.0,0.0,1.0,1.0,0.0,0.0,0.0,0.0,0.0,0.0,0.0,0.0,1.0,0.0,0.0,0.0,0.0,0.0,0.0,0.0,0.0,0.0,0.0,0.0,0.0,0.0,0.0,0.0,0.0,0.0,0.0,0.0,0.0,0.0,0.0,0.0]","[3,3,7,7]","[1.2904376983642578,0.6097501516342163,1.1122175455093384,2.8657405376434326]",False,"[false,false,false,false]","[false,false,false,false]",pre_capture,"[1.0,0.0,0.0,0.9826666712760925,0.0,0.0,0.0,0.0,1.0,1.0,1.0,0.0,1.0,1.0,1.0,0.0,1.0,1.0,0.0,0.0,0.0,0.0,0.0,0.0,0.0,0.0,1.0,0.0,0.0,0.0,0.0,0.0,0.0,0.0,0.0,0.0,0.0,0.0,0.0,0.0,0.0,0.0,0.0,0.0,0.0,0.0,0.0,0.0,0.0,0.0]","[121.0587387084961,68.44775390625,122.58194732666016,120.87525939941406]","[123.16146850585938,64.30986785888672,123.39704895019531,121.48670196533203]","[135.16814058234027,-7.947787050633746,159.68445557180192,170.55352851681502]","[140.49510192871094,9.8709716796875,152.32266235351562,160.58387756347656]","[140.49510192871094,9.8709716796875,152.32266235351562,160.58387756347656]"
0,52,pre_capture,"[""capture"",""support"",""capture"",""capture""]","[1.0,0.0,0.0,0.9826666712760925,0.0,0.0,0.0,0.0,1.0,1.0,1.0,0.0,1.0,1.0,1.0,0.0,1.0,1.0,0.0,0.0,0.0,0.0,0.0,0.0,0.0,0.0,1.0,0.0,0.0,0.0,0.0,0.0,0.0,0.0,0.0,0.0,0.0,0.0,0.0,0.0,0.0,0.0,0.0,0.0,0.0,0.0,0.0,0.0,0.0,0.0]","[2,0,7,7]","[1.1348631381988525,0.5732893943786621,1.2343546152114868,2.8464877605438232]",False,"[false,false,false,false]","[false,false,false,false]",pre_capture,"[1.0,0.0,0.0,0.9823333621025085,0.0,0.0,0.0,0.0,1.0,1.0,1.0,0.0,1.0,1.0,1.0,0.0,1.0,1.0,0.0,0.0,0.0,0.0,0.0,0.0,0.0,0.0,1.0,0.0,0.0,0.0,0.0,0.0,0.0,0.0,0.0,0.0,0.0,0.0,0.0,0.0,0.0,0.0,0.0,0.0,0.0,0.0,0.0,0.0,0.0,0.0]","[123.16146850585938,64.30986785888672,123.39704895019531,121.48670196533203]","[119.36300659179688,53.528282165527344,121.67058563232422,119.68345642089844]","[135.23000291310709,-8.643976971987842,160.17397780433595,169.38160401936526]","[141.52915954589844,6.462394714355469,154.2820587158203,161.30201721191406]","[141.52915954589844,6.462394714355469,154.2820587158203,161.30201721191406]"
0,53,pre_capture,"[""capture"",""support"",""capture"",""capture""]","[1.0,0.0,0.0,0.9823333621025085,0.0,0.0,0.0,0.0,1.0,1.0,1.0,0.0,1.0,1.0,1.0,0.0,1.0,1.0,0.0,0.0,0.0,0.0,0.0,0.0,0.0,0.0,1.0,0.0,0.0,0.0,0.0,0.0,0.0,0.0,0.0,0.0,0.0,0.0,0.0,0.0,0.0,0.0,0.0,0.0,0.0,0.0,0.0,0.0,0.0,0.0]","[3,2,3,7]","[0.908466100692749,0.4748298227787018,1.2565183639526367,2.8865349292755127]",False,"[false,false,false,false]","[false,false,false,false]",pre_capture,"[1.0,0.0,0.0,0.9819999933242798,0.0,0.0,0.0,0.0,1.0,1.0,1.0,0.0,1.0,1.0,1.0,0.0,1.0,1.0,0.0,0.0,0.0,0.0,0.0,0.0,0.0,0.0,1.0,0.0,0.0,0.0,0.0,0.0,0.0,0.0,0.0,0.0,0.0,0.0,0.0,0.0,0.0,0.0,0.0,0.0,0.0,0.0,0.0,0.0,0.0,0.0]","[119.36300659179688,53.528282165527344,121.67058563232422,119.68345642089844]","[124.27294158935547,52.34947204589844,123.74788665771484,123.8467788696289]","[135.44963613627095,-9.310370067036873,160.54507392840856,168.2172891503247]","[142.99395751953125,3.44439697265625,156.32644653320312,162.18096923828125]","[142.99395751953125,3.44439697265625,156.32644653320312,162.18096923828125]"
0,54,pre_capture,"[""capture"",""support"",""capture"",""capture""]","[1.0,0.0,0.0,0.9819999933242798,0.0,0.0,0.0,0.0,1.0,1.0,1.0,0.0,1.0,1.0,1.0,0.0,1.0,1.0,0.0,0.0,0.0,0.0,0.0,0.0,0.0,0.0,1.0,0.0,0.0,0.0,0.0,0.0,0.0,0.0,0.0,0.0,0.0,0.0,0.0,0.0,0.0,0.0,0.0,0.0,0.0,0.0,0.0,0.0,0.0,0.0]","[3,0,3,6]","[0.9643507599830627,0.3927404284477234,1.1154093742370605,2.8864591121673584]",False,"[false,false,false,false]","[false,false,false,false]",pre_capture,"[1.0,0.0,0.0,0.9816666841506958,0.0,0.0,0.0,0.0,1.0,1.0,1.0,0.0,1.0,1.0,1.0,0.0,1.0,1.0,0.0,0.0,0.0,0.0,0.0,0.0,0.0,0.0,1.0,0.0,0.0,0.0,0.0,0.0,0.0,0.0,0.0,0.0,0.0,0.0,0.0,0.0,0.0,0.0,0.0,0.0,0.0,0.0,0.0,0.0,0.0,0.0]","[124.27294158935547,52.34947204589844,123.74788665771484,123.8467788696289]","[125.72190856933594,42.384849548339844,122.6705551147461,123.27151489257812]","[135.9001717531093,-9.884040292743004,160.8975308731878,167.0007618394436]","[144.5337371826172,0.40219879150390625,158.36724853515625,162.85382080078125]","[144.5337371826172,0.40219879150390625,158.36724853515625,162.85382080078125]"
0,55,pre_capture,"[""capture"",""support"",""capture"",""capture""]","[1.0,0.0,0.0,0.9816666841506958,0.0,0.0,0.0,0.0,1.0,1.0,1.0,0.0,1.0,1.0,1.0,0.0,1.0,1.0,0.0,0.0,0.0,0.0,0.0,0.0,0.0,0.0,1.0,0.0,0.0,0.0,0.0,0.0,0.0,0.0,0.0,0.0,0.0,0.0,0.0,0.0,0.0,0.0,0.0,0.0,0.0,0.0,0.0,0.0,0.0,0.0]","[3,2,7,7]","[0.8977711200714111,0.3804781436920166,1.1312084197998047,2.918830633163452]",False,"[false,false,false,false]","[false,false,false,false]",pre_capture,"[1.0,0.0,0.0,0.981333315372467,0.0,0.0,0.0,0.0,1.0,1.0,1.0,0.0,1.0,1.0,1.0,0.0,1.0,1.0,0.0,0.0,0.0,0.0,0.0,0.0,0.0,0.0,1.0,0.0,0.0,0.0,0.0,0.0,0.0,0.0,0.0,0.0,0.0,0.0,0.0,0.0,0.0,0.0,0.0,0.0,0.0,0.0,0.0,0.0,0.0,0.0]","[125.72190856933594,42.384849548339844,122.6705551147461,123.27151489257812]","[127.88922882080078,37.98442077636719,123.86112976074219,124.64655303955078]","[136.2988090839659,-10.380586587061341,161.39608232217248,165.7720229568447]","[146.03524780273438,-2.2207260131835938,160.74392700195312,163.59957885742188]","[146.03524780273438,-2.2207260131835938,160.74392700195312,163.59957885742188]"
0,56,pre_capture,"[""capture"",""support"",""capture"",""capture""]","[1.0,0.0,0.0,0.981333315372467,0.0,0.0,0.0,0.0,1.0,1.0,1.0,0.0,1.0,1.0,1.0,0.0,1.0,1.0,0.0,0.0,0.0,0.0,0.0,0.0,0.0,0.0,1.0,0.0,0.0,0.0,0.0,0.0,0.0,0.0,0.0,0.0,0.0,0.0,0.0,0.0,0.0,0.0,0.0,0.0,0.0,0.0,0.0,0.0,0.0,0.0]","[6,6,3,8]","[0.4406564235687256,0.3598039746284485,1.1909774541854858,2.644415855407715]",False,"[false,false,false,false]","[false,false,false,false]",pre_capture,"[1.0,0.0,0.0,0.9810000061988831,0.0,0.0,0.0,0.0,1.0,1.0,1.0,0.0,1.0,1.0,1.0,0.0,1.0,1.0,0.0,0.0,0.0,0.0,0.0,0.0,0.0,0.0,1.0,0.0,0.0,0.0,0.0,0.0,0.0,0.0,0.0,0.0,0.0,0.0,0.0,0.0,0.0,0.0,0.0,0.0,0.0,0.0,0.0,0.0,0.0,0.0]","[127.88922882080078,37.98442077636719,123.86112976074219,124.64655303955078]","[131.42356872558594,37.81574630737305,123.88349151611328,128.37567138671875]","[136.76872521605503,-10.86976235429632,161.88371101249766,164.4981740643245]","[147.58848571777344,-4.764945983886719,163.19146728515625,164.28575134277344]","[147.58848571777344,-4.764945983886719,163.19146728515625,164.28575134277344]"
0,57,pre_capture,"[""capture"",""support"",""capture"",""capture""]","[1.0,0.0,0.0,0.9810000061988831,0.0,0.0,0.0,0.0,1.0,1.0,1.0,0.0,1.0,1.0,1.0,0.0,1.0,1.0,0.0,0.0,0.0,0.0,0.0,0.0,0.0,0.0,1.0,0.0,0.0,0.0,0.0,0.0,0.0,0.0,0.0,0.0,0.0,0.0,0.0,0.0,0.0,0.0,0.0,0.0,0.0,0.0,0.0,0.0,0.0,0.0]","[3,2,8,2]","[172.83978271484375,0.6412147283554077,173.31076049804688,172.57135009765625]",True,"[false,false,false,false]","[false,false,false,false]",post_capture,"[0.0,1.0,0.0,0.9806666374206543,0.0,1.0,0.0,0.0,1.0,1.0,0.0,0.0,0.0,0.0,0.0,0.0,0.0,0.0,0.0,0.0,0.0,0.0,0.0,0.0,0.0,0.0,1.0,0.0,0.0,0.0,0.0,0.0,0.0,0.0,1.0,0.0,0.0,0.0,0.0,0.0,0.0,0.0,0.0,0.0,0.0,0.0,0.0,0.0,0.0,0.0]","[131.42356872558594,37.81574630737305,123.88349151611328,128.37567138671875]","[1.0759267807006836,-0.7555980682373047,-1.1872730255126953,5.538037300109863]","[137.7051199924104,-11.342996291843201,162.3158924831436,163.48864465547152]","[149.5399932861328,-7.439262390136719,165.72914123535156,165.11083984375]","[149.5399932861328,-7.439262390136719,165.72914123535156,165.11083984375]"
0,58,post_capture,"[""coverage"",""coverage"",""coverage"",""coverage""]","[0.0,1.0,0.0,0.9806666374206543,0.0,1.0,0.0,0.0,1.0,1.0,0.0,0.0,0.0,0.0,0.0,0.0,0.0,0.0,0.0,0.0,0.0,0.0,0.0,0.0,0.0,0.0,1.0,0.0,0.0,0.0,0.0,0.0,0.0,0.0,1.0,0.0,0.0,0.0,0.0,0.0,0.0,0.0,0.0,0.0,0.0,0.0,0.0,0.0,0.0,0.0]","[8,6,6,8]","[-1.2599129676818848,-0.4564880132675171,-0.43352288007736206,-2.4217605590820312]",False,"[false,false,false,false]","[false,false,false,false]",post_capture,"[0.0,1.0,0.0,0.9803333282470703,1.0,0.9980000257492065,0.0,0.0,1.0,1.0,0.0,0.0,0.0,0.0,0.0,0.0,0.0,0.0,0.0,0.0,0.0,0.0,0.0,0.0,0.0,0.0,1.0,0.0,0.0,0.0,0.0,0.0,0.0,0.0,1.0,0.0,0.0,0.0,0.0,0.0,0.0,0.0,0.0,0.0,0.0,0.0,0.0,0.0,0.0,0.0]","[1.0759267807006836,-0.7555980682373047,-1.1872730255126953,5.538037300109863]","[-0.8602733612060547,-1.480245590209961,-1.9624042510986328,5.791617393493652]","[-35.48955830548822,-12.105263656766272,-11.105927287781062,-9.174449941600733]","[-24.830467224121094,-8.551912307739258,-7.998779296875,-8.223963737487793]","[-24.830467224121094,-8.551912307739258,-7.998779296875,-8.223963737487793]"
0,59,post_capture,"[""coverage"",""coverage"",""coverage"",""coverage""]","[0.0,1.0,0.0,0.9803333282470703,1.0,0.9980000257492065,0.0,0.0,1.0,1.0,0.0,0.0,0.0,0.0,0.0,0.0,0.0,0.0,0.0,0.0,0.0,0.0,0.0,0.0,0.0,0.0,1.0,0.0,0.0,0.0,0.0,0.0,0.0,0.0,1.0,0.0,0.0,0.0,0.0,0.0,0.0,0.0,0.0,0.0,0.0,0.0,0.0,0.0,0.0,0.0]","[8,6,6,1]","[-1.7396548986434937,-0.3669217824935913,-0.4217577576637268,-1.805517315864563]",False,"[false,false,false,false]","[false,false,false,false]",post_capture,"[0.0,1.0,0.0,0.9800000190734863,1.0,0.9959999918937683,0.0,0.0,1.0,1.0,0.0,0.0,0.0,0.0,0.0,0.0,0.0,0.0,0.0,0.0,0.0,0.0,0.0,0.0,0.0,0.0,1.0,0.0,0.0,0.0,0.0,0.0,0.0,0.0,1.0,0.0,0.0,0.0,0.0,0.0,0.0,0.0,0.0,0.0,0.0,0.0,0.0,0.0,0.0,0.0]","[-0.8602733612060547,-1.480245590209961,-1.9624042510986328,5.791617393493652]","[-3.226926803588867,-2.0666542053222656,-2.6894187927246094,5.693387031555176]","[-34.57539933111751,-11.766440043938136,-10.780206472427981,-6.820898366180506]","[-25.016450881958008,-8.529666900634766,-7.940581798553467,-6.47409725189209]","[-25.016450881958008,-8.529666900634766,-7.940581798553467,-6.47409725189209]"
0,60,post_capture,"[""coverage"",""coverage"",""coverage"",""coverage""]","[0.0,1.0,0.0,0.9800000190734863,1.0,0.9959999918937683,0.0,0.0,1.0,1.0,0.0,0.0,0.0,0.0,0.0,0.0,0.0,0.0,0.0,0.0,0.0,0.0,0.0,0.0,0.0,0.0,1.0,0.0,0.0,0.0,0.0,0.0,0.0,0.0,1.0,0.0,0.0,0.0,0.0,0.0,0.0,0.0,0.0,0.0,0.0,0.0,0.0,0.0,0.0,0.0]","[8,6,6,0]","[-1.9951807260513306,-0.6899600625038147,-0.3600551187992096,-0.38766738772392273]",False,"[false,false,false,false]","[false,false,false,false]",post_capture,"[0.0,1.0,0.0,0.9796666502952576,1.0,0.9940000176429749,0.0,0.0,1.0,1.0,0.0,0.0,0.0,0.0,0.0,0.0,0.0,0.0,0.0,0.0,0.0,0.0,0.0,0.0,0.0,0.0,1.0,0.0,0.0,0.0,0.0,0.0,0.0,0.0,1.0,0.0,0.0,0.0,0.0,0.0,0.0,0.0,0.0,0.0,0.0,0.0,0.0,0.0,0.0,0.0]","[-3.226926803588867,-2.0666542053222656,-2.6894187927246094,5.693387031555176]","[-5.376590728759766,-3.737316131591797,-3.086912155151367,4.517909049987793]","[-33.16741861866062,-11.514664910550046,-10.463079509862883,-5.066041464965599]","[-24.579545974731445,-8.57038402557373,-7.852948188781738,-5.263586044311523]","[-24.579545974731445,-8.57038402557373,-7.852948188781738,-5.263586044311523]"
0,61,post_capture,"[""coverage"",""coverage"",""coverage"",""coverage""]","[0.0,1.0,0.0,0.9796666502952576,1.0,0.9940000176429749,0.0,0.0,1.0,1.0,0.0,0.0,0.0,0.0,0.0,0.0,0.0,0.0,0.0,0.0,0.0,0.0,0.0,0.0,0.0,0.0,1.0,0.0,0.0,0.0,0.0,0.0,0.0,0.0,1.0,0.0,0.0,0.0,0.0,0.0,0.0,0.0,0.0,0.0,0.0,0.0,0.0,0.0,0.0,0.0]","[8,6,8,0]","[-1.660453200340271,-0.47882580757141113,-0.3208240270614624,-0.0974491685628891]",False,"[false,false,false,false]","[false,false,false,false]",post_capture,"[0.0,1.0,0.0,0.9793333411216736,1.0,0.9919999837875366,0.0,0.0,1.0,1.0,0.0,0.0,0.0,0.0,0.0,0.0,0.0,0.0,0.0,0.0,0.0,0.0,0.0,0.0,0.0,0.0,1.0,0.0,0.0,0.0,0.0,0.0,0.0,0.0,1.0,0.0,0.0,0.0,0.0,0.0,0.0,0.0,0.0,0.0,0.0,0.0,0.0,0.0,0.0,0.0]","[-5.376590728759766,-3.737316131591797,-3.086912155151367,4.517909049987793]","[-6.977577209472656,-4.219526290893555,-2.744749069213867,2.7015819549560547]","[-31.487108982433625,-10.934045301056798,-10.205075142488559,-4.725630381052198]","[-23.730167388916016,-8.182271957397461,-7.804455757141113,-5.422174453735352]","[-23.730167388916016,-8.182271957397461,-7.804455757141113,-5.422174453735352]"
0,62,post_capture,"[""coverage"",""coverage"",""coverage"",""coverage""]","[0.0,1.0,0.0,0.9793333411216736,1.0,0.9919999837875366,0.0,0.0,1.0,1.0,0.0,0.0,0.0,0.0,0.0,0.0,0.0,0.0,0.0,0.0,0.0,0.0,0.0,0.0,0.0,0.0,1.0,0.0,0.0,0.0,0.0,0.0,0.0,0.0,1.0,0.0,0.0,0.0,0.0,0.0,0.0,0.0,0.0,0.0,0.0,0.0,0.0,0.0,0.0,0.0]","[8,6,6,1]","[-1.5968900918960571,-0.44089269638061523,-0.3170214593410492,0.5077152848243713]",False,"[false,false,false,false]","[false,false,false,false]",post_capture,"[0.0,1.0,0.0,0.9789999723434448,1.0,0.9900000095367432,0.0,0.0,1.0,1.0,0.0,0.0,0.0,0.0,0.0,0.0,0.0,0.0,0.0,0.0,0.0,0.0,0.0,0.0,0.0,0.0,1.0,0.0,0.0,0.0,0.0,0.0,0.0,0.0,1.0,0.0,0.0,0.0,0.0,0.0,0.0,0.0,0.0,0.0,0.0,0.0,0.0,0.0,0.0,0.0]","[-6.977577209472656,-4.219526290893555,-2.744749069213867,2.7015819549560547]","[-7.691745758056641,-4.390604019165039,-3.0374717712402344,-0.27048492431640625]","[-30.12793513342763,-10.560827771197362,-9.984092035784945,-4.674930517665969]","[-23.098697662353516,-7.968718528747559,-7.812617301940918,-5.803778648376465]","[-23.098697662353516,-7.968718528747559,-7.812617301940918,-5.803778648376465]"
0,63,post_capture,"[""coverage"",""coverage"",""coverage"",""coverage""]","[0.0,1.0,0.0,0.9789999723434448,1.0,0.9900000095367432,0.0,0.0,1.0,1.0,0.0,0.0,0.0,0.0,0.0,0.0,0.0,0.0,0.0,0.0,0.0,0.0,0.0,0.0,0.0,0.0,1.0,0.0,0.0,0.0,0.0,0.0,0.0,0.0,1.0,0.0,0.0,0.0,0.0,0.0,0.0,0.0,0.0,0.0,0.0,0.0,0.0,0.0,0.0,0.0]","[8,8,7,2]","[-1.6637532711029053,-0.4074776768684387,-0.33314043283462524,-0.14786946773529053]",False,"[false,false,false,false]","[false,false,false,false]",post_capture,"[0.0,1.0,0.0,0.9786666631698608,1.0,0.9879999756813049,0.0,0.0,1.0,1.0,0.0,0.0,0.0,0.0,0.0,0.0,0.0,0.0,0.0,0.0,0.0,0.0,0.0,0.0,0.0,0.0,1.0,0.0,0.0,0.0,0.0,0.0,0.0,0.0,1.0,0.0,0.0,0.0,0.0,0.0,0.0,0.0,0.0,0.0,0.0,0.0,0.0,0.0,0.0,0.0]","[-7.691745758056641,-4.390604019165039,-3.0374717712402344,-0.27048492431640625]","[-7.785358428955078,-3.7584056854248047,-2.992076873779297,-3.8665122985839844]","[-28.81923741568846,-10.222156641229036,-9.764717753983733,-5.234995760091253]","[-22.457273483276367,-7.772983551025391,-7.809931755065918,-6.696549415588379]","[-22.457273483276367,-7.772983551025391,-7.809931755065918,-6.696549415588379]"
0,64,post_capture,"[""coverage"",""coverage"",""coverage"",""coverage""]","[0.0,1.0,0.0,0.9786666631698608,1.0,0.9879999756813049,0.0,0.0,1.0,1.0,0.0,0.0,0.0,0.0,0.0,0.0,0.0,0.0,0.0,0.0,0.0,0.0,0.0,0.0,0.0,0.0,1.0,0.0,0.0,0.0,0.0,0.0,0.0,0.0,1.0,0.0,0.0,0.0,0.0,0.0,0.0,0.0,0.0,0.0,0.0,0.0,0.0,0.0,0.0,0.0]","[8,6,6,1]","[-1.6564260721206665,-0.3757120668888092,-0.32171475887298584,-0.5621620416641235]",False,"[false,false,false,false]","[false,false,false,false]",post_capture,"[0.0,1.0,0.0,0.9783333539962769,1.0,0.9860000014305115,0.0,0.0,1.0,1.0,0.0,0.0,0.0,0.0,0.0,0.0,0.0,0.0,0.0,0.0,0.0,0.0,0.0,0.0,0.0,0.0,1.0,0.0,0.0,0.0,0.0,0.0,0.0,0.0,1.0,0.0,0.0,0.0,0.0,0.0,0.0,0.0,0.0,0.0,0.0,0.0,0.0,0.0,0.0,0.0]","[-7.785358428955078,-3.7584056854248047,-2.992076873779297,-3.8665122985839844]","[-7.688936233520508,-3.7651023864746094,-3.007596969604492,-5.418973922729492]","[-27.429781964227832,-9.913817135717775,-9.526845778938494,-5.138511406420164]","[-21.699249267578125,-7.633667945861816,-7.792327404022217,-6.759476184844971]","[-21.699249267578125,-7.633667945861816,-7.792327404022217,-6.759476184844971]"
0,65,post_capture,"[""coverage"",""coverage"",""coverage"",""coverage""]","[0.0,1.0,0.0,0.9783333539962769,1.0,0.9860000014305115,0.0,0.0,1.0,1.0,0.0,0.0,0.0,0.0,0.0,0.0,0.0,0.0,0.0,0.0,0.0,0.0,0.0,0.0,0.0,0.0,1.0,0.0,0.0,0.0,0.0,0.0,0.0,0.0,1.0,0.0,0.0,0.0,0.0,0.0,0.0,0.0,0.0,0.0,0.0,0.0,0.0,0.0,0.0,0.0]","[8,8,8,8]","[-1.6765544414520264,-0.3429797291755676,-0.33574017882347107,-0.43892788887023926]",False,"[false,false,false,false]","[false,false,false,false]",post_capture,"[0.0,1.0,0.0,0.9779999852180481,1.0,0.984000027179718,0.0,0.0,1.0,1.0,0.0,0.0,0.0,0.0,0.0,0.0,0.0,0.0,0.0,0.0,0.0,0.0,0.0,0.0,0.0,0.0,1.0,0.0,0.0,0.0,0.0,0.0,0.0,0.0,1.0,0.0,0.0,0.0,0.0,0.0,0.0,0.0,0.0,0.0,0.0,0.0,0.0,0.0,0.0,0.0]","[-7.688936233520508,-3.7651023864746094,-3.007596969604492,-5.418973922729492]","[-7.138526916503906,-3.3181495666503906,-3.033031463623047,-5.145351409912109]","[-26.033692820310268,-9.634449564473703,-9.298112141480312,-4.622575115915192]","[-20.90613555908203,-7.518961429595947,-7.784940242767334,-6.304173469543457]","[-20.90613555908203,-7.518961429595947,-7.784940242767334,-6.304173469543457]"
0,66,post_capture,"[""coverage"",""coverage"",""coverage"",""coverage""]","[0.0,1.0,0.0,0.9779999852180481,1.0,0.984000027179718,0.0,0.0,1.0,1.0,0.0,0.0,0.0,0.0,0.0,0.0,0.0,0.0,0.0,0.0,0.0,0.0,0.0,0.0,0.0,0.0,1.0,0.0,0.0,0.0,0.0,0.0,0.0,0.0,1.0,0.0,0.0,0.0,0.0,0.0,0.0,0.0,0.0,0.0,0.0,0.0,0.0,0.0,0.0,0.0]","[6,8,6,6]","[-1.6208642721176147,-0.3262673020362854,-0.33444908261299133,-0.47716373205184937]",False,"[false,false,false,false]","[false,false,false,false]",post_capture,"[0.0,1.0,0.0,0.9776666760444641,1.0,0.9819999933242798,0.0,0.0,1.0,1.0,0.0,0.0,0.0,0.0,0.0,0.0,0.0,0.0,0.0,0.0,0.0,0.0,0.0,0.0,0.0,0.0,1.0,0.0,0.0,0.0,0.0,0.0,0.0,0.0,1.0,0.0,0.0,0.0,0.0,0.0,0.0,0.0,0.0,0.0,0.0,0.0,0.0,0.0,0.0,0.0]","[-7.138526916503906,-3.3181495666503906,-3.033031463623047,-5.145351409912109]","[-6.877912521362305,-2.262025833129883,-2.650613784790039,-5.231962203979492]","[-24.603170079654788,-9.385323065957714,-9.052900972380646,-4.2259062899443975]","[-20.070415496826172,-7.455325126647949,-7.760834693908691,-5.965497970581055]","[-20.070415496826172,-7.455325126647949,-7.760834693908691,-5.965497970581055]"
0,67,post_capture,"[""coverage"",""coverage"",""coverage"",""coverage""]","[0.0,1.0,0.0,0.9776666760444641,1.0,0.9819999933242798,0.0,0.0,1.0,1.0,0.0,0.0,0.0,0.0,0.0,0.0,0.0,0.0,0.0,0.0,0.0,0.0,0.0,0.0,0.0,0.0,1.0,0.0,0.0,0.0,0.0,0.0,0.0,0.0,1.0,0.0,0.0,0.0,0.0,0.0,0.0,0.0,0.0,0.0,0.0,0.0,0.0,0.0,0.0,0.0]","[8,7,8,6]","[-1.6236672401428223,-0.31401315331459045,-0.31903374195098877,-0.40822696685791016]",False,"[false,false,false,false]","[false,false,false,false]",post_capture,"[0.0,1.0,0.0,0.9773333072662354,1.0,0.9800000190734863,0.0,0.0,1.0,1.0,0.0,0.0,0.0,0.0,0.0,0.0,0.0,0.0,0.0,0.0,0.0,0.0,0.0,0.0,0.0,0.0,1.0,0.0,0.0,0.0,0.0,0.0,0.0,0.0,1.0,0.0,0.0,0.0,0.0,0.0,0.0,0.0,0.0,0.0,0.0,0.0,0.0,0.0,0.0,0.0]","[-6.877912521362305,-2.262025833129883,-2.650613784790039,-5.231962203979492]","[-6.463415145874023,-1.9898090362548828,-2.6101627349853516,-5.148349761962891]","[-23.21445031064361,-9.150561377698413,-8.80651706037137,-3.786608644335907]","[-19.254751205444336,-7.461018085479736,-7.756704330444336,-5.560182571411133]","[-19.254751205444336,-7.461018085479736,-7.756704330444336,-5.560182571411133]"
0,68,post_capture,"[""coverage"",""coverage"",""coverage"",""coverage""]","[0.0,1.0,0.0,0.9773333072662354,1.0,0.9800000190734863,0.0,0.0,1.0,1.0,0.0,0.0,0.0,0.0,0.0,0.0,0.0,0.0,0.0,0.0,0.0,0.0,0.0,0.0,0.0,0.0,1.0,0.0,0.0,0.0,0.0,0.0,0.0,0.0,1.0,0.0,0.0,0.0,0.0,0.0,0.0,0.0,0.0,0.0,0.0,0.0,0.0,0.0,0.0,0.0]","[6,6,6,8]","[-1.5755078792572021,-0.46303442120552063,-0.3318864703178406,-0.37179702520370483]",False,"[false,false,false,false]","[false,false,false,false]",post_capture,"[0.0,1.0,0.0,0.9769999980926514,1.0,0.9779999852180481,0.0,0.0,1.0,1.0,0.0,0.0,0.0,0.0,0.0,0.0,0.0,0.0,0.0,0.0,0.0,0.0,0.0,0.0,0.0,0.0,1.0,0.0,0.0,0.0,0.0,0.0,0.0,0.0,1.0,0.0,0.0,0.0,0.0,0.0,0.0,0.0,0.0,0.0,0.0,0.0,0.0,0.0,0.0,0.0]","[-6.463415145874023,-1.9898090362548828,-2.6101627349853516,-5.148349761962891]","[-6.813098907470703,-2.302227020263672,-2.815916061401367,-5.054925918579102]","[-21.808871788384636,-8.925806287256385,-8.5732154731519,-3.4125067449272697]","[-18.406322479248047,-7.494427680969238,-7.770832061767578,-5.2069244384765625]","[-18.406322479248047,-7.494427680969238,-7.770832061767578,-5.2069244384765625]"
0,69,post_capture,"[""coverage"",""coverage"",""coverage"",""coverage""]","[0.0,1.0,0.0,0.9769999980926514,1.0,0.9779999852180481,0.0,0.0,1.0,1.0,0.0,0.0,0.0,0.0,0.0,0.0,0.0,0.0,0.0,0.0,0.0,0.0,0.0,0.0,0.0,0.0,1.0,0.0,0.0,0.0,0.0,0.0,0.0,0.0,1.0,0.0,0.0,0.0,0.0,0.0,0.0,0.0,0.0,0.0,0.0,0.0,0.0,0.0,0.0,0.0]","[8,8,8,6]","[-1.512002944946289,-0.36334553360939026,-0.33341336250305176,-0.3332497477531433]",False,"[false,false,false,false]","[false,false,false,false]",post_capture,"[0.0,1.0,0.0,0.9766666889190674,1.0,0.9760000109672546,0.0,0.0,1.0,1.0,0.0,0.0,0.0,0.0,0.0,0.0,0.0,0.0,0.0,0.0,0.0,0.0,0.0,0.0,0.0,0.0,1.0,0.0,0.0,0.0,0.0,0.0,0.0,0.0,1.0,0.0,0.0,0.0,0.0,0.0,0.0,0.0,0.0,0.0,0.0,0.0,0.0,0.0,0.0,0.0]","[-6.813098907470703,-2.302227020263672,-2.815916061401367,-5.054925918579102]","[-6.093664169311523,-1.4890422821044922,-2.621713638305664,-4.569540023803711]","[-20.43774132235094,-8.548254410152389,-8.324574750337433,-3.071423959316732]","[-17.537017822265625,-7.3550591468811035,-7.761358261108398,-4.874969005584717]","[-17.537017822265625,-7.3550591468811035,-7.761358261108398,-4.874969005584717]"
0,70,post_capture,"[""coverage"",""coverage"",""coverage"",""coverage""]","[0.0,1.0,0.0,0.9766666889190674,1.0,0.9760000109672546,0.0,0.0,1.0,1.0,0.0,0.0,0.0,0.0,0.0,0.0,0.0,0.0,0.0,0.0,0.0,0.0,0.0,0.0,0.0,0.0,1.0,0.0,0.0,0.0,0.0,0.0,0.0,0.0,1.0,0.0,0.0,0.0,0.0,0.0,0.0,0.0,0.0,0.0,0.0,0.0,0.0,0.0,0.0,0.0]","[6,6,6,8]","[-1.4697387218475342,-0.3075152039527893,-0.377402663230896,-0.29387664794921875]",False,"[false,false,false,false]","[false,false,false,false]",post_capture,"[0.0,1.0,0.0,0.9763333201408386,1.0,0.9739999771118164,0.0,0.0,1.0,1.0,0.0,0.0,0.0,0.0,0.0,0.0,0.0,0.0,0.0,0.0,0.0,0.0,0.0,0.0,0.0,0.0,1.0,0.0,0.0,0.0,0.0,0.0,0.0,0.0,1.0,0.0,0.0,0.0,0.0,0.0,0.0,0.0,0.0,0.0,0.0,0.0,0.0,0.0,0.0,0.0]","[-6.093664169311523,-1.4890422821044922,-2.621713638305664,-4.569540023803711]","[-6.463321685791016,-1.9702720642089844,-2.890169143676758,-4.538776397705078]","[-19.11690745192389,-8.267584723780807,-8.071880189731697,-2.7658325369329178]","[-16.71810531616211,-7.355668067932129,-7.759882926940918,-4.588545799255371]","[-16.71810531616211,-7.355668067932129,-7.759882926940918,-4.588545799255371]"
0,71,post_capture,"[""coverage"",""coverage"",""coverage"",""coverage""]","[0.0,1.0,0.0,0.9763333201408386,1.0,0.9739999771118164,0.0,0.0,1.0,1.0,0.0,0.0,0.0,0.0,0.0,0.0,0.0,0.0,0.0,0.0,0.0,0.0,0.0,0.0,0.0,0.0,1.0,0.0,0.0,0.0,0.0,0.0,0.0,0.0,1.0,0.0,0.0,0.0,0.0,0.0,0.0,0.0,0.0,0.0,0.0,0.0,0.0,0.0,0.0,0.0]","[6,8,8,6]","[-1.4110716581344604,-0.3618321418762207,-0.3666350841522217,-0.2724423408508301]",False,"[false,false,false,false]","[false,false,false,false]",post_capture,"[0.0,1.0,0.0,0.9760000109672546,1.0,0.972000002861023,0.0,0.0,1.0,1.0,0.0,0.0,0.0,0.0,0.0,0.0,0.0,0.0,0.0,0.0,0.0,0.0,0.0,0.0,0.0,0.0,1.0,0.0,0.0,0.0,0.0,0.0,0.0,0.0,1.0,0.0,0.0,0.0,0.0,0.0,0.0,0.0,0.0,0.0,0.0,0.0,0.0,0.0,0.0,0.0]","[-6.463321685791016,-1.9702720642089844,-2.890169143676758,-4.538776397705078]","[-6.285577774047852,-1.3742332458496094,-2.802377700805664,-4.144676208496094]","[-17.825422959673087,-8.040474262452543,-7.772199521717981,-2.496925140387575]","[-15.872868537902832,-7.390350341796875,-7.697412490844727,-4.327485084533691]","[-15.872868537902832,-7.390350341796875,-7.697412490844727,-4.327485084533691]"
0,72,post_capture,"[""coverage"",""coverage"",""coverage"",""coverage""]","[0.0,1.0,0.0,0.9760000109672546,1.0,0.972000002861023,0.0,0.0,1.0,1.0,0.0,0.0,0.0,0.0,0.0,0.0,0.0,0.0,0.0,0.0,0.0,0.0,0.0,0.0,0.0,0.0,1.0,0.0,0.0,0.0,0.0,0.0,0.0,0.0,1.0,0.0,0.0,0.0,0.0,0.0,0.0,0.0,0.0,0.0,0.0,0.0,0.0,0.0,0.0,0.0]","[8,6,3,8]","[-1.340498685836792,-0.39565926790237427,-0.38137832283973694,-0.24479888379573822]",False,"[false,false,false,false]","[false,false,false,false]",post_capture,"[0.0,1.0,0.0,0.9756666421890259,1.0,0.9700000286102295,0.0,0.0,1.0,1.0,0.0,0.0,0.0,0.0,0.0,0.0,0.0,0.0,0.0,0.0,0.0,0.0,0.0,0.0,0.0,0.0,1.0,0.0,0.0,0.0,0.0,0.0,0.0,0.0,1.0,0.0,0.0,0.0,0.0,0.0,0.0,0.0,0.0,0.0,0.0,0.0,0.0,0.0,0.0,0.0]","[-6.285577774047852,-1.3742332458496094,-2.802377700805664,-4.144676208496094]","[-6.323345184326172,-1.7539119720458984,-3.158496856689453,-3.996126174926758]","[-16.580152829836997,-7.756204162198306,-7.480368118753293,-2.246952322764389]","[-15.045890808105469,-7.400843620300293,-7.647059917449951,-4.093440532684326]","[-15.045890808105469,-7.400843620300293,-7.647059917449951,-4.093440532684326]"
0,73,post_capture,"[""coverage"",""coverage"",""coverage"",""coverage""]","[0.0,1.0,0.0,0.9756666421890259,1.0,0.9700000286102295,0.0,0.0,1.0,1.0,0.0,0.0,0.0,0.0,0.0,0.0,0.0,0.0,0.0,0.0,0.0,0.0,0.0,0.0,0.0,0.0,1.0,0.0,0.0,0.0,0.0,0.0,0.0,0.0,1.0,0.0,0.0,0.0,0.0,0.0,0.0,0.0,0.0,0.0,0.0,0.0,0.0,0.0,0.0,0.0]","[7,6,8,3]","[-1.2502665519714355,-0.4101835787296295,-0.4585098326206207,-0.20151299238204956]",False,"[false,false,false,false]","[false,false,false,false]",post_capture,"[0.0,1.0,0.0,0.9753333330154419,1.0,0.9679999947547913,0.0,0.0,1.0,1.0,0.0,0.0,0.0,0.0,0.0,0.0,0.0,0.0,0.0,0.0,0.0,0.0,0.0,0.0,0.0,0.0,1.0,0.0,0.0,0.0,0.0,0.0,0.0,0.0,1.0,0.0,0.0,0.0,0.0,0.0,0.0,0.0,0.0,0.0,0.0,0.0,0.0,0.0,0.0,0.0]","[-6.323345184326172,-1.7539119720458984,-3.158496856689453,-3.996126174926758]","[-6.235282897949219,-2.4964962005615234,-3.5595359802246094,-4.215654373168945]","[-15.393590044444654,-7.434893832622153,-7.170696763549047,-2.022377211079445]","[-14.239645004272461,-7.356050968170166,-7.559102535247803,-3.881801128387451]","[-14.239645004272461,-7.356050968170166,-7.559102535247803,-3.881801128387451]"
0,74,post_capture,"[""coverage"",""coverage"",""coverage"",""coverage""]","[0.0,1.0,0.0,0.9753333330154419,1.0,0.9679999947547913,0.0,0.0,1.0,1.0,0.0,0.0,0.0,0.0,0.0,0.0,0.0,0.0,0.0,0.0,0.0,0.0,0.0,0.0,0.0,0.0,1.0,0.0,0.0,0.0,0.0,0.0,0.0,0.0,1.0,0.0,0.0,0.0,0.0,0.0,0.0,0.0,0.0,0.0,0.0,0.0,0.0,0.0,0.0,0.0]","[8,8,6,3]","[-1.2006800174713135,-0.4368705153465271,-0.4765896797180176,-0.1676790714263916]",False,"[false,false,false,false]","[false,false,false,false]",post_capture,"[0.0,1.0,0.0,0.9750000238418579,1.0,0.9660000205039978,0.0,0.0,1.0,1.0,0.0,0.0,0.0,0.0,0.0,0.0,0.0,0.0,0.0,0.0,0.0,0.0,0.0,0.0,0.0,0.0,1.0,0.0,0.0,0.0,0.0,0.0,0.0,0.0,1.0,0.0,0.0,0.0,0.0,0.0,0.0,0.0,0.0,0.0,0.0,0.0,0.0,0.0,0.0,0.0]","[-6.235282897949219,-2.4964962005615234,-3.5595359802246094,-4.215654373168945]","[-5.219432830810547,-1.7309284210205078,-3.259611129760742,-3.969837188720703]","[-14.286185345932545,-7.095666923123761,-6.779986798917602,-1.8392567865630258]","[-13.4829683303833,-7.253897666931152,-7.362462043762207,-3.6912424564361572]","[-13.4829683303833,-7.253897666931152,-7.362462043762207,-3.6912424564361572]"
0,75,post_capture,"[""coverage"",""coverage"",""coverage"",""coverage""]","[0.0,1.0,0.0,0.9750000238418579,1.0,0.9660000205039978,0.0,0.0,1.0,1.0,0.0,0.0,0.0,0.0,0.0,0.0,0.0,0.0,0.0,0.0,0.0,0.0,0.0,0.0,0.0,0.0,1.0,0.0,0.0,0.0,0.0,0.0,0.0,0.0,1.0,0.0,0.0,0.0,0.0,0.0,0.0,0.0,0.0,0.0,0.0,0.0,0.0,0.0,0.0,0.0]","[6,6,8,8]","[-1.1245189905166626,-0.4542571008205414,-0.4800353944301605,-0.14589691162109375]",False,"[false,false,false,false]","[false,false,false,false]",post_capture,"[0.0,1.0,0.0,0.9746666550636292,1.0,0.9639999866485596,0.0,0.0,1.0,1.0,0.0,0.0,0.0,0.0,0.0,0.0,0.0,0.0,0.0,0.0,0.0,0.0,0.0,0.0,0.0,0.0,1.0,0.0,0.0,0.0,0.0,0.0,0.0,0.0,1.0,0.0,0.0,0.0,0.0,0.0,0.0,0.0,0.0,0.0,0.0,0.0,0.0,0.0,0.0,0.0]","[-5.219432830810547,-1.7309284210205078,-3.259611129760742,-3.969837188720703]","[-5.773744583129883,-2.4764137268066406,-3.7054290771484375,-4.282224655151367]","[-13.21768214996084,-6.726056977552761,-6.3670677971712974,-1.6884623385218527]","[-12.784610748291016,-7.157199382781982,-7.1499433517456055,-3.5375399589538574]","[-12.784610748291016,-7.157199382781982,-7.1499433517456055,-3.5375399589538574]"
0,76,post_capture,"[""coverage"",""coverage"",""coverage"",""coverage""]","[0.0,1.0,0.0,0.9746666550636292,1.0,0.9639999866485596,0.0,0.0,1.0,1.0,0.0,0.0,0.0,0.0,0.0,0.0,0.0,0.0,0.0,0.0,0.0,0.0,0.0,0.0,0.0,0.0,1.0,0.0,0.0,0.0,0.0,0.0,0.0,0.0,1.0,0.0,0.0,0.0,0.0,0.0,0.0,0.0,0.0,0.0,0.0,0.0,0.0,0.0,0.0,0.0]","[6,3,6,3]","[-1.0522754192352295,-0.4497193992137909,-0.48190194368362427,-0.11476392298936844]",False,"[false,false,false,false]","[false,false,false,false]",post_capture,"[0.0,1.0,0.0,0.9743333458900452,1.0,0.9620000123977661,0.0,0.0,1.0,1.0,0.0,0.0,0.0,0.0,0.0,0.0,0.0,0.0,0.0,0.0,0.0,0.0,0.0,0.0,0.0,0.0,1.0,0.0,0.0,0.0,0.0,0.0,0.0,0.0,1.0,0.0,0.0,0.0,0.0,0.0,0.0,0.0,0.0,0.0,0.0,0.0,0.0,0.0,0.0,0.0]","[-5.773744583129883,-2.4764137268066406,-3.7054290771484375,-4.282224655151367]","[-5.692310333251953,-2.9324607849121094,-3.5192432403564453,-3.882261276245117]","[-12.215316322670887,-6.335151390638606,-5.946497376506199,-1.5581468958593525]","[-12.093875885009766,-6.996661186218262,-6.896851539611816,-3.3808326721191406]","[-12.093875885009766,-6.996661186218262,-6.896851539611816,-3.3808326721191406]"
0,77,post_capture,"[""coverage"",""coverage"",""coverage"",""coverage""]","[0.0,1.0,0.0,0.9743333458900452,1.0,0.9620000123977661,0.0,0.0,1.0,1.0,0.0,0.0,0.0,0.0,0.0,0.0,0.0,0.0,0.0,0.0,0.0,0.0,0.0,0.0,0.0,0.0,1.0,0.0,0.0,0.0,0.0,0.0,0.0,0.0,1.0,0.0,0.0,0.0,0.0,0.0,0.0,0.0,0.0,0.0,0.0,0.0,0.0,0.0,0.0,0.0]","[6,8,8,3]","[-1.0056391954421997,-0.45119282603263855,-0.47083088755607605,-0.09996738284826279]",False,"[false,false,false,false]","[false,false,false,false]",post_capture,"[0.0,1.0,0.0,0.9739999771118164,1.0,0.9599999785423279,0.0,0.0,1.0,1.0,0.0,0.0,0.0,0.0,0.0,0.0,0.0,0.0,0.0,0.0,0.0,0.0,0.0,0.0,0.0,0.0,1.0,0.0,0.0,0.0,0.0,0.0,0.0,0.0,1.0,0.0,0.0,0.0,0.0,0.0,0.0,0.0,0.0,0.0,0.0,0.0,0.0,0.0,0.0,0.0]","[-5.692310333251953,-2.9324607849121094,-3.5192432403564453,-3.882261276245117]","[-5.528924942016602,-2.650087356567383,-3.646181106567383,-3.962961196899414]","[-11.27579889235925,-5.944880799419005,-5.519793366487449,-1.4579625988585698]","[-11.440543174743652,-6.806788921356201,-6.635562896728516,-3.268364429473877]","[-11.440543174743652,-6.806788921356201,-6.635562896728516,-3.268364429473877]"
0,78,post_capture,"[""coverage"",""coverage"",""coverage"",""coverage""]","[0.0,1.0,0.0,0.9739999771118164,1.0,0.9599999785423279,0.0,0.0,1.0,1.0,0.0,0.0,0.0,0.0,0.0,0.0,0.0,0.0,0.0,0.0,0.0,0.0,0.0,0.0,0.0,0.0,1.0,0.0,0.0,0.0,0.0,0.0,0.0,0.0,1.0,0.0,0.0,0.0,0.0,0.0,0.0,0.0,0.0,0.0,0.0,0.0,0.0,0.0,0.0,0.0]","[8,6,6,8]","[-0.9386225938796997,-0.4511374533176422,-0.447221964597702,-0.08343079686164856]",False,"[false,false,false,false]","[false,false,false,false]",post_capture,"[0.0,1.0,0.0,0.9736666679382324,1.0,0.9580000042915344,0.0,0.0,1.0,1.0,0.0,0.0,0.0,0.0,0.0,0.0,0.0,0.0,0.0,0.0,0.0,0.0,0.0,0.0,0.0,0.0,1.0,0.0,0.0,0.0,0.0,0.0,0.0,0.0,1.0,0.0,0.0,0.0,0.0,0.0,0.0,0.0,0.0,0.0,0.0,0.0,0.0,0.0,0.0,0.0]","[-5.528924942016602,-2.650087356567383,-3.646181106567383,-3.962961196899414]","[-5.623037338256836,-2.824289321899414,-3.4526119232177734,-3.9740676879882812]","[-10.373898683754597,-5.54917977109734,-5.09996209993068,-1.3717123394043507]","[-10.80406379699707,-6.618199348449707,-6.362834930419922,-3.160266160964966]","[-10.80406379699707,-6.618199348449707,-6.362834930419922,-3.160266160964966]"
0,79,post_capture,"[""coverage"",""coverage"",""coverage"",""coverage""]","[0.0,1.0,0.0,0.9736666679382324,1.0,0.9580000042915344,0.0,0.0,1.0,1.0,0.0,0.0,0.0,0.0,0.0,0.0,0.0,0.0,0.0,0.0,0.0,0.0,0.0,0.0,0.0,0.0,1.0,0.0,0.0,0.0,0.0,0.0,0.0,0.0,1.0,0.0,0.0,0.0,0.0,0.0,0.0,0.0,0.0,0.0,0.0,0.0,0.0,0.0,0.0,0.0]","[6,6,8,8]","[-0.8590318560600281,-0.43666157126426697,-0.4369874596595764,-0.06288452446460724]",False,"[false,false,false,false]","[false,false,false,false]",post_capture,"[0.0,1.0,0.0,0.9733333587646484,1.0,0.9559999704360962,0.0,0.0,1.0,1.0,0.0,0.0,0.0,0.0,0.0,0.0,0.0,0.0,0.0,0.0,0.0,0.0,0.0,0.0,0.0,0.0,1.0,0.0,0.0,0.0,0.0,0.0,0.0,0.0,1.0,0.0,0.0,0.0,0.0,0.0,0.0,0.0,0.0,0.0,0.0,0.0,0.0,0.0,0.0,0.0]","[-5.623037338256836,-2.824289321899414,-3.4526119232177734,-3.9740676879882812]","[-5.364803314208984,-3.2857131958007812,-3.7251338958740234,-3.684051513671875]","[-9.530581908964542,-5.149537694726968,-4.699737510437352,-1.3012944874168708]","[-10.193621635437012,-6.4085693359375,-6.108142852783203,-3.0623273849487305]","[-10.193621635437012,-6.4085693359375,-6.108142852783203,-3.0623273849487305]"
0,80,post_capture,"[""coverage"",""coverage"",""coverage"",""coverage""]","[0.0,1.0,0.0,0.9733333587646484,1.0,0.9559999704360962,0.0,0.0,1.0,1.0,0.0,0.0,0.0,0.0,0.0,0.0,0.0,0.0,0.0,0.0,0.0,0.0,0.0,0.0,0.0,0.0,1.0,0.0,0.0,0.0,0.0,0.0,0.0,0.0,1.0,0.0,0.0,0.0,0.0,0.0,0.0,0.0,0.0,0.0,0.0,0.0,0.0,0.0,0.0,0.0]","[8,8,6,6]","[-0.7853676676750183,-0.415618896484375,-0.4051888883113861,-0.045032158493995667]",False,"[false,false,false,false]","[false,false,false,false]",post_capture,"[0.0,1.0,0.0,0.9729999899864197,1.0,0.9539999961853027,0.0,0.0,1.0,1.0,0.0,0.0,0.0,0.0,0.0,0.0,0.0,0.0,0.0,0.0,0.0,0.0,0.0,0.0,0.0,0.0,1.0,0.0,0.0,0.0,0.0,0.0,0.0,0.0,1.0,0.0,0.0,0.0,0.0,0.0,0.0,0.0,0.0,0.0,0.0,0.0,0.0,0.0,0.0,0.0]","[-5.364803314208984,-3.2857131958007812,-3.7251338958740234,-3.684051513671875]","[-5.312746047973633,-2.88079833984375,-3.356508255004883,-3.0878753662109375]","[-8.759141467580317,-4.760480932790607,-4.305808132098763,-1.250919154497236]","[-9.642777442932129,-6.176783561706543,-5.833876609802246,-2.99530291557312]","[-9.642777442932129,-6.176783561706543,-5.833876609802246,-2.99530291557312]"
0,81,post_capture,"[""coverage"",""coverage"",""coverage"",""coverage""]","[0.0,1.0,0.0,0.9729999899864197,1.0,0.9539999961853027,0.0,0.0,1.0,1.0,0.0,0.0,0.0,0.0,0.0,0.0,0.0,0.0,0.0,0.0,0.0,0.0,0.0,0.0,0.0,0.0,1.0,0.0,0.0,0.0,0.0,0.0,0.0,0.0,1.0,0.0,0.0,0.0,0.0,0.0,0.0,0.0,0.0,0.0,0.0,0.0,0.0,0.0,0.0,0.0]","[6,6,8,3]","[-0.731050431728363,-0.40192949771881104,-0.3658314049243927,-0.03369312360882759]",False,"[false,false,false,false]","[false,false,false,false]",post_capture,"[0.0,1.0,0.0,0.9726666808128357,1.0,0.9520000219345093,0.0,0.0,1.0,1.0,0.0,0.0,0.0,0.0,0.0,0.0,0.0,0.0,0.0,0.0,0.0,0.0,0.0,0.0,0.0,0.0,1.0,0.0,0.0,0.0,0.0,0.0,0.0,0.0,1.0,0.0,0.0,0.0,0.0,0.0,0.0,0.0,0.0,0.0,0.0,0.0,0.0,0.0,0.0,0.0]","[-5.312746047973633,-2.88079833984375,-3.356508255004883,-3.0878753662109375]","[-5.103555679321289,-3.161325454711914,-3.6356334686279297,-3.3159561157226562]","[-8.054316969601313,-4.388749531622456,-3.940019438169068,-1.2180676727305457]","[-9.138148307800293,-5.9740190505981445,-5.595471382141113,-2.9743974208831787]","[-9.138148307800293,-5.9740190505981445,-5.595471382141113,-2.9743974208831787]"
0,82,post_capture,"[""coverage"",""coverage"",""coverage"",""coverage""]","[0.0,1.0,0.0,0.9726666808128357,1.0,0.9520000219345093,0.0,0.0,1.0,1.0,0.0,0.0,0.0,0.0,0.0,0.0,0.0,0.0,0.0,0.0,0.0,0.0,0.0,0.0,0.0,0.0,1.0,0.0,0.0,0.0,0.0,0.0,0.0,0.0,1.0,0.0,0.0,0.0,0.0,0.0,0.0,0.0,0.0,0.0,0.0,0.0,0.0,0.0,0.0,0.0]","[8,6,6,6]","[-0.6682538986206055,-0.37294620275497437,-0.33596062660217285,-0.02254488132894039]",False,"[false,false,false,false]","[false,false,false,false]",post_capture,"[0.0,1.0,0.0,0.9723333120346069,1.0,0.949999988079071,0.0,0.0,1.0,1.0,0.0,0.0,0.0,0.0,0.0,0.0,0.0,0.0,0.0,0.0,0.0,0.0,0.0,0.0,0.0,0.0,1.0,0.0,0.0,0.0,0.0,0.0,0.0,0.0,1.0,0.0,0.0,0.0,0.0,0.0,0.0,0.0,0.0,0.0,0.0,0.0,0.0,0.0,0.0,0.0]","[-5.103555679321289,-3.161325454711914,-3.6356334686279297,-3.3159561157226562]","[-5.25297737121582,-3.3950157165527344,-3.4344139099121094,-3.1076278686523438]","[-7.397238927144395,-4.027090943337015,-3.6102909426713894,-1.1963379284057758]","[-8.670358657836914,-5.758217811584473,-5.369139671325684,-2.952221632003784]","[-8.670358657836914,-5.758217811584473,-5.369139671325684,-2.952221632003784]"
0,83,post_capture,"[""coverage"",""coverage"",""coverage"",""coverage""]","[0.0,1.0,0.0,0.9723333120346069,1.0,0.949999988079071,0.0,0.0,1.0,1.0,0.0,0.0,0.0,0.0,0.0,0.0,0.0,0.0,0.0,0.0,0.0,0.0,0.0,0.0,0.0,0.0,1.0,0.0,0.0,0.0,0.0,0.0,0.0,0.0,1.0,0.0,0.0,0.0,0.0,0.0,0.0,0.0,0.0,0.0,0.0,0.0,0.0,0.0,0.0,0.0]","[6,8,8,3]","[-0.621610701084137,-0.342172235250473,-0.2966620922088623,-0.014347589574754238]",False,"[false,false,false,false]","[false,false,false,false]",post_capture,"[0.0,1.0,0.0,0.972000002861023,1.0,0.9480000138282776,0.0,0.0,1.0,1.0,0.0,0.0,0.0,0.0,0.0,0.0,0.0,0.0,0.0,0.0,0.0,0.0,0.0,0.0,0.0,0.0,1.0,0.0,0.0,0.0,0.0,0.0,0.0,0.0,1.0,0.0,0.0,0.0,0.0,0.0,0.0,0.0,0.0,0.0,0.0,0.0,0.0,0.0,0.0,0.0]","[-5.25297737121582,-3.3950157165527344,-3.4344139099121094,-3.1076278686523438]","[-5.14680290222168,-3.5223617553710938,-3.811176300048828,-3.313638687133789]","[-6.796954574266454,-3.6910552935172127,-3.3074043596658753,-1.185649542501854]","[-8.231878280639648,-5.547281265258789,-5.170840740203857,-2.95146107673645]","[-8.231878280639648,-5.547281265258789,-5.170840740203857,-2.95146107673645]"
0,84,post_capture,"[""coverage"",""coverage"",""coverage"",""coverage""]","[0.0,1.0,0.0,0.972000002861023,1.0,0.9480000138282776,0.0,0.0,1.0,1.0,0.0,0.0,0.0,0.0,0.0,0.0,0.0,0.0,0.0,0.0,0.0,0.0,0.0,0.0,0.0,0.0,1.0,0.0,0.0,0.0,0.0,0.0,0.0,0.0,1.0,0.0,0.0,0.0,0.0,0.0,0.0,0.0,0.0,0.0,0.0,0.0,0.0,0.0,0.0,0.0]","[8,8,3,6]","[-0.5649562478065491,-0.3343556821346283,-0.27059322595596313,-0.009687716141343117]",False,"[false,false,false,false]","[false,false,false,false]",post_capture,"[0.0,1.0,0.0,0.971666693687439,1.0,0.9459999799728394,0.0,0.0,1.0,1.0,0.0,0.0,0.0,0.0,0.0,0.0,0.0,0.0,0.0,0.0,0.0,0.0,0.0,0.0,0.0,0.0,1.0,0.0,0.0,0.0,0.0,0.0,0.0,0.0,1.0,0.0,0.0,0.0,0.0,0.0,0.0,0.0,0.0,0.0,0.0,0.0,0.0,0.0,0.0,0.0]","[-5.14680290222168,-3.5223617553710938,-3.811176300048828,-3.313638687133789]","[-5.414667129516602,-3.247386932373047,-3.8621292114257812,-3.185789108276367]","[-6.237721084022543,-3.3827101598653937,-3.0411538055121343,-1.1831332857849493]","[-7.820841312408447,-5.3490190505981445,-4.981950759887695,-2.9485256671905518]","[-7.820841312408447,-5.3490190505981445,-4.981950759887695,-2.9485256671905518]"
0,85,post_capture,"[""coverage"",""coverage"",""coverage"",""coverage""]","[0.0,1.0,0.0,0.971666693687439,1.0,0.9459999799728394,0.0,0.0,1.0,1.0,0.0,0.0,0.0,0.0,0.0,0.0,0.0,0.0,0.0,0.0,0.0,0.0,0.0,0.0,0.0,0.0,1.0,0.0,0.0,0.0,0.0,0.0,0.0,0.0,1.0,0.0,0.0,0.0,0.0,0.0,0.0,0.0,0.0,0.0,0.0,0.0,0.0,0.0,0.0,0.0]","[6,3,8,6]","[-0.5267934203147888,-0.31821322441101074,-0.2390042394399643,-0.005172830540686846]",False,"[false,false,false,false]","[false,false,false,false]",post_capture,"[0.0,1.0,0.0,0.9713333249092102,1.0,0.9440000057220459,0.0,0.0,1.0,1.0,0.0,0.0,0.0,0.0,0.0,0.0,0.0,0.0,0.0,0.0,0.0,0.0,0.0,0.0,0.0,0.0,1.0,0.0,0.0,0.0,0.0,0.0,0.0,0.0,1.0,0.0,0.0,0.0,0.0,0.0,0.0,0.0,0.0,0.0,0.0,0.0,0.0,0.0,0.0,0.0]","[-5.414667129516602,-3.247386932373047,-3.8621292114257812,-3.185789108276367]","[-5.473361968994141,-3.889871597290039,-4.4132843017578125,-3.2683677673339844]","[-5.730065491127267,-3.0791459371017833,-2.7985460399557285,-1.1852985551955617]","[-7.429940700531006,-5.160996913909912,-4.806147575378418,-2.9570882320404053]","[-7.429940700531006,-5.160996913909912,-4.806147575378418,-2.9570882320404053]"
0,86,post_capture,"[""coverage"",""coverage"",""coverage"",""coverage""]","[0.0,1.0,0.0,0.9713333249092102,1.0,0.9440000057220459,0.0,0.0,1.0,1.0,0.0,0.0,0.0,0.0,0.0,0.0,0.0,0.0,0.0,0.0,0.0,0.0,0.0,0.0,0.0,0.0,1.0,0.0,0.0,0.0,0.0,0.0,0.0,0.0,1.0,0.0,0.0,0.0,0.0,0.0,0.0,0.0,0.0,0.0,0.0,0.0,0.0,0.0,0.0,0.0]","[8,6,3,3]","[-0.4778374433517456,-0.28635942935943604,-0.21826601028442383,-0.003589233383536339]",False,"[false,false,false,false]","[false,false,false,false]",post_capture,"[0.0,1.0,0.0,0.9710000157356262,1.0,0.9419999718666077,0.0,0.0,1.0,1.0,0.0,0.0,0.0,0.0,0.0,0.0,0.0,0.0,0.0,0.0,0.0,0.0,0.0,0.0,0.0,0.0,1.0,0.0,0.0,0.0,0.0,0.0,0.0,0.0,1.0,0.0,0.0,0.0,0.0,0.0,0.0,0.0,0.0,0.0,0.0,0.0,0.0,0.0,0.0,0.0]","[-5.473361968994141,-3.889871597290039,-4.4132843017578125,-3.2683677673339844]","[-5.653327941894531,-4.135852813720703,-4.317218780517578,-3.1942615509033203]","[-5.255830374558059,-2.7888209219098714,-2.5853957580967317,-1.1920461865200755]","[-7.051797866821289,-4.944428443908691,-4.623802185058594,-2.966646671295166]","[-7.051797866821289,-4.944428443908691,-4.623802185058594,-2.966646671295166]"
0,87,post_capture,"[""coverage"",""coverage"",""coverage"",""coverage""]","[0.0,1.0,0.0,0.9710000157356262,1.0,0.9419999718666077,0.0,0.0,1.0,1.0,0.0,0.0,0.0,0.0,0.0,0.0,0.0,0.0,0.0,0.0,0.0,0.0,0.0,0.0,0.0,0.0,1.0,0.0,0.0,0.0,0.0,0.0,0.0,0.0,1.0,0.0,0.0,0.0,0.0,0.0,0.0,0.0,0.0,0.0,0.0,0.0,0.0,0.0,0.0,0.0]","[6,6,8,3]","[-0.44823169708251953,-0.25275149941444397,-0.18359988927841187,-0.006694914773106575]",False,"[false,false,false,false]","[false,false,false,false]",post_capture,"[0.0,1.0,0.0,0.9706666469573975,1.0,0.9399999976158142,0.0,0.0,1.0,1.0,0.0,0.0,0.0,0.0,0.0,0.0,0.0,0.0,0.0,0.0,0.0,0.0,0.0,0.0,0.0,0.0,1.0,0.0,0.0,0.0,0.0,0.0,0.0,0.0,1.0,0.0,0.0,0.0,0.0,0.0,0.0,0.0,0.0,0.0,0.0,0.0,0.0,0.0,0.0,0.0]","[-5.653327941894531,-4.135852813720703,-4.317218780517578,-3.1942615509033203]","[-5.431417465209961,-4.317777633666992,-4.573570251464844,-3.3540382385253906]","[-4.826255486066983,-2.527738881364076,-2.3910401493053617,-1.200461568824787]","[-6.692313194274902,-4.735081672668457,-4.457026958465576,-2.982394218444824]","[-6.692313194274902,-4.735081672668457,-4.457026958465576,-2.982394218444824]"
0,88,post_capture,"[""coverage"",""coverage"",""coverage"",""coverage""]","[0.0,1.0,0.0,0.9706666469573975,1.0,0.9399999976158142,0.0,0.0,1.0,1.0,0.0,0.0,0.0,0.0,0.0,0.0,0.0,0.0,0.0,0.0,0.0,0.0,0.0,0.0,0.0,0.0,1.0,0.0,0.0,0.0,0.0,0.0,0.0,0.0,1.0,0.0,0.0,0.0,0.0,0.0,0.0,0.0,0.0,0.0,0.0,0.0,0.0,0.0,0.0,0.0]","[6,8,2,3]","[-0.4194338917732239,-0.22791458666324615,-0.16722814738750458,-0.00483728526160121]",False,"[false,false,false,false]","[false,false,false,false]",post_capture,"[0.0,1.0,0.0,0.9703333377838135,1.0,0.9380000233650208,0.0,0.0,1.0,1.0,0.0,0.0,0.0,0.0,0.0,0.0,0.0,0.0,0.0,0.0,0.0,0.0,0.0,0.0,0.0,0.0,1.0,0.0,0.0,0.0,0.0,0.0,0.0,0.0,1.0,0.0,0.0,0.0,0.0,0.0,0.0,0.0,0.0,0.0,0.0,0.0,0.0,0.0,0.0,0.0]","[-5.431417465209961,-4.317777633666992,-4.573570251464844,-3.3540382385253906]","[-5.238090515136719,-4.286579132080078,-4.806522369384766,-3.4023685455322266]","[-4.422246251499458,-2.297967052474376,-2.2297376363908583,-1.2058249030825055]","[-6.353244304656982,-4.538649559020996,-4.303068161010742,-2.9874260425567627]","[-6.353244304656982,-4.538649559020996,-4.303068161010742,-2.9874260425567627]"
0,89,post_capture,"[""coverage"",""coverage"",""coverage"",""coverage""]","[0.0,1.0,0.0,0.9703333377838135,1.0,0.9380000233650208,0.0,0.0,1.0,1.0,0.0,0.0,0.0,0.0,0.0,0.0,0.0,0.0,0.0,0.0,0.0,0.0,0.0,0.0,0.0,0.0,1.0,0.0,0.0,0.0,0.0,0.0,0.0,0.0,1.0,0.0,0.0,0.0,0.0,0.0,0.0,0.0,0.0,0.0,0.0,0.0,0.0,0.0,0.0,0.0]","[8,8,3,8]","[-0.3604206442832947,-0.21522679924964905,-0.17207300662994385,-0.006841585505753756]",False,"[false,false,false,false]","[false,false,false,false]",post_capture,"[0.0,1.0,0.0,0.9700000286102295,1.0,0.9359999895095825,0.0,0.0,1.0,1.0,0.0,0.0,0.0,0.0,0.0,0.0,0.0,0.0,0.0,0.0,0.0,0.0,0.0,0.0,0.0,0.0,1.0,0.0,0.0,0.0,0.0,0.0,0.0,0.0,1.0,0.0,0.0,0.0,0.0,0.0,0.0,0.0,0.0,0.0,0.0,0.0,0.0,0.0,0.0,0.0]","[-5.238090515136719,-4.286579132080078,-4.806522369384766,-3.4023685455322266]","[-5.547069549560547,-3.909128189086914,-4.835529327392578,-3.5806140899658203]","[-4.043244807804277,-2.0909620866779086,-2.0833429181852057,-1.2131188058797013]","[-6.033519268035889,-4.3578410148620605,-4.1445159912109375,-2.9922080039978027]","[-6.033519268035889,-4.3578410148620605,-4.1445159912109375,-2.9922080039978027]"
0,90,post_capture,"[""coverage"",""coverage"",""coverage"",""coverage""]","[0.0,1.0,0.0,0.9700000286102295,1.0,0.9359999895095825,0.0,0.0,1.0,1.0,0.0,0.0,0.0,0.0,0.0,0.0,0.0,0.0,0.0,0.0,0.0,0.0,0.0,0.0,0.0,0.0,1.0,0.0,0.0,0.0,0.0,0.0,0.0,0.0,1.0,0.0,0.0,0.0,0.0,0.0,0.0,0.0,0.0,0.0,0.0,0.0,0.0,0.0,0.0,0.0]","[8,3,3,3]","[-0.38201904296875,-0.19397567212581635,-0.14780227839946747,-0.0030211410485208035]",False,"[false,false,false,false]","[false,false,false,false]",post_capture,"[0.0,1.0,0.0,0.9696666598320007,1.0,0.9340000152587891,0.0,0.0,1.0,1.0,0.0,0.0,0.0,0.0,0.0,0.0,0.0,0.0,0.0,0.0,0.0,0.0,0.0,0.0,0.0,0.0,1.0,0.0,0.0,0.0,0.0,0.0,0.0,0.0,1.0,0.0,0.0,0.0,0.0,0.0,0.0,0.0,0.0,0.0,0.0,0.0,0.0,0.0,0.0,0.0]","[-5.547069549560547,-3.909128189086914,-4.835529327392578,-3.5806140899658203]","[-5.503217697143555,-4.433473587036133,-4.770318984985352,-3.355419158935547]","[-3.720024407596952,-1.8946821085133934,-1.9305756682376383,-1.218461838761563]","[-5.740051746368408,-4.198949813842773,-3.969254493713379,-2.9857797622680664]","[-5.740051746368408,-4.198949813842773,-3.969254493713379,-2.9857797622680664]"
0,91,post_capture,"[""coverage"",""coverage"",""coverage"",""coverage""]","[0.0,1.0,0.0,0.9696666598320007,1.0,0.9340000152587891,0.0,0.0,1.0,1.0,0.0,0.0,0.0,0.0,0.0,0.0,0.0,0.0,0.0,0.0,0.0,0.0,0.0,0.0,0.0,0.0,1.0,0.0,0.0,0.0,0.0,0.0,0.0,0.0,1.0,0.0,0.0,0.0,0.0,0.0,0.0,0.0,0.0,0.0,0.0,0.0,0.0,0.0,0.0,0.0]","[6,3,8,3]","[-0.2759178876876831,-0.1560746282339096,-0.11419710516929626,-0.011871733702719212]",False,"[false,false,false,false]","[false,false,false,false]",post_capture,"[0.0,1.0,0.0,0.9693333506584167,1.0,0.9319999814033508,0.0,0.0,1.0,1.0,0.0,0.0,0.0,0.0,0.0,0.0,0.0,0.0,0.0,0.0,0.0,0.0,0.0,0.0,0.0,0.0,1.0,0.0,0.0,0.0,0.0,0.0,0.0,0.0,1.0,0.0,0.0,0.0,0.0,0.0,0.0,0.0,0.0,0.0,0.0,0.0,0.0,0.0,0.0,0.0]","[-5.503217697143555,-4.433473587036133,-4.770318984985352,-3.355419158935547]","[-5.173124313354492,-4.846769332885742,-4.903095245361328,-3.4051895141601562]","[-3.3717225905335377,-1.7178852892803809,-1.8007812018567382,-1.2277178764778205]","[-5.4073615074157715,-4.025005340576172,-3.8121442794799805,-2.994859218597412]","[-5.4073615074157715,-4.025005340576172,-3.8121442794799805,-2.994859218597412]"
0,92,post_capture,"[""coverage"",""coverage"",""coverage"",""coverage""]","[0.0,1.0,0.0,0.9693333506584167,1.0,0.9319999814033508,0.0,0.0,1.0,1.0,0.0,0.0,0.0,0.0,0.0,0.0,0.0,0.0,0.0,0.0,0.0,0.0,0.0,0.0,0.0,0.0,1.0,0.0,0.0,0.0,0.0,0.0,0.0,0.0,1.0,0.0,0.0,0.0,0.0,0.0,0.0,0.0,0.0,0.0,0.0,0.0,0.0,0.0,0.0,0.0]","[8,6,6,3]","[-0.30643537640571594,-0.16958323121070862,-0.11728163808584213,-0.002981490921229124]",False,"[false,false,false,false]","[false,false,false,false]",post_capture,"[0.0,1.0,0.0,0.968999981880188,1.0,0.9300000071525574,0.0,0.0,1.0,1.0,0.0,0.0,0.0,0.0,0.0,0.0,0.0,0.0,0.0,0.0,0.0,0.0,0.0,0.0,0.0,0.0,1.0,0.0,0.0,0.0,0.0,0.0,0.0,0.0,1.0,0.0,0.0,0.0,0.0,0.0,0.0,0.0,0.0,0.0,0.0,0.0,0.0,0.0,0.0,0.0]","[-5.173124313354492,-4.846769332885742,-4.903095245361328,-3.4051895141601562]","[-5.159168243408203,-4.897222518920898,-4.1899566650390625,-3.2463836669921875]","[-3.127075457420055,-1.577586526309567,-1.7036202996842849,-1.2281274169445469]","[-5.183810234069824,-3.858602523803711,-3.6738367080688477,-2.992483377456665]","[-5.183810234069824,-3.858602523803711,-3.6738367080688477,-2.992483377456665]"
0,93,post_capture,"[""coverage"",""coverage"",""coverage"",""coverage""]","[0.0,1.0,0.0,0.968999981880188,1.0,0.9300000071525574,0.0,0.0,1.0,1.0,0.0,0.0,0.0,0.0,0.0,0.0,0.0,0.0,0.0,0.0,0.0,0.0,0.0,0.0,0.0,0.0,1.0,0.0,0.0,0.0,0.0,0.0,0.0,0.0,1.0,0.0,0.0,0.0,0.0,0.0,0.0,0.0,0.0,0.0,0.0,0.0,0.0,0.0,0.0,0.0]","[6,8,8,3]","[-0.22573047876358032,-0.12311660498380661,-0.09956279397010803,-0.00971645675599575]",False,"[false,false,false,false]","[false,false,false,false]",post_capture,"[0.0,1.0,0.0,0.968666672706604,1.0,0.9279999732971191,0.0,0.0,1.0,1.0,0.0,0.0,0.0,0.0,0.0,0.0,0.0,0.0,0.0,0.0,0.0,0.0,0.0,0.0,0.0,0.0,1.0,0.0,0.0,0.0,0.0,0.0,0.0,0.0,1.0,0.0,0.0,0.0,0.0,0.0,0.0,0.0,0.0,0.0,0.0,0.0,0.0,0.0,0.0,0.0]","[-5.159168243408203,-4.897222518920898,-4.1899566650390625,-3.2463836669921875]","[-4.915708541870117,-4.868146896362305,-4.547727584838867,-3.4935665130615234]","[-2.849131394963979,-1.4222255506049075,-1.6023622844428715,-1.2375211373972907]","[-4.914402484893799,-3.6646533012390137,-3.5610342025756836,-3.007768154144287]","[-4.914402484893799,-3.6646533012390137,-3.5610342025756836,-3.007768154144287]"
0,94,post_capture,"[""coverage"",""coverage"",""coverage"",""coverage""]","[0.0,1.0,0.0,0.968666672706604,1.0,0.9279999732971191,0.0,0.0,1.0,1.0,0.0,0.0,0.0,0.0,0.0,0.0,0.0,0.0,0.0,0.0,0.0,0.0,0.0,0.0,0.0,0.0,1.0,0.0,0.0,0.0,0.0,0.0,0.0,0.0,1.0,0.0,0.0,0.0,0.0,0.0,0.0,0.0,0.0,0.0,0.0,0.0,0.0,0.0,0.0,0.0]","[3,8,8,3]","[-0.22351966798305511,-0.10899831354618073,-0.08937956392765045,-0.00810703169554472]",False,"[false,false,false,false]","[false,false,false,false]",post_capture,"[0.0,1.0,0.0,0.9683333039283752,1.0,0.9259999990463257,0.0,0.0,1.0,1.0,0.0,0.0,0.0,0.0,0.0,0.0,0.0,0.0,0.0,0.0,0.0,0.0,0.0,0.0,0.0,0.0,1.0,0.0,0.0,0.0,0.0,0.0,0.0,0.0,1.0,0.0,0.0,0.0,0.0,0.0,0.0,0.0,0.0,0.0,0.0,0.0,0.0,0.0,0.0,0.0]","[-4.915708541870117,-4.868146896362305,-4.547727584838867,-3.4935665130615234]","[-4.946537017822266,-4.336042404174805,-4.573060989379883,-3.7464523315429688]","[-2.6498999153539384,-1.3122312582031321,-1.5179792833058217,-1.2402067481225203]","[-4.72657585144043,-3.509371042251587,-3.4411048889160156,-3.0038490295410156]","[-4.72657585144043,-3.509371042251587,-3.4411048889160156,-3.0038490295410156]"
0,95,post_capture,"[""coverage"",""coverage"",""coverage"",""coverage""]","[0.0,1.0,0.0,0.9683333039283752,1.0,0.9259999990463257,0.0,0.0,1.0,1.0,0.0,0.0,0.0,0.0,0.0,0.0,0.0,0.0,0.0,0.0,0.0,0.0,0.0,0.0,0.0,0.0,1.0,0.0,0.0,0.0,0.0,0.0,0.0,0.0,1.0,0.0,0.0,0.0,0.0,0.0,0.0,0.0,0.0,0.0,0.0,0.0,0.0,0.0,0.0,0.0]","[3,6,6,2]","[-0.202830970287323,-0.10451191663742065,-0.08284974843263626,-0.003721709130331874]",False,"[false,false,false,false]","[false,false,false,false]",post_capture,"[0.0,1.0,0.0,0.9679999947547913,1.0,0.9240000247955322,0.0,0.0,1.0,1.0,0.0,0.0,0.0,0.0,0.0,0.0,0.0,0.0,0.0,0.0,0.0,0.0,0.0,0.0,0.0,0.0,1.0,0.0,0.0,0.0,0.0,0.0,0.0,0.0,1.0,0.0,0.0,0.0,0.0,0.0,0.0,0.0,0.0,0.0,0.0,0.0,0.0,0.0,0.0,0.0]","[-4.946537017822266,-4.336042404174805,-4.573060989379883,-3.7464523315429688]","[-4.683557510375977,-4.026863098144531,-4.041738510131836,-4.128475189208984]","[-2.450889138758468,-1.2153868127847993,-1.4430300195739103,-1.2445451681080562]","[-4.527594089508057,-3.387281656265259,-3.3230819702148438,-2.988083600997925]","[-4.527594089508057,-3.387281656265259,-3.3230819702148438,-2.988083600997925]"
0,96,post_capture,"[""coverage"",""coverage"",""coverage"",""coverage""]","[0.0,1.0,0.0,0.9679999947547913,1.0,0.9240000247955322,0.0,0.0,1.0,1.0,0.0,0.0,0.0,0.0,0.0,0.0,0.0,0.0,0.0,0.0,0.0,0.0,0.0,0.0,0.0,0.0,1.0,0.0,0.0,0.0,0.0,0.0,0.0,0.0,1.0,0.0,0.0,0.0,0.0,0.0,0.0,0.0,0.0,0.0,0.0,0.0,0.0,0.0,0.0,0.0]","[8,8,8,3]","[-0.1511705070734024,-0.09867904335260391,-0.06790716201066971,-0.008826270699501038]",False,"[false,false,false,false]","[false,false,false,false]",post_capture,"[0.0,1.0,0.0,0.9676666855812073,1.0,0.921999990940094,0.0,0.0,1.0,1.0,0.0,0.0,0.0,0.0,0.0,0.0,0.0,0.0,0.0,0.0,0.0,0.0,0.0,0.0,0.0,0.0,1.0,0.0,0.0,0.0,0.0,0.0,0.0,0.0,1.0,0.0,0.0,0.0,0.0,0.0,0.0,0.0,0.0,0.0,0.0,0.0,0.0,0.0,0.0,0.0]","[-4.683557510375977,-4.026863098144531,-4.041738510131836,-4.128475189208984]","[-5.207178115844727,-4.115928649902344,-4.389186859130859,-4.148807525634766]","[-2.2707658267385304,-1.1220958546943218,-1.3739194657992668,-1.2533570292704286]","[-4.351862907409668,-3.2785115242004395,-3.232499599456787,-2.9558768272399902]","[-4.351862907409668,-3.2785115242004395,-3.232499599456787,-2.9558768272399902]"
0,97,post_capture,"[""coverage"",""coverage"",""coverage"",""coverage""]","[0.0,1.0,0.0,0.9676666855812073,1.0,0.921999990940094,0.0,0.0,1.0,1.0,0.0,0.0,0.0,0.0,0.0,0.0,0.0,0.0,0.0,0.0,0.0,0.0,0.0,0.0,0.0,0.0,1.0,0.0,0.0,0.0,0.0,0.0,0.0,0.0,1.0,0.0,0.0,0.0,0.0,0.0,0.0,0.0,0.0,0.0,0.0,0.0,0.0,0.0,0.0,0.0]","[8,3,3,8]","[-0.1694348007440567,-0.08834650367498398,-0.05928831920027733,-0.002255041617900133]",False,"[false,false,false,false]","[false,false,false,false]",post_capture,"[0.0,1.0,0.0,0.9673333168029785,1.0,0.9200000166893005,0.0,0.0,1.0,1.0,0.0,0.0,0.0,0.0,0.0,0.0,0.0,0.0,0.0,0.0,0.0,0.0,0.0,0.0,0.0,0.0,1.0,0.0,0.0,0.0,0.0,0.0,0.0,0.0,1.0,0.0,0.0,0.0,0.0,0.0,0.0,0.0,0.0,0.0,0.0,0.0,0.0,0.0,0.0,0.0]","[-5.207178115844727,-4.115928649902344,-4.389186859130859,-4.148807525634766]","[-5.253995895385742,-4.133817672729492,-4.034784317016602,-4.318580627441406]","[-2.1410053733991194,-1.033754354890624,-1.3192043472612092,-1.2571017763342702]","[-4.192383766174316,-3.1643741130828857,-3.1337878704071045,-2.915135383605957]","[-4.192383766174316,-3.1643741130828857,-3.1337878704071045,-2.915135383605957]"
0,98,post_capture,"[""coverage"",""coverage"",""coverage"",""coverage""]","[0.0,1.0,0.0,0.9673333168029785,1.0,0.9200000166893005,0.0,0.0,1.0,1.0,0.0,0.0,0.0,0.0,0.0,0.0,0.0,0.0,0.0,0.0,0.0,0.0,0.0,0.0,0.0,0.0,1.0,0.0,0.0,0.0,0.0,0.0,0.0,0.0,1.0,0.0,0.0,0.0,0.0,0.0,0.0,0.0,0.0,0.0,0.0,0.0,0.0,0.0,0.0,0.0]","[3,3,6,3]","[-0.12202496826648712,-0.07035820931196213,-0.056982479989528656,-0.00557331508025527]",False,"[false,false,false,false]","[false,false,false,false]",post_capture,"[0.0,1.0,0.0,0.9670000076293945,1.0,0.9179999828338623,0.0,0.0,1.0,1.0,0.0,0.0,0.0,0.0,0.0,0.0,0.0,0.0,0.0,0.0,0.0,0.0,0.0,0.0,0.0,0.0,1.0,0.0,0.0,0.0,0.0,0.0,0.0,0.0,1.0,0.0,0.0,0.0,0.0,0.0,0.0,0.0,0.0,0.0,0.0,0.0,0.0,0.0,0.0,0.0]","[-5.253995895385742,-4.133817672729492,-4.034784317016602,-4.318580627441406]","[-4.8740997314453125,-4.297885894775391,-3.7549991607666016,-4.24052619934082]","[-1.9914854269243056,-0.9549574254703436,-1.2726424525867999,-1.2675219542589597]","[-4.0009307861328125,-3.053060531616211,-3.0566484928131104,-2.8698675632476807]","[-4.0009307861328125,-3.053060531616211,-3.0566484928131104,-2.8698675632476807]"
0,99,post_capture,"[""coverage"",""coverage"",""coverage"",""coverage""]","[0.0,1.0,0.0,0.9670000076293945,1.0,0.9179999828338623,0.0,0.0,1.0,1.0,0.0,0.0,0.0,0.0,0.0,0.0,0.0,0.0,0.0,0.0,0.0,0.0,0.0,0.0,0.0,0.0,1.0,0.0,0.0,0.0,0.0,0.0,0.0,0.0,1.0,0.0,0.0,0.0,0.0,0.0,0.0,0.0,0.0,0.0,0.0,0.0,0.0,0.0,0.0,0.0]","[8,6,8,6]","[-0.10270754992961884,-0.05835947394371033,-0.04657372087240219,-0.006117043551057577]",False,"[false,false,false,false]","[false,false,false,false]",post_capture,"[0.0,1.0,0.0,0.9666666388511658,1.0,0.9160000085830688,0.0,0.0,1.0,1.0,0.0,0.0,0.0,0.0,0.0,0.0,0.0,0.0,0.0,0.0,0.0,0.0,0.0,0.0,0.0,0.0,1.0,0.0,0.0,0.0,0.0,0.0,0.0,0.0,1.0,0.0,0.0,0.0,0.0,0.0,0.0,0.0,0.0,0.0,0.0,0.0,0.0,0.0,0.0,0.0]","[-4.8740997314453125,-4.297885894775391,-3.7549991607666016,-4.24052619934082]","[-5.153562545776367,-4.457452774047852,-4.126213073730469,-4.123832702636719]","[-1.8883438976341602,-0.8935345617761429,-1.2279393662598699,-1.2746955951300045]","[-3.867770195007324,-2.9451961517333984,-2.9918060302734375,-2.8223159313201904]","[-3.867770195007324,-2.9451961517333984,-2.9918060302734375,-2.8223159313201904]"
0,100,post_capture,"[""coverage"",""coverage"",""coverage"",""coverage""]","[0.0,1.0,0.0,0.9666666388511658,1.0,0.9160000085830688,0.0,0.0,1.0,1.0,0.0,0.0,0.0,0.0,0.0,0.0,0.0,0.0,0.0,0.0,0.0,0.0,0.0,0.0,0.0,0.0,1.0,0.0,0.0,0.0,0.0,0.0,0.0,0.0,1.0,0.0,0.0,0.0,0.0,0.0,0.0,0.0,0.0,0.0,0.0,0.0,0.0,0.0,0.0,0.0]","[3,6,8,6]","[-0.10954421013593674,-0.04530787840485573,-0.03930840268731117,-0.0010410344693809748]",False,"[false,false,false,false]","[false,false,false,false]",post_capture,"[0.0,1.0,0.0,0.9663333296775818,1.0,0.9139999747276306,0.0,0.0,1.0,1.0,0.0,0.0,0.0,0.0,0.0,0.0,0.0,0.0,0.0,0.0,0.0,0.0,0.0,0.0,0.0,0.0,1.0,0.0,0.0,0.0,0.0,0.0,0.0,0.0,1.0,0.0,0.0,0.0,0.0,0.0,0.0,0.0,0.0,0.0,0.0,0.0,0.0,0.0,0.0,0.0]","[-5.153562545776367,-4.457452774047852,-4.126213073730469,-4.123832702636719]","[-4.806711196899414,-4.393930435180664,-4.11115837097168,-3.8978347778320312]","[-1.8036730784894357,-0.84361119983074,-1.193298631704513,-1.2813924763423707]","[-3.7320165634155273,-2.834867000579834,-2.914391040802002,-2.77731990814209]","[-3.7320165634155273,-2.834867000579834,-2.914391040802002,-2.77731990814209]"
0,101,post_capture,"[""coverage"",""coverage"",""coverage"",""coverage""]","[0.0,1.0,0.0,0.9663333296775818,1.0,0.9139999747276306,0.0,0.0,1.0,1.0,0.0,0.0,0.0,0.0,0.0,0.0,0.0,0.0,0.0,0.0,0.0,0.0,0.0,0.0,0.0,0.0,1.0,0.0,0.0,0.0,0.0,0.0,0.0,0.0,1.0,0.0,0.0,0.0,0.0,0.0,0.0,0.0,0.0,0.0,0.0,0.0,0.0,0.0,0.0,0.0]","[8,6,8,6]","[-0.08163309842348099,-0.03873434290289879,-0.027684694156050682,-0.0019937490578740835]",False,"[false,false,false,false]","[false,false,false,false]",post_capture,"[0.0,1.0,0.0,0.9660000205039978,1.0,0.9120000004768372,0.0,0.0,1.0,1.0,0.0,0.0,0.0,0.0,0.0,0.0,0.0,0.0,0.0,0.0,0.0,0.0,0.0,0.0,0.0,0.0,1.0,0.0,0.0,0.0,0.0,0.0,0.0,0.0,1.0,0.0,0.0,0.0,0.0,0.0,0.0,0.0,0.0,0.0,0.0,0.0,0.0,0.0,0.0,0.0]","[-4.806711196899414,-4.393930435180664,-4.11115837097168,-3.8978347778320312]","[-4.80171012878418,-4.1384429931640625,-3.842653274536133,-3.41473388671875]","[-1.7112412811651505,-0.806366991339277,-1.1656466959769713,-1.2932842847201917]","[-3.598660469055176,-2.73477840423584,-2.8405954837799072,-2.7467689514160156]","[-3.598660469055176,-2.73477840423584,-2.8405954837799072,-2.7467689514160156]"
0,102,post_capture,"[""coverage"",""coverage"",""coverage"",""coverage""]","[0.0,1.0,0.0,0.9660000205039978,1.0,0.9120000004768372,0.0,0.0,1.0,1.0,0.0,0.0,0.0,0.0,0.0,0.0,0.0,0.0,0.0,0.0,0.0,0.0,0.0,0.0,0.0,0.0,1.0,0.0,0.0,0.0,0.0,0.0,0.0,0.0,1.0,0.0,0.0,0.0,0.0,0.0,0.0,0.0,0.0,0.0,0.0,0.0,0.0,0.0,0.0,0.0]","[3,6,2,7]","[-0.06713761389255524,-0.029506970196962357,-0.0186088178306818,-0.001779676298610866]",False,"[false,false,false,false]","[false,false,false,false]",post_capture,"[0.0,1.0,0.0,0.965666651725769,1.0,0.9100000262260437,0.0,0.0,1.0,1.0,0.0,0.0,0.0,0.0,0.0,0.0,0.0,0.0,0.0,0.0,0.0,0.0,0.0,0.0,0.0,0.0,1.0,0.0,0.0,0.0,0.0,0.0,0.0,0.0,1.0,0.0,0.0,0.0,0.0,0.0,0.0,0.0,0.0,0.0,0.0,0.0,0.0,0.0,0.0,0.0]","[-4.80171012878418,-4.1384429931640625,-3.842653274536133,-3.41473388671875]","[-4.395612716674805,-3.916891098022461,-3.936159133911133,-3.2388763427734375]","[-1.646068871456232,-0.7753865135720992,-1.1494565674958794,-1.3043338744063815]","[-3.4868075847625732,-2.648794174194336,-2.7886223793029785,-2.7386984825134277]","[-3.4868075847625732,-2.648794174194336,-2.7886223793029785,-2.7386984825134277]"
0,103,post_capture,"[""coverage"",""coverage"",""coverage"",""coverage""]","[0.0,1.0,0.0,0.965666651725769,1.0,0.9100000262260437,0.0,0.0,1.0,1.0,0.0,0.0,0.0,0.0,0.0,0.0,0.0,0.0,0.0,0.0,0.0,0.0,0.0,0.0,0.0,0.0,1.0,0.0,0.0,0.0,0.0,0.0,0.0,0.0,1.0,0.0,0.0,0.0,0.0,0.0,0.0,0.0,0.0,0.0,0.0,0.0,0.0,0.0,0.0,0.0]","[2,6,6,3]","[-0.058203086256980896,-0.02643422596156597,-0.01226409524679184,-0.0017639739671722054]",False,"[false,false,false,false]","[false,false,false,false]",post_capture,"[0.0,1.0,0.0,0.9653333425521851,1.0,0.9079999923706055,0.0,0.0,1.0,1.0,0.0,0.0,0.0,0.0,0.0,0.0,0.0,0.0,0.0,0.0,0.0,0.0,0.0,0.0,0.0,0.0,1.0,0.0,0.0,0.0,0.0,0.0,0.0,0.0,1.0,0.0,0.0,0.0,0.0,0.0,0.0,0.0,0.0,0.0,0.0,0.0,0.0,0.0,0.0,0.0]","[-4.395612716674805,-3.916891098022461,-3.936159133911133,-3.2388763427734375]","[-4.745014190673828,-3.450712203979492,-3.175334930419922,-2.9828338623046875]","[-1.594880058145128,-0.7534136801769059,-1.1422704542072704,-1.3157113112199703]","[-3.4046647548675537,-2.5788421630859375,-2.7380900382995605,-2.739600419998169]","[-3.4046647548675537,-2.5788421630859375,-2.7380900382995605,-2.739600419998169]"
0,104,post_capture,"[""coverage"",""coverage"",""coverage"",""coverage""]","[0.0,1.0,0.0,0.9653333425521851,1.0,0.9079999923706055,0.0,0.0,1.0,1.0,0.0,0.0,0.0,0.0,0.0,0.0,0.0,0.0,0.0,0.0,0.0,0.0,0.0,0.0,0.0,0.0,1.0,0.0,0.0,0.0,0.0,0.0,0.0,0.0,1.0,0.0,0.0,0.0,0.0,0.0,0.0,0.0,0.0,0.0,0.0,0.0,0.0,0.0,0.0,0.0]","[3,8,6,2]","[-0.050737164914608,-0.019685326144099236,-0.007110632956027985,-0.00020516812219284475]",False,"[false,false,false,false]","[false,false,false,false]",post_capture,"[0.0,1.0,0.0,0.9649999737739563,1.0,0.906000018119812,0.03333333507180214,0.0,1.0,1.0,0.0,0.0,0.0,0.0,0.0,0.0,0.0,0.0,0.0,0.0,0.0,0.0,0.0,0.0,0.0,0.0,1.0,0.0,0.0,0.0,0.0,0.0,0.0,0.0,1.0,0.0,0.0,0.0,0.0,0.0,0.0,0.0,0.0,0.0,0.0,0.0,0.0,0.0,0.0,0.0]","[-4.745014190673828,-3.450712203979492,-3.175334930419922,-2.9828338623046875]","[-4.797325134277344,-4.021852493286133,-3.251800537109375,-3.723001480102539]","[-1.5521989615031788,-0.734322681025596,-1.141420564606544,-1.327219532578584]","[-3.3084352016448975,-2.5322675704956055,-2.7311501502990723,-2.75405216217041]","[-3.3084352016448975,-2.5322675704956055,-2.7311501502990723,-2.75405216217041]"
0,105,post_capture,"[""coverage"",""coverage"",""coverage"",""coverage""]","[0.0,1.0,0.0,0.9649999737739563,1.0,0.906000018119812,0.03333333507180214,0.0,1.0,1.0,0.0,0.0,0.0,0.0,0.0,0.0,0.0,0.0,0.0,0.0,0.0,0.0,0.0,0.0,0.0,0.0,1.0,0.0,0.0,0.0,0.0,0.0,0.0,0.0,1.0,0.0,0.0,0.0,0.0,0.0,0.0,0.0,0.0,0.0,0.0,0.0,0.0,0.0,0.0,0.0]","[3,8,8,8]","[-0.04113234207034111,-0.012644392438232899,-0.0077938479371368885,-0.0014967303723096848]",False,"[false,false,false,false]","[false,false,false,false]",post_capture,"[0.0,1.0,0.0,0.9646666646003723,1.0,0.9039999842643738,0.06666667014360428,0.0,1.0,1.0,0.0,0.0,0.0,0.0,0.0,0.0,0.0,0.0,0.0,0.0,0.0,0.0,0.0,0.0,0.0,0.0,1.0,0.0,0.0,0.0,0.0,0.0,0.0,0.0,1.0,0.0,0.0,0.0,0.0,0.0,0.0,0.0,0.0,0.0,0.0,0.0,0.0,0.0,0.0,0.0]","[-4.797325134277344,-4.021852493286133,-3.251800537109375,-3.723001480102539]","[-4.853410720825195,-4.060552597045898,-3.7000904083251953,-3.8219242095947266]","[-1.5166280773621927,-0.7218559140217139,-1.145767607727794,-1.3404185499559507]","[-3.2113027572631836,-2.459862232208252,-2.725226402282715,-2.732119560241699]","[-3.2113027572631836,-2.459862232208252,-2.725226402282715,-2.732119560241699]"
0,106,post_capture,"[""coverage"",""coverage"",""coverage"",""coverage""]","[0.0,1.0,0.0,0.9646666646003723,1.0,0.9039999842643738,0.06666667014360428,0.0,1.0,1.0,0.0,0.0,0.0,0.0,0.0,0.0,0.0,0.0,0.0,0.0,0.0,0.0,0.0,0.0,0.0,0.0,1.0,0.0,0.0,0.0,0.0,0.0,0.0,0.0,1.0,0.0,0.0,0.0,0.0,0.0,0.0,0.0,0.0,0.0,0.0,0.0,0.0,0.0,0.0,0.0]","[6,3,8,6]","[-0.0420067273080349,-0.009556355886161327,-0.00044423091458156705,-0.0035845974925905466]",False,"[false,false,false,false]","[false,false,false,false]",post_capture,"[0.0,1.0,0.0,0.9643333554267883,1.0,0.9020000100135803,0.10000000149011612,0.0,1.0,1.0,0.0,0.0,0.0,0.0,0.0,0.0,0.0,0.0,0.0,0.0,0.0,0.0,0.0,0.0,0.0,0.0,1.0,0.0,0.0,0.0,0.0,0.0,0.0,0.0,1.0,0.0,0.0,0.0,0.0,0.0,0.0,0.0,0.0,0.0,0.0,0.0,0.0,0.0,0.0,0.0]","[-4.853410720825195,-4.060552597045898,-3.7000904083251953,-3.8219242095947266]","[-4.225765228271484,-3.478670120239258,-3.302875518798828,-3.1227779388427734]","[-1.490399732618032,-0.7163752743267485,-1.149468444232987,-1.3524462824077181]","[-3.115285873413086,-2.3883259296417236,-2.6946072578430176,-2.7022194862365723]","[-3.115285873413086,-2.3883259296417236,-2.6946072578430176,-2.7022194862365723]"
0,107,post_capture,"[""coverage"",""coverage"",""coverage"",""coverage""]","[0.0,1.0,0.0,0.9643333554267883,1.0,0.9020000100135803,0.10000000149011612,0.0,1.0,1.0,0.0,0.0,0.0,0.0,0.0,0.0,0.0,0.0,0.0,0.0,0.0,0.0,0.0,0.0,0.0,0.0,1.0,0.0,0.0,0.0,0.0,0.0,0.0,0.0,1.0,0.0,0.0,0.0,0.0,0.0,0.0,0.0,0.0,0.0,0.0,0.0,0.0,0.0,0.0,0.0]","[8,6,8,8]","[-0.035859595984220505,-0.012673531658947468,-0.0025604628026485443,-0.003027022583410144]",False,"[false,false,false,false]","[false,false,false,false]",post_capture,"[0.0,1.0,0.0,0.9639999866485596,1.0,0.8999999761581421,0.13333334028720856,0.0,1.0,1.0,0.0,0.0,0.0,0.0,0.0,0.0,0.0,0.0,0.0,0.0,0.0,0.0,0.0,0.0,0.0,0.0,1.0,0.0,0.0,0.0,0.0,0.0,0.0,0.0,1.0,0.0,0.0,0.0,0.0,0.0,0.0,0.0,0.0,0.0,0.0,0.0,0.0,0.0,0.0,0.0]","[-4.225765228271484,-3.478670120239258,-3.302875518798828,-3.1227779388427734]","[-4.633623123168945,-2.837665557861328,-3.352832794189453,-3.194608688354492]","[-1.463023237686866,-0.7139585034753406,-1.1606305185034398,-1.3624865504193209]","[-3.045299530029297,-2.34617280960083,-2.6907715797424316,-2.705005168914795]","[-3.045299530029297,-2.34617280960083,-2.6907715797424316,-2.705005168914795]"
0,108,post_capture,"[""coverage"",""coverage"",""coverage"",""coverage""]","[0.0,1.0,0.0,0.9639999866485596,1.0,0.8999999761581421,0.13333334028720856,0.0,1.0,1.0,0.0,0.0,0.0,0.0,0.0,0.0,0.0,0.0,0.0,0.0,0.0,0.0,0.0,0.0,0.0,0.0,1.0,0.0,0.0,0.0,0.0,0.0,0.0,0.0,1.0,0.0,0.0,0.0,0.0,0.0,0.0,0.0,0.0,0.0,0.0,0.0,0.0,0.0,0.0,0.0]","[8,3,2,3]","[-0.02977563627064228,-0.018508030101656914,-0.0007369823870249093,-0.005753535311669111]",False,"[false,false,false,false]","[false,false,false,false]",post_capture,"[0.0,1.0,0.0,0.9636666774749756,1.0,0.8980000019073486,0.1666666716337204,0.0,1.0,1.0,0.0,0.0,0.0,0.0,0.0,0.0,0.0,0.0,0.0,0.0,0.0,0.0,0.0,0.0,0.0,0.0,1.0,0.0,0.0,0.0,0.0,0.0,0.0,0.0,1.0,0.0,0.0,0.0,0.0,0.0,0.0,0.0,0.0,0.0,0.0,0.0,0.0,0.0,0.0,0.0]","[-4.633623123168945,-2.837665557861328,-3.352832794189453,-3.194608688354492]","[-4.350746154785156,-2.556741714477539,-3.181509017944336,-2.609628677368164]","[-1.4415794360632783,-0.7083686584003971,-1.1697677330311023,-1.3731914422584957]","[-2.9559547901153564,-2.331775188446045,-2.681813955307007,-2.7047793865203857]","[-2.9559547901153564,-2.331775188446045,-2.681813955307007,-2.7047793865203857]"
0,109,post_capture,"[""coverage"",""coverage"",""coverage"",""coverage""]","[0.0,1.0,0.0,0.9636666774749756,1.0,0.8980000019073486,0.1666666716337204,0.0,1.0,1.0,0.0,0.0,0.0,0.0,0.0,0.0,0.0,0.0,0.0,0.0,0.0,0.0,0.0,0.0,0.0,0.0,1.0,0.0,0.0,0.0,0.0,0.0,0.0,0.0,1.0,0.0,0.0,0.0,0.0,0.0,0.0,0.0,0.0,0.0,0.0,0.0,0.0,0.0,0.0,0.0]","[6,8,3,3]","[-0.02310098148882389,-0.0203331857919693,-0.0032999750692397356,-0.008053475059568882]",False,"[false,false,false,false]","[false,false,false,false]",post_capture,"[0.0,1.0,0.0,0.9633333086967468,1.0,0.8960000276565552,0.20000000298023224,0.0,1.0,1.0,0.0,0.0,0.0,0.0,0.0,0.0,0.0,0.0,0.0,0.0,0.0,0.0,0.0,0.0,0.0,0.0,1.0,0.0,0.0,0.0,0.0,0.0,0.0,0.0,1.0,0.0,0.0,0.0,0.0,0.0,0.0,0.0,0.0,0.0,0.0,0.0,0.0,0.0,0.0,0.0]","[-4.350746154785156,-2.556741714477539,-3.181509017944336,-2.609628677368164]","[-3.8940162658691406,-2.843660354614258,-2.4286670684814453,-2.819826126098633]","[-1.426064444234986,-0.696828917473475,-1.1808391420647246,-1.3812504110574007]","[-2.882315158843994,-2.3250489234924316,-2.6832454204559326,-2.732428789138794]","[-2.882315158843994,-2.3250489234924316,-2.6832454204559326,-2.732428789138794]"
0,110,post_capture,"[""coverage"",""coverage"",""coverage"",""coverage""]","[0.0,1.0,0.0,0.9633333086967468,1.0,0.8960000276565552,0.20000000298023224,0.0,1.0,1.0,0.0,0.0,0.0,0.0,0.0,0.0,0.0,0.0,0.0,0.0,0.0,0.0,0.0,0.0,0.0,0.0,1.0,0.0,0.0,0.0,0.0,0.0,0.0,0.0,1.0,0.0,0.0,0.0,0.0,0.0,0.0,0.0,0.0,0.0,0.0,0.0,0.0,0.0,0.0,0.0]","[3,2,2,8]","[-0.018005656078457832,-0.018717505037784576,-0.00617699371650815,-0.011011539027094841]",False,"[false,false,false,false]","[false,false,false,false]",post_capture,"[0.0,1.0,0.0,0.9629999995231628,1.0,0.8939999938011169,0.23333333432674408,0.0,1.0,1.0,0.0,0.0,0.0,0.0,0.0,0.0,0.0,0.0,0.0,0.0,0.0,0.0,0.0,0.0,0.0,0.0,1.0,0.0,0.0,0.0,0.0,0.0,0.0,0.0,1.0,0.0,0.0,0.0,0.0,0.0,0.0,0.0,0.0,0.0,0.0,0.0,0.0,0.0,0.0,0.0]","[-3.8940162658691406,-2.843660354614258,-2.4286670684814453,-2.819826126098633]","[-3.910440444946289,-3.1742210388183594,-2.868030548095703,-2.9422855377197266]","[-1.417134810854709,-0.6833290219005108,-1.1894335020156412,-1.387067612119022]","[-2.8351516723632812,-2.3008553981781006,-2.721665620803833,-2.748318910598755]","[-2.8351516723632812,-2.3008553981781006,-2.721665620803833,-2.748318910598755]"
0,111,post_capture,"[""coverage"",""coverage"",""coverage"",""coverage""]","[0.0,1.0,0.0,0.9629999995231628,1.0,0.8939999938011169,0.23333333432674408,0.0,1.0,1.0,0.0,0.0,0.0,0.0,0.0,0.0,0.0,0.0,0.0,0.0,0.0,0.0,0.0,0.0,0.0,0.0,1.0,0.0,0.0,0.0,0.0,0.0,0.0,0.0,1.0,0.0,0.0,0.0,0.0,0.0,0.0,0.0,0.0,0.0,0.0,0.0,0.0,0.0,0.0,0.0]","[8,2,2,8]","[-0.01228340994566679,-0.01869385503232479,-0.009864137507975101,-0.01597888395190239]",False,"[false,false,false,false]","[false,false,false,false]",post_capture,"[0.0,1.0,0.0,0.9626666903495789,1.0,0.8920000195503235,0.2666666805744171,0.0,1.0,1.0,0.0,0.0,0.0,0.0,0.0,0.0,0.0,0.0,0.0,0.0,0.0,0.0,0.0,0.0,0.0,0.0,1.0,0.0,0.0,0.0,0.0,0.0,0.0,0.0,1.0,0.0,0.0,0.0,0.0,0.0,0.0,0.0,0.0,0.0,0.0,0.0,0.0,0.0,0.0,0.0]","[-3.910440444946289,-3.1742210388183594,-2.868030548095703,-2.9422855377197266]","[-4.466087341308594,-3.737119674682617,-3.3108043670654297,-3.0491905212402344]","[-1.413261772501264,-0.6713247645078043,-1.1952085942415487,-1.389955629385785]","[-2.789558172225952,-2.259451150894165,-2.736332893371582,-2.7556235790252686]","[-2.789558172225952,-2.259451150894165,-2.736332893371582,-2.7556235790252686]"
0,112,post_capture,"[""coverage"",""coverage"",""coverage"",""coverage""]","[0.0,1.0,0.0,0.9626666903495789,1.0,0.8920000195503235,0.2666666805744171,0.0,1.0,1.0,0.0,0.0,0.0,0.0,0.0,0.0,0.0,0.0,0.0,0.0,0.0,0.0,0.0,0.0,0.0,0.0,1.0,0.0,0.0,0.0,0.0,0.0,0.0,0.0,1.0,0.0,0.0,0.0,0.0,0.0,0.0,0.0,0.0,0.0,0.0,0.0,0.0,0.0,0.0,0.0]","[6,8,2,2]","[-0.015669865533709526,-0.021654505282640457,-0.003376781940460205,-0.018394513055682182]",False,"[false,false,false,false]","[false,false,false,false]",post_capture,"[0.0,1.0,0.0,0.9623333215713501,1.0,0.8899999856948853,0.30000001192092896,0.0,1.0,1.0,0.0,0.0,0.0,0.0,0.0,0.0,0.0,0.0,0.0,0.0,0.0,0.0,0.0,0.0,0.0,0.0,1.0,0.0,0.0,0.0,0.0,0.0,0.0,0.0,1.0,0.0,0.0,0.0,0.0,0.0,0.0,0.0,0.0,0.0,0.0,0.0,0.0,0.0,0.0,0.0]","[-4.466087341308594,-3.737119674682617,-3.3108043670654297,-3.0491905212402344]","[-3.9561996459960938,-3.660614013671875,-3.8691177368164062,-3.397216796875]","[-1.415129659147068,-0.6592231408843228,-1.1973176330642157,-1.3878552984180634]","[-2.7179198265075684,-2.185826301574707,-2.724703788757324,-2.7524824142456055]","[-2.7179198265075684,-2.185826301574707,-2.724703788757324,-2.7524824142456055]"
0,113,post_capture,"[""coverage"",""coverage"",""coverage"",""coverage""]","[0.0,1.0,0.0,0.9623333215713501,1.0,0.8899999856948853,0.30000001192092896,0.0,1.0,1.0,0.0,0.0,0.0,0.0,0.0,0.0,0.0,0.0,0.0,0.0,0.0,0.0,0.0,0.0,0.0,0.0,1.0,0.0,0.0,0.0,0.0,0.0,0.0,0.0,1.0,0.0,0.0,0.0,0.0,0.0,0.0,0.0,0.0,0.0,0.0,0.0,0.0,0.0,0.0,0.0]","[6,8,3,2]","[-0.014728008769452572,-0.02117740921676159,-0.00816972553730011,-0.021903250366449356]",False,"[false,false,false,false]","[false,false,false,false]",post_capture,"[0.0,1.0,0.0,0.9620000123977661,1.0,0.8880000114440918,0.3333333432674408,0.0,1.0,1.0,0.0,0.0,0.0,0.0,0.0,0.0,0.0,0.0,0.0,0.0,0.0,0.0,0.0,0.0,0.0,0.0,1.0,0.0,0.0,0.0,0.0,0.0,0.0,0.0,1.0,0.0,0.0,0.0,0.0,0.0,0.0,0.0,0.0,0.0,0.0,0.0,0.0,0.0,0.0,0.0]","[-3.9561996459960938,-3.660614013671875,-3.8691177368164062,-3.397216796875]","[-3.6713314056396484,-3.549772262573242,-3.7590408325195312,-4.02235221862793]","[-1.4135957511246044,-0.6440087228299821,-1.206000859720965,-1.383293722588264]","[-2.664984703063965,-2.1084225177764893,-2.689851999282837,-2.728256940841675]","[-2.664984703063965,-2.1084225177764893,-2.689851999282837,-2.728256940841675]"
0,114,post_capture,"[""coverage"",""coverage"",""coverage"",""coverage""]","[0.0,1.0,0.0,0.9620000123977661,1.0,0.8880000114440918,0.3333333432674408,0.0,1.0,1.0,0.0,0.0,0.0,0.0,0.0,0.0,0.0,0.0,0.0,0.0,0.0,0.0,0.0,0.0,0.0,0.0,1.0,0.0,0.0,0.0,0.0,0.0,0.0,0.0,1.0,0.0,0.0,0.0,0.0,0.0,0.0,0.0,0.0,0.0,0.0,0.0,0.0,0.0,0.0,0.0]","[3,8,8,2]","[-0.017701970413327217,-0.0160665400326252,-0.008135239593684673,-0.02325556054711342]",False,"[false,false,false,false]","[false,false,false,false]",post_capture,"[0.0,1.0,0.0,0.9616666436195374,1.0,0.8859999775886536,0.36666667461395264,0.0,1.0,1.0,0.0,0.0,0.0,0.0,0.0,0.0,0.0,0.0,0.0,0.0,0.0,0.0,0.0,0.0,0.0,0.0,1.0,0.0,0.0,0.0,0.0,0.0,0.0,0.0,1.0,0.0,0.0,0.0,0.0,0.0,0.0,0.0,0.0,0.0,0.0,0.0,0.0,0.0,0.0,0.0]","[-3.6713314056396484,-3.549772262573242,-3.7590408325195312,-4.02235221862793]","[-3.2810020446777344,-3.3248062133789062,-3.434999465942383,-4.112268447875977]","[-1.4129977195506584,-0.6291225390032531,-1.2099304385693586,-1.375141891133146]","[-2.624695301055908,-2.0324630737304688,-2.6534924507141113,-2.6658666133880615]","[-2.624695301055908,-2.0324630737304688,-2.6534924507141113,-2.6658666133880615]"
0,115,post_capture,"[""coverage"",""coverage"",""coverage"",""coverage""]","[0.0,1.0,0.0,0.9616666436195374,1.0,0.8859999775886536,0.36666667461395264,0.0,1.0,1.0,0.0,0.0,0.0,0.0,0.0,0.0,0.0,0.0,0.0,0.0,0.0,0.0,0.0,0.0,0.0,0.0,1.0,0.0,0.0,0.0,0.0,0.0,0.0,0.0,1.0,0.0,0.0,0.0,0.0,0.0,0.0,0.0,0.0,0.0,0.0,0.0,0.0,0.0,0.0,0.0]","[3,8,2,8]","[-0.02544461004436016,-0.009426010772585869,-0.0092208506539464,-0.02406296506524086]",False,"[false,false,false,false]","[false,false,false,false]",post_capture,"[0.0,1.0,0.0,0.9613333344459534,1.0,0.8840000033378601,0.4000000059604645,0.0,1.0,1.0,0.0,0.0,0.0,0.0,0.0,0.0,0.0,0.0,0.0,0.0,0.0,0.0,0.0,0.0,0.0,0.0,1.0,0.0,0.0,0.0,0.0,0.0,0.0,0.0,1.0,0.0,0.0,0.0,0.0,0.0,0.0,0.0,0.0,0.0,0.0,0.0,0.0,0.0,0.0,0.0]","[-3.2810020446777344,-3.3248062133789062,-3.434999465942383,-4.112268447875977]","[-2.946565628051758,-3.0496253967285156,-3.50732421875,-4.007255554199219]","[-1.409389645593264,-0.6192484838087151,-1.2139345444198726,-1.3655417480666998]","[-2.599238634109497,-1.9689723253250122,-2.6319241523742676,-2.5933585166931152]","[-2.599238634109497,-1.9689723253250122,-2.6319241523742676,-2.5933585166931152]"
0,116,post_capture,"[""coverage"",""coverage"",""coverage"",""coverage""]","[0.0,1.0,0.0,0.9613333344459534,1.0,0.8840000033378601,0.4000000059604645,0.0,1.0,1.0,0.0,0.0,0.0,0.0,0.0,0.0,0.0,0.0,0.0,0.0,0.0,0.0,0.0,0.0,0.0,0.0,1.0,0.0,0.0,0.0,0.0,0.0,0.0,0.0,1.0,0.0,0.0,0.0,0.0,0.0,0.0,0.0,0.0,0.0,0.0,0.0,0.0,0.0,0.0,0.0]","[3,8,8,8]","[-0.030947279185056686,-0.00602524820715189,-0.010816730558872223,-0.025605272501707077]",False,"[false,false,false,false]","[false,false,false,false]",post_capture,"[0.0,1.0,0.0,0.9610000252723694,1.0,0.8820000290870667,0.4333333373069763,0.0,1.0,1.0,0.0,0.0,0.0,0.0,0.0,0.0,0.0,0.0,0.0,0.0,0.0,0.0,0.0,0.0,0.0,0.0,1.0,0.0,0.0,0.0,0.0,0.0,0.0,0.0,1.0,0.0,0.0,0.0,0.0,0.0,0.0,0.0,0.0,0.0,0.0,0.0,0.0,0.0,0.0,0.0]","[-2.946565628051758,-3.0496253967285156,-3.50732421875,-4.007255554199219]","[-2.410737991333008,-2.5784854888916016,-3.2616844177246094,-3.8097305297851562]","[-1.397924278332226,-0.6159822959960901,-1.216882518955481,-1.3550290737388475]","[-2.581540822982788,-1.923008680343628,-2.6040306091308594,-2.5209319591522217]","[-2.581540822982788,-1.923008680343628,-2.6040306091308594,-2.5209319591522217]"
0,117,post_capture,"[""coverage"",""coverage"",""coverage"",""coverage""]","[0.0,1.0,0.0,0.9610000252723694,1.0,0.8820000290870667,0.4333333373069763,0.0,1.0,1.0,0.0,0.0,0.0,0.0,0.0,0.0,0.0,0.0,0.0,0.0,0.0,0.0,0.0,0.0,0.0,0.0,1.0,0.0,0.0,0.0,0.0,0.0,0.0,0.0,1.0,0.0,0.0,0.0,0.0,0.0,0.0,0.0,0.0,0.0,0.0,0.0,0.0,0.0,0.0,0.0]","[3,8,8,8]","[-0.03821048140525818,-0.003647596575319767,-0.010390129871666431,-0.03276221081614494]",False,"[false,false,false,false]","[false,false,false,false]",post_capture,"[0.0,1.0,0.0,0.9606666564941406,1.0,0.8799999952316284,0.46666666865348816,0.0,1.0,1.0,0.0,0.0,0.0,0.0,0.0,0.0,0.0,0.0,0.0,0.0,0.0,0.0,0.0,0.0,0.0,0.0,1.0,0.0,0.0,0.0,0.0,0.0,0.0,0.0,1.0,0.0,0.0,0.0,0.0,0.0,0.0,0.0,0.0,0.0,0.0,0.0,0.0,0.0,0.0,0.0]","[-2.410737991333008,-2.5784854888916016,-3.2616844177246094,-3.8097305297851562]","[-1.9947853088378906,-2.2509632110595703,-2.876199722290039,-3.550628662109375]","[-1.3807848476234035,-0.6161182300898366,-1.2182482711076856,-1.3428523244819601]","[-2.585073947906494,-1.9025499820709229,-2.585603952407837,-2.4526796340942383]","[-2.585073947906494,-1.9025499820709229,-2.585603952407837,-2.4526796340942383]"
0,118,post_capture,"[""coverage"",""coverage"",""coverage"",""coverage""]","[0.0,1.0,0.0,0.9606666564941406,1.0,0.8799999952316284,0.46666666865348816,0.0,1.0,1.0,0.0,0.0,0.0,0.0,0.0,0.0,0.0,0.0,0.0,0.0,0.0,0.0,0.0,0.0,0.0,0.0,1.0,0.0,0.0,0.0,0.0,0.0,0.0,0.0,1.0,0.0,0.0,0.0,0.0,0.0,0.0,0.0,0.0,0.0,0.0,0.0,0.0,0.0,0.0,0.0]","[3,8,2,8]","[-0.05068127065896988,-0.0017664087936282158,-0.011297907680273056,-0.03595520555973053]",False,"[false,false,false,false]","[false,false,false,false]",post_capture,"[0.0,1.0,0.0,0.9603333473205566,1.0,0.878000020980835,0.5,0.0,1.0,1.0,0.0,0.0,0.0,0.0,0.0,0.0,0.0,0.0,0.0,0.0,0.0,0.0,0.0,0.0,0.0,0.0,1.0,0.0,0.0,0.0,0.0,0.0,0.0,0.0,1.0,0.0,0.0,0.0,0.0,0.0,0.0,0.0,0.0,0.0,0.0,0.0,0.0,0.0,0.0,0.0]","[-1.9947853088378906,-2.2509632110595703,-2.876199722290039,-3.550628662109375]","[-1.4418182373046875,-1.7094802856445312,-2.766876220703125,-3.1428165435791016]","[-1.356135723452672,-0.618657205570219,-1.2200587285212314,-1.323323347137187]","[-2.6030001640319824,-1.9005632400512695,-2.5867536067962646,-2.386136293411255]","[-2.6030001640319824,-1.9005632400512695,-2.5867536067962646,-2.386136293411255]"
0,119,post_capture,"[""coverage"",""coverage"",""coverage"",""coverage""]","[0.0,1.0,0.0,0.9603333473205566,1.0,0.878000020980835,0.5,0.0,1.0,1.0,0.0,0.0,0.0,0.0,0.0,0.0,0.0,0.0,0.0,0.0,0.0,0.0,0.0,0.0,0.0,0.0,1.0,0.0,0.0,0.0,0.0,0.0,0.0,0.0,1.0,0.0,0.0,0.0,0.0,0.0,0.0,0.0,0.0,0.0,0.0,0.0,0.0,0.0,0.0,0.0]","[2,8,8,8]","[-0.05865564942359924,-0.0011974871158599854,-0.014038341119885445,-0.032755352556705475]",False,"[false,false,false,false]","[false,false,false,false]",post_capture,"[0.0,1.0,0.0,0.9599999785423279,1.0,0.8759999871253967,0.5333333611488342,0.0,1.0,1.0,0.0,0.0,0.0,0.0,0.0,0.0,0.0,0.0,0.0,0.0,0.0,0.0,0.0,0.0,0.0,0.0,1.0,0.0,0.0,0.0,0.0,0.0,0.0,0.0,1.0,0.0,0.0,0.0,0.0,0.0,0.0,0.0,0.0,0.0,0.0,0.0,0.0,0.0,0.0,0.0]","[-1.4418182373046875,-1.7094802856445312,-2.766876220703125,-3.1428165435791016]","[-2.021760940551758,-1.5846614837646484,-2.7949981689453125,-3.177999496459961]","[-1.31864086140778,-0.6231220169460513,-1.220970526101978,-1.300371860179249]","[-2.637904167175293,-1.9289499521255493,-2.5927648544311523,-2.333451986312866]","[-2.637904167175293,-1.9289499521255493,-2.5927648544311523,-2.333451986312866]"
0,120,post_capture,"[""coverage"",""coverage"",""coverage"",""coverage""]","[0.0,1.0,0.0,0.9599999785423279,1.0,0.8759999871253967,0.5333333611488342,0.0,1.0,1.0,0.0,0.0,0.0,0.0,0.0,0.0,0.0,0.0,0.0,0.0,0.0,0.0,0.0,0.0,0.0,0.0,1.0,0.0,0.0,0.0,0.0,0.0,0.0,0.0,1.0,0.0,0.0,0.0,0.0,0.0,0.0,0.0,0.0,0.0,0.0,0.0,0.0,0.0,0.0,0.0]","[2,2,8,8]","[-0.06719040870666504,-0.0019107352709397674,-0.015499547123908997,-0.029877375811338425]",False,"[false,false,false,false]","[false,false,false,false]",post_capture,"[0.0,1.0,0.0,0.9596666693687439,1.0,0.8740000128746033,0.0,0.0,1.0,1.0,0.0,0.0,0.0,0.0,0.0,0.0,0.0,0.0,0.0,0.0,0.0,0.0,0.0,0.0,0.0,0.0,1.0,0.0,0.0,0.0,0.0,0.0,0.0,0.0,1.0,0.0,0.0,0.0,0.0,0.0,0.0,0.0,0.0,0.0,0.0,0.0,0.0,0.0,0.0,0.0]","[-2.021760940551758,-1.5846614837646484,-2.7949981689453125,-3.177999496459961]","[-2.008718490600586,-1.3062152862548828,-2.7723941802978516,-3.1138038635253906]","[-1.2727123353375565,-0.628206595788072,-1.219123419173831,-1.2804207147702462]","[-2.636013984680176,-1.9663069248199463,-2.5947625637054443,-2.2789852619171143]","[-2.636013984680176,-1.9663069248199463,-2.5947625637054443,-2.2789852619171143]"
0,121,post_capture,"[""coverage"",""coverage"",""coverage"",""coverage""]","[0.0,1.0,0.0,0.9596666693687439,1.0,0.8740000128746033,0.0,0.0,1.0,1.0,0.0,0.0,0.0,0.0,0.0,0.0,0.0,0.0,0.0,0.0,0.0,0.0,0.0,0.0,0.0,0.0,1.0,0.0,0.0,0.0,0.0,0.0,0.0,0.0,1.0,0.0,0.0,0.0,0.0,0.0,0.0,0.0,0.0,0.0,0.0,0.0,0.0,0.0,0.0,0.0]","[2,2,8,6]","[-0.0720878392457962,-0.004305345006287098,-0.015026467852294445,-0.032329071313142776]",False,"[false,false,false,false]","[false,false,false,false]",post_capture,"[0.0,1.0,0.0,0.9593333601951599,1.0,0.871999979019165,0.0,0.0,1.0,1.0,0.0,0.0,0.0,0.0,0.0,0.0,0.0,0.0,0.0,0.0,0.0,0.0,0.0,0.0,0.0,0.0,1.0,0.0,0.0,0.0,0.0,0.0,0.0,0.0,1.0,0.0,0.0,0.0,0.0,0.0,0.0,0.0,0.0,0.0,0.0,0.0,0.0,0.0,0.0,0.0]","[-2.008718490600586,-1.3062152862548828,-2.7723941802978516,-3.1138038635253906]","[-2.225749969482422,-1.3467636108398438,-2.791837692260742,-2.4608325958251953]","[-1.2176989157887792,-0.6326220813304366,-1.2157816889393152,-1.2631750898574827]","[-2.6256160736083984,-2.0199241638183594,-2.596522569656372,-2.227511405944824]","[-2.6256160736083984,-2.0199241638183594,-2.596522569656372,-2.227511405944824]"
0,122,post_capture,"[""coverage"",""coverage"",""coverage"",""coverage""]","[0.0,1.0,0.0,0.9593333601951599,1.0,0.871999979019165,0.0,0.0,1.0,1.0,0.0,0.0,0.0,0.0,0.0,0.0,0.0,0.0,0.0,0.0,0.0,0.0,0.0,0.0,0.0,0.0,1.0,0.0,0.0,0.0,0.0,0.0,0.0,0.0,1.0,0.0,0.0,0.0,0.0,0.0,0.0,0.0,0.0,0.0,0.0,0.0,0.0,0.0,0.0,0.0]","[2,2,3,6]","[-0.07749318331480026,-0.006336442194879055,-0.017510930076241493,-0.034134380519390106]",False,"[false,false,false,false]","[false,false,false,false]",post_capture,"[0.0,1.0,0.0,0.9589999914169312,1.0,0.8700000047683716,0.0,0.0,1.0,1.0,0.0,0.0,0.0,0.0,0.0,0.0,0.0,0.0,0.0,0.0,0.0,0.0,0.0,0.0,0.0,0.0,1.0,0.0,0.0,0.0,0.0,0.0,0.0,0.0,1.0,0.0,0.0,0.0,0.0,0.0,0.0,0.0,0.0,0.0,0.0,0.0,0.0,0.0,0.0,0.0]","[-2.225749969482422,-1.3467636108398438,-2.791837692260742,-2.4608325958251953]","[-3.5744895935058594,-1.619283676147461,-2.417093276977539,-1.9624595642089844]","[-1.1571829055989726,-0.6346633700243934,-1.2128840617040613,-1.2432788066104443]","[-2.597930431365967,-2.0722529888153076,-2.5978734493255615,-2.2045414447784424]","[-2.597930431365967,-2.0722529888153076,-2.5978734493255615,-2.2045414447784424]"
0,123,post_capture,"[""coverage"",""coverage"",""coverage"",""coverage""]","[0.0,1.0,0.0,0.9589999914169312,1.0,0.8700000047683716,0.0,0.0,1.0,1.0,0.0,0.0,0.0,0.0,0.0,0.0,0.0,0.0,0.0,0.0,0.0,0.0,0.0,0.0,0.0,0.0,1.0,0.0,0.0,0.0,0.0,0.0,0.0,0.0,1.0,0.0,0.0,0.0,0.0,0.0,0.0,0.0,0.0,0.0,0.0,0.0,0.0,0.0,0.0,0.0]","[8,8,2,8]","[-0.08262047171592712,-0.010038052685558796,-0.016985153779387474,-0.038440655916929245]",False,"[false,false,false,false]","[false,false,false,false]",post_capture,"[0.0,1.0,0.0,0.9586666822433472,1.0,0.8679999709129333,0.0,0.0,1.0,1.0,0.0,0.0,0.0,0.0,0.0,0.0,0.0,0.0,0.0,0.0,0.0,0.0,0.0,0.0,0.0,0.0,1.0,0.0,0.0,0.0,0.0,0.0,0.0,0.0,1.0,0.0,0.0,0.0,0.0,0.0,0.0,0.0,0.0,0.0,0.0,0.0,0.0,0.0,0.0,0.0]","[-3.5744895935058594,-1.619283676147461,-2.417093276977539,-1.9624595642089844]","[-2.844005584716797,-1.2368049621582031,-2.7655715942382812,-2.1329727172851562]","[-1.0905956790749216,-0.634673664474257,-1.2074476077048684,-1.22135800615258]","[-2.491759777069092,-2.111389636993408,-2.616391658782959,-2.2044286727905273]","[-2.491759777069092,-2.111389636993408,-2.616391658782959,-2.2044286727905273]"
0,124,post_capture,"[""coverage"",""coverage"",""coverage"",""coverage""]","[0.0,1.0,0.0,0.9586666822433472,1.0,0.8679999709129333,0.0,0.0,1.0,1.0,0.0,0.0,0.0,0.0,0.0,0.0,0.0,0.0,0.0,0.0,0.0,0.0,0.0,0.0,0.0,0.0,1.0,0.0,0.0,0.0,0.0,0.0,0.0,0.0,1.0,0.0,0.0,0.0,0.0,0.0,0.0,0.0,0.0,0.0,0.0,0.0,0.0,0.0,0.0,0.0]","[8,2,8,8]","[-0.0858864039182663,-0.01293015107512474,-0.018094003200531006,-0.03338277339935303]",False,"[false,false,false,false]","[false,false,false,false]",post_capture,"[0.0,1.0,0.0,0.9583333134651184,1.0,0.8659999966621399,0.0,0.0,1.0,1.0,0.0,0.0,0.0,0.0,0.0,0.0,0.0,0.0,0.0,0.0,0.0,0.0,0.0,0.0,0.0,0.0,1.0,0.0,0.0,0.0,0.0,0.0,0.0,0.0,1.0,0.0,0.0,0.0,0.0,0.0,0.0,0.0,0.0,0.0,0.0,0.0,0.0,0.0,0.0,0.0]","[-2.844005584716797,-1.2368049621582031,-2.7655715942382812,-2.1329727172851562]","[-2.562204360961914,-1.4148693084716797,-2.701517105102539,-2.1755638122558594]","[-1.0181567751100955,-0.6309450624128264,-1.2024873271974554,-1.1948660103390412]","[-2.411867141723633,-2.1691970825195312,-2.6182994842529297,-2.190755844116211]","[-2.411867141723633,-2.1691970825195312,-2.6182994842529297,-2.190755844116211]"
0,125,post_capture,"[""coverage"",""coverage"",""coverage"",""coverage""]","[0.0,1.0,0.0,0.9583333134651184,1.0,0.8659999966621399,0.0,0.0,1.0,1.0,0.0,0.0,0.0,0.0,0.0,0.0,0.0,0.0,0.0,0.0,0.0,0.0,0.0,0.0,0.0,0.0,1.0,0.0,0.0,0.0,0.0,0.0,0.0,0.0,1.0,0.0,0.0,0.0,0.0,0.0,0.0,0.0,0.0,0.0,0.0,0.0,0.0,0.0,0.0,0.0]","[8,2,6,6]","[-0.08659842610359192,-0.014086105860769749,-0.022935252636671066,-0.030599452555179596]",False,"[false,false,false,false]","[false,false,false,false]",post_capture,"[0.0,1.0,0.0,0.9580000042915344,1.0,0.8640000224113464,0.0,0.0,1.0,1.0,0.0,0.0,0.0,0.0,0.0,0.0,0.0,0.0,0.0,0.0,0.0,0.0,0.0,0.0,0.0,0.0,1.0,0.0,0.0,0.0,0.0,0.0,0.0,0.0,1.0,0.0,0.0,0.0,0.0,0.0,0.0,0.0,0.0,0.0,0.0,0.0,0.0,0.0,0.0,0.0]","[-2.562204360961914,-1.4148693084716797,-2.701517105102539,-2.1755638122558594]","[-2.7494239807128906,-2.166910171508789,-2.0921897888183594,-1.4670677185058594]","[-0.9416872436281103,-0.6242574861996987,-1.1963568929261863,-1.17321539084817]","[-2.3382792472839355,-2.218214511871338,-2.6225204467773438,-2.179354190826416]","[-2.3382792472839355,-2.218214511871338,-2.6225204467773438,-2.179354190826416]"
0,126,post_capture,"[""coverage"",""coverage"",""coverage"",""coverage""]","[0.0,1.0,0.0,0.9580000042915344,1.0,0.8640000224113464,0.0,0.0,1.0,1.0,0.0,0.0,0.0,0.0,0.0,0.0,0.0,0.0,0.0,0.0,0.0,0.0,0.0,0.0,0.0,0.0,1.0,0.0,0.0,0.0,0.0,0.0,0.0,0.0,1.0,0.0,0.0,0.0,0.0,0.0,0.0,0.0,0.0,0.0,0.0,0.0,0.0,0.0,0.0,0.0]","[8,2,3,2]","[-0.0878266915678978,-0.015031292103230953,-0.021331043913960457,-0.031793396919965744]",False,"[false,false,false,false]","[false,false,false,false]",post_capture,"[0.0,1.0,0.0,0.9576666951179504,1.0,0.8619999885559082,0.0,0.0,1.0,1.0,0.0,0.0,0.0,0.0,0.0,0.0,0.0,0.0,0.0,0.0,0.0,0.0,0.0,0.0,0.0,0.0,1.0,0.0,0.0,0.0,0.0,0.0,0.0,0.0,1.0,0.0,0.0,0.0,0.0,0.0,0.0,0.0,0.0,0.0,0.0,0.0,0.0,0.0,0.0,0.0]","[-2.7494239807128906,-2.166910171508789,-2.0921897888183594,-1.4670677185058594]","[-2.824472427368164,-2.6595096588134766,-1.8348140716552734,-1.9110698699951172]","[-0.8637260783075943,-0.6163347276150797,-1.1852743841308235,-1.154157513427263]","[-2.249425172805786,-2.229523181915283,-2.6539306640625,-2.20747971534729]","[-2.249425172805786,-2.229523181915283,-2.6539306640625,-2.20747971534729]"
0,127,post_capture,"[""coverage"",""coverage"",""coverage"",""coverage""]","[0.0,1.0,0.0,0.9576666951179504,1.0,0.8619999885559082,0.0,0.0,1.0,1.0,0.0,0.0,0.0,0.0,0.0,0.0,0.0,0.0,0.0,0.0,0.0,0.0,0.0,0.0,0.0,0.0,1.0,0.0,0.0,0.0,0.0,0.0,0.0,0.0,1.0,0.0,0.0,0.0,0.0,0.0,0.0,0.0,0.0,0.0,0.0,0.0,0.0,0.0,0.0,0.0]","[8,8,3,3]","[-0.08526865392923355,-0.018190061673521996,-0.021659860387444496,-0.03410901501774788]",False,"[false,false,false,false]","[false,false,false,false]",post_capture,"[0.0,1.0,0.0,0.9573333263397217,1.0,0.8600000143051147,0.0,0.0,1.0,1.0,0.0,0.0,0.0,0.0,0.0,0.0,0.0,0.0,0.0,0.0,0.0,0.0,0.0,0.0,0.0,0.0,1.0,0.0,0.0,0.0,0.0,0.0,0.0,0.0,1.0,0.0,0.0,0.0,0.0,0.0,0.0,0.0,0.0,0.0,0.0,0.0,0.0,0.0,0.0,0.0]","[-2.824472427368164,-2.6595096588134766,-1.8348140716552734,-1.9110698699951172]","[-3.087308883666992,-2.6893348693847656,-2.010313034057617,-1.8135318756103516]","[-0.7837367542825218,-0.607377207587726,-1.175700343653397,-1.1337011277851488]","[-2.1496939659118652,-2.214615821838379,-2.7025797367095947,-2.2127468585968018]","[-2.1496939659118652,-2.214615821838379,-2.7025797367095947,-2.2127468585968018]"
0,128,post_capture,"[""coverage"",""coverage"",""coverage"",""coverage""]","[0.0,1.0,0.0,0.9573333263397217,1.0,0.8600000143051147,0.0,0.0,1.0,1.0,0.0,0.0,0.0,0.0,0.0,0.0,0.0,0.0,0.0,0.0,0.0,0.0,0.0,0.0,0.0,0.0,1.0,0.0,0.0,0.0,0.0,0.0,0.0,0.0,1.0,0.0,0.0,0.0,0.0,0.0,0.0,0.0,0.0,0.0,0.0,0.0,0.0,0.0,0.0,0.0]","[8,8,8,3]","[-0.07922976464033127,-0.018256856128573418,-0.0254201740026474,-0.03515740856528282]",False,"[false,false,false,false]","[false,false,false,false]",post_capture,"[0.0,1.0,0.0,0.9570000171661377,1.0,0.8579999804496765,0.0,0.0,1.0,1.0,0.0,0.0,0.0,0.0,0.0,0.0,0.0,0.0,0.0,0.0,0.0,0.0,0.0,0.0,0.0,0.0,1.0,0.0,0.0,0.0,0.0,0.0,0.0,0.0,1.0,0.0,0.0,0.0,0.0,0.0,0.0,0.0,0.0,0.0,0.0,0.0,0.0,0.0,0.0,0.0]","[-3.087308883666992,-2.6893348693847656,-2.010313034057617,-1.8135318756103516]","[-3.2567100524902344,-2.9542999267578125,-2.438640594482422,-1.9257736206054688]","[-0.7055233336901902,-0.5951385312264686,-1.1656974578443966,-1.1106991038054554]","[-2.0325393676757812,-2.1938369274139404,-2.744719982147217,-2.2210185527801514]","[-2.0325393676757812,-2.1938369274139404,-2.744719982147217,-2.2210185527801514]"
0,129,post_capture,"[""coverage"",""coverage"",""coverage"",""coverage""]","[0.0,1.0,0.0,0.9570000171661377,1.0,0.8579999804496765,0.0,0.0,1.0,1.0,0.0,0.0,0.0,0.0,0.0,0.0,0.0,0.0,0.0,0.0,0.0,0.0,0.0,0.0,0.0,0.0,1.0,0.0,0.0,0.0,0.0,0.0,0.0,0.0,1.0,0.0,0.0,0.0,0.0,0.0,0.0,0.0,0.0,0.0,0.0,0.0,0.0,0.0,0.0,0.0]","[8,6,3,3]","[-0.07146197557449341,-0.01870354823768139,-0.03044518455862999,-0.03791416063904762]",False,"[false,false,false,false]","[false,false,false,false]",post_capture,"[0.0,1.0,0.0,0.9566666483879089,1.0,0.8560000061988831,0.0,0.0,1.0,1.0,0.0,0.0,0.0,0.0,0.0,0.0,0.0,0.0,0.0,0.0,0.0,0.0,0.0,0.0,0.0,0.0,1.0,0.0,0.0,0.0,0.0,0.0,0.0,0.0,1.0,0.0,0.0,0.0,0.0,0.0,0.0,0.0,0.0,0.0,0.0,0.0,0.0,0.0,0.0,0.0]","[-3.2567100524902344,-2.9542999267578125,-2.438640594482422,-1.9257736206054688]","[-2.9142684936523438,-2.255472183227539,-1.9809608459472656,-1.7613697052001953]","[-0.6326197667170292,-0.5827087627251467,-1.151795236203787,-1.0864057527678512]","[-1.9054784774780273,-2.157726764678955,-2.7629847526550293,-2.2227914333343506]","[-1.9054784774780273,-2.157726764678955,-2.7629847526550293,-2.2227914333343506]"
0,130,post_capture,"[""coverage"",""coverage"",""coverage"",""coverage""]","[0.0,1.0,0.0,0.9566666483879089,1.0,0.8560000061988831,0.0,0.0,1.0,1.0,0.0,0.0,0.0,0.0,0.0,0.0,0.0,0.0,0.0,0.0,0.0,0.0,0.0,0.0,0.0,0.0,1.0,0.0,0.0,0.0,0.0,0.0,0.0,0.0,1.0,0.0,0.0,0.0,0.0,0.0,0.0,0.0,0.0,0.0,0.0,0.0,0.0,0.0,0.0,0.0]","[8,8,2,3]","[-0.062178708612918854,-0.01843254454433918,-0.034300919622182846,-0.04552828520536423]",False,"[false,false,false,false]","[false,false,false,false]",post_capture,"[0.0,1.0,0.0,0.956333339214325,1.0,0.8539999723434448,0.0,0.0,1.0,1.0,0.0,0.0,0.0,0.0,0.0,0.0,0.0,0.0,0.0,0.0,0.0,0.0,0.0,0.0,0.0,0.0,1.0,0.0,0.0,0.0,0.0,0.0,0.0,0.0,1.0,0.0,0.0,0.0,0.0,0.0,0.0,0.0,0.0,0.0,0.0,0.0,0.0,0.0,0.0,0.0]","[-2.9142684936523438,-2.255472183227539,-1.9809608459472656,-1.7613697052001953]","[-2.7123165130615234,-2.2116527557373047,-2.0908451080322266,-1.5118560791015625]","[-0.5668260516591271,-0.5697022368560256,-1.132676819843593,-1.0590824162917207]","[-1.796661615371704,-2.1556379795074463,-2.801150321960449,-2.230397939682007]","[-1.796661615371704,-2.1556379795074463,-2.801150321960449,-2.230397939682007]"
0,131,post_capture,"[""coverage"",""coverage"",""coverage"",""coverage""]","[0.0,1.0,0.0,0.956333339214325,1.0,0.8539999723434448,0.0,0.0,1.0,1.0,0.0,0.0,0.0,0.0,0.0,0.0,0.0,0.0,0.0,0.0,0.0,0.0,0.0,0.0,0.0,0.0,1.0,0.0,0.0,0.0,0.0,0.0,0.0,0.0,1.0,0.0,0.0,0.0,0.0,0.0,0.0,0.0,0.0,0.0,0.0,0.0,0.0,0.0,0.0,0.0]","[8,2,2,3]","[-0.05800768360495567,-0.015969356521964073,-0.032945360988378525,-0.047576725482940674]",False,"[false,false,false,false]","[false,false,false,false]",post_capture,"[0.0,1.0,0.0,0.9559999704360962,1.0,0.8519999980926514,0.0,0.0,1.0,1.0,0.0,0.0,0.0,0.0,0.0,0.0,0.0,0.0,0.0,0.0,0.0,0.0,0.0,0.0,0.0,0.0,1.0,0.0,0.0,0.0,0.0,0.0,0.0,0.0,1.0,0.0,0.0,0.0,0.0,0.0,0.0,0.0,0.0,0.0,0.0,0.0,0.0,0.0,0.0,0.0]","[-2.7123165130615234,-2.2116527557373047,-2.0908451080322266,-1.5118560791015625]","[-2.464632034301758,-2.788837432861328,-2.7298316955566406,-1.3217391967773438]","[-0.509744790955766,-0.5568380730421075,-1.1094706062842528,-1.0237920516023804]","[-1.701460361480713,-2.1560111045837402,-2.831847667694092,-2.2435224056243896]","[-1.701460361480713,-2.1560111045837402,-2.831847667694092,-2.2435224056243896]"
0,132,post_capture,"[""coverage"",""coverage"",""coverage"",""coverage""]","[0.0,1.0,0.0,0.9559999704360962,1.0,0.8519999980926514,0.0,0.0,1.0,1.0,0.0,0.0,0.0,0.0,0.0,0.0,0.0,0.0,0.0,0.0,0.0,0.0,0.0,0.0,0.0,0.0,1.0,0.0,0.0,0.0,0.0,0.0,0.0,0.0,1.0,0.0,0.0,0.0,0.0,0.0,0.0,0.0,0.0,0.0,0.0,0.0,0.0,0.0,0.0,0.0]","[8,6,3,3]","[-0.0438508503139019,-0.01609073020517826,-0.036374397575855255,-0.05358336865901947]",False,"[false,false,false,false]","[false,false,false,false]",post_capture,"[0.0,1.0,0.0,0.9556666612625122,1.0,0.8500000238418579,0.0,0.0,1.0,1.0,0.0,0.0,0.0,0.0,0.0,0.0,0.0,0.0,0.0,0.0,0.0,0.0,0.0,0.0,0.0,0.0,1.0,0.0,0.0,0.0,0.0,0.0,0.0,0.0,1.0,0.0,0.0,0.0,0.0,0.0,0.0,0.0,0.0,0.0,0.0,0.0,0.0,0.0,0.0,0.0]","[-2.464632034301758,-2.788837432861328,-2.7298316955566406,-1.3217391967773438]","[-1.952392578125,-1.963430404663086,-2.4636478424072266,-0.9928474426269531]","[-0.4563001084351619,-0.5463320368890338,-1.0873992376726003,-0.9860760869893331]","[-1.6177067756652832,-2.1286487579345703,-2.8322970867156982,-2.2653050422668457]","[-1.6177067756652832,-2.1286487579345703,-2.8322970867156982,-2.2653050422668457]"
0,133,post_capture,"[""coverage"",""coverage"",""coverage"",""coverage""]","[0.0,1.0,0.0,0.9556666612625122,1.0,0.8500000238418579,0.0,0.0,1.0,1.0,0.0,0.0,0.0,0.0,0.0,0.0,0.0,0.0,0.0,0.0,0.0,0.0,0.0,0.0,0.0,0.0,1.0,0.0,0.0,0.0,0.0,0.0,0.0,0.0,1.0,0.0,0.0,0.0,0.0,0.0,0.0,0.0,0.0,0.0,0.0,0.0,0.0,0.0,0.0,0.0]","[6,8,2,6]","[-0.043644264340400696,-0.011576281860470772,-0.03802994638681412,-0.06007777154445648]",False,"[false,false,false,false]","[false,false,false,false]",post_capture,"[0.0,1.0,0.0,0.9553333520889282,1.0,0.8479999899864197,0.0,0.0,1.0,1.0,0.0,0.0,0.0,0.0,0.0,0.0,0.0,0.0,0.0,0.0,0.0,0.0,0.0,0.0,0.0,0.0,1.0,0.0,0.0,0.0,0.0,0.0,0.0,0.0,1.0,0.0,0.0,0.0,0.0,0.0,0.0,0.0,0.0,0.0,0.0,0.0,0.0,0.0,0.0,0.0]","[-1.952392578125,-1.963430404663086,-2.4636478424072266,-0.9928474426269531]","[-2.0269126892089844,-2.416810989379883,-4.393209457397461,-1.1984825134277344]","[-0.41661541224369697,-0.5355972794786419,-1.0616412526229748,-0.9419118366972865]","[-1.5706671476364136,-2.142868995666504,-2.8431389331817627,-2.299389362335205]","[-1.5706671476364136,-2.142868995666504,-2.8431389331817627,-2.299389362335205]"
0,134,post_capture,"[""coverage"",""coverage"",""coverage"",""coverage""]","[0.0,1.0,0.0,0.9553333520889282,1.0,0.8479999899864197,0.0,0.0,1.0,1.0,0.0,0.0,0.0,0.0,0.0,0.0,0.0,0.0,0.0,0.0,0.0,0.0,0.0,0.0,0.0,0.0,1.0,0.0,0.0,0.0,0.0,0.0,0.0,0.0,1.0,0.0,0.0,0.0,0.0,0.0,0.0,0.0,0.0,0.0,0.0,0.0,0.0,0.0,0.0,0.0]","[6,3,3,3]","[-0.03387239947915077,-0.013372780755162239,-0.03929070010781288,-0.06314445286989212]",False,"[false,false,false,false]","[false,false,false,false]",post_capture,"[0.0,1.0,0.0,0.9549999833106995,1.0,0.8460000157356262,0.0,0.0,1.0,1.0,0.0,0.0,0.0,0.0,0.0,0.0,0.0,0.0,0.0,0.0,0.0,0.0,0.0,0.0,0.0,0.0,1.0,0.0,0.0,0.0,0.0,0.0,0.0,0.0,1.0,0.0,0.0,0.0,0.0,0.0,0.0,0.0,0.0,0.0,0.0,0.0,0.0,0.0,0.0,0.0]","[-2.0269126892089844,-2.416810989379883,-4.393209457397461,-1.1984825134277344]","[-1.8423728942871094,-2.0974349975585938,-4.400299072265625,-1.3339042663574219]","[-0.3767385332356528,-0.5293141390082536,-1.0339508143799603,-0.8907414799523535]","[-1.5169492959976196,-2.1389267444610596,-2.751350164413452,-2.317902088165283]","[-1.5169492959976196,-2.1389267444610596,-2.751350164413452,-2.317902088165283]"
0,135,post_capture,"[""coverage"",""coverage"",""coverage"",""coverage""]","[0.0,1.0,0.0,0.9549999833106995,1.0,0.8460000157356262,0.0,0.0,1.0,1.0,0.0,0.0,0.0,0.0,0.0,0.0,0.0,0.0,0.0,0.0,0.0,0.0,0.0,0.0,0.0,0.0,1.0,0.0,0.0,0.0,0.0,0.0,0.0,0.0,1.0,0.0,0.0,0.0,0.0,0.0,0.0,0.0,0.0,0.0,0.0,0.0,0.0,0.0,0.0,0.0]","[6,2,3,3]","[-0.022678004577755928,-0.016139855608344078,-0.04382245987653732,-0.06384335458278656]",False,"[false,false,false,false]","[false,false,false,false]",post_capture,"[0.0,1.0,0.0,0.9546666741371155,1.0,0.843999981880188,0.0,0.0,1.0,1.0,0.0,0.0,0.0,0.0,0.0,0.0,0.0,0.0,0.0,0.0,0.0,0.0,0.0,0.0,0.0,0.0,1.0,0.0,0.0,0.0,0.0,0.0,0.0,0.0,1.0,0.0,0.0,0.0,0.0,0.0,0.0,0.0,0.0,0.0,0.0,0.0,0.0,0.0,0.0,0.0]","[-1.8423728942871094,-2.0974349975585938,-4.400299072265625,-1.3339042663574219]","[-2.0391387939453125,-2.997394561767578,-4.755271911621094,-2.062314987182617]","[-0.3463294280368708,-0.5211528871243347,-1.0047071861334822,-0.8359565930125873]","[-1.479935646057129,-2.1496341228485107,-2.652040958404541,-2.327197551727295]","[-1.479935646057129,-2.1496341228485107,-2.652040958404541,-2.327197551727295]"
0,136,post_capture,"[""coverage"",""coverage"",""coverage"",""coverage""]","[0.0,1.0,0.0,0.9546666741371155,1.0,0.843999981880188,0.0,0.0,1.0,1.0,0.0,0.0,0.0,0.0,0.0,0.0,0.0,0.0,0.0,0.0,0.0,0.0,0.0,0.0,0.0,0.0,1.0,0.0,0.0,0.0,0.0,0.0,0.0,0.0,1.0,0.0,0.0,0.0,0.0,0.0,0.0,0.0,0.0,0.0,0.0,0.0,0.0,0.0,0.0,0.0]","[8,3,6,6]","[-0.0208768118172884,-0.013267268426716328,-0.04791690781712532,-0.06466656178236008]",False,"[false,false,false,false]","[false,false,false,false]",post_capture,"[0.0,1.0,0.0,0.9543333053588867,1.0,0.8420000076293945,0.0,0.0,1.0,1.0,0.0,0.0,0.0,0.0,0.0,0.0,0.0,0.0,0.0,0.0,0.0,0.0,0.0,0.0,0.0,0.0,1.0,0.0,0.0,0.0,0.0,0.0,0.0,0.0,1.0,0.0,0.0,0.0,0.0,0.0,0.0,0.0,0.0,0.0,0.0,0.0,0.0,0.0,0.0,0.0]","[-2.0391387939453125,-2.997394561767578,-4.755271911621094,-2.062314987182617]","[-1.9932117462158203,-2.530303955078125,-3.212697982788086,-1.5615119934082031]","[-0.3269206297566817,-0.5101141732484754,-0.9705906325827727,-0.7799123620503038]","[-1.442126989364624,-2.110710620880127,-2.5229480266571045,-2.2980008125305176]","[-1.442126989364624,-2.110710620880127,-2.5229480266571045,-2.2980008125305176]"
0,137,post_capture,"[""coverage"",""coverage"",""coverage"",""coverage""]","[0.0,1.0,0.0,0.9543333053588867,1.0,0.8420000076293945,0.0,0.0,1.0,1.0,0.0,0.0,0.0,0.0,0.0,0.0,0.0,0.0,0.0,0.0,0.0,0.0,0.0,0.0,0.0,0.0,1.0,0.0,0.0,0.0,0.0,0.0,0.0,0.0,1.0,0.0,0.0,0.0,0.0,0.0,0.0,0.0,0.0,0.0,0.0,0.0,0.0,0.0,0.0,0.0]","[8,3,8,3]","[-0.012936839833855629,-0.013963833451271057,-0.05555333197116852,-0.07183310389518738]",False,"[false,false,false,false]","[false,false,false,false]",post_capture,"[0.0,1.0,0.0,0.9539999961853027,1.0,0.8399999737739563,0.0,0.0,1.0,1.0,0.0,0.0,0.0,0.0,0.0,0.0,0.0,0.0,0.0,0.0,0.0,0.0,0.0,0.0,0.0,0.0,1.0,0.0,0.0,0.0,0.0,0.0,0.0,0.0,1.0,0.0,0.0,0.0,0.0,0.0,0.0,0.0,0.0,0.0,0.0,0.0,0.0,0.0,0.0,0.0]","[-1.9932117462158203,-2.530303955078125,-3.212697982788086,-1.5615119934082031]","[-1.2842216491699219,-2.0334396362304688,-1.7465248107910156,-1.4132575988769531]","[-0.3091351696357508,-0.5018655604260193,-0.9319936613794417,-0.7224705053211553]","[-1.4062585830688477,-2.0969626903533936,-2.4625227451324463,-2.2924394607543945]","[-1.4062585830688477,-2.0969626903533936,-2.4625227451324463,-2.2924394607543945]"
0,138,post_capture,"[""coverage"",""coverage"",""coverage"",""coverage""]","[0.0,1.0,0.0,0.9539999961853027,1.0,0.8399999737739563,0.0,0.0,1.0,1.0,0.0,0.0,0.0,0.0,0.0,0.0,0.0,0.0,0.0,0.0,0.0,0.0,0.0,0.0,0.0,0.0,1.0,0.0,0.0,0.0,0.0,0.0,0.0,0.0,1.0,0.0,0.0,0.0,0.0,0.0,0.0,0.0,0.0,0.0,0.0,0.0,0.0,0.0,0.0,0.0]","[8,3,8,3]","[-0.006135380361229181,-0.016371240839362144,-0.060767762362957,-0.0704258531332016]",False,"[false,false,false,false]","[false,false,false,false]",post_capture,"[0.0,1.0,0.0,0.9536666870117188,1.0,0.8379999995231628,0.0,0.0,1.0,1.0,0.0,0.0,0.0,0.0,0.0,0.0,0.0,0.0,0.0,0.0,0.0,0.0,0.0,0.0,0.0,0.0,1.0,0.0,0.0,0.0,0.0,0.0,0.0,0.0,1.0,0.0,0.0,0.0,0.0,0.0,0.0,0.0,0.0,0.0,0.0,0.0,0.0,0.0,0.0,0.0]","[-1.2842216491699219,-2.0334396362304688,-1.7465248107910156,-1.4132575988769531]","[-0.6929988861083984,-1.7915687561035156,-1.2068405151367188,-1.4892196655273438]","[-0.2991902321231264,-0.4928300272472204,-0.8852932620285588,-0.6572094963898666]","[-1.4138785600662231,-2.107754945755005,-2.4673218727111816,-2.2867093086242676]","[-1.4138785600662231,-2.107754945755005,-2.4673218727111816,-2.2867093086242676]"
0,139,post_capture,"[""coverage"",""coverage"",""coverage"",""coverage""]","[0.0,1.0,0.0,0.9536666870117188,1.0,0.8379999995231628,0.0,0.0,1.0,1.0,0.0,0.0,0.0,0.0,0.0,0.0,0.0,0.0,0.0,0.0,0.0,0.0,0.0,0.0,0.0,0.0,1.0,0.0,0.0,0.0,0.0,0.0,0.0,0.0,1.0,0.0,0.0,0.0,0.0,0.0,0.0,0.0,0.0,0.0,0.0,0.0,0.0,0.0,0.0,0.0]","[8,6,2,6]","[-0.006550183519721031,-0.01477168221026659,-0.06595826894044876,-0.060357436537742615]",False,"[false,false,false,false]","[false,false,false,false]",post_capture,"[0.0,1.0,0.0,0.95333331823349,1.0,0.8360000252723694,0.0,0.0,1.0,1.0,0.0,0.0,0.0,0.0,0.0,0.0,0.0,0.0,0.0,0.0,0.0,0.0,0.0,0.0,0.0,0.0,1.0,0.0,0.0,0.0,0.0,0.0,0.0,0.0,1.0,0.0,0.0,0.0,0.0,0.0,0.0,0.0,0.0,0.0,0.0,0.0,0.0,0.0,0.0,0.0]","[-0.6929988861083984,-1.7915687561035156,-1.2068405151367188,-1.4892196655273438]","[-0.17926406860351562,-1.3274669647216797,-1.7232170104980469,-0.9472198486328125]","[-0.29601500177969414,-0.4812715014220791,-0.8328540400662645,-0.5927107507643081]","[-1.460329294204712,-2.1294004917144775,-2.4952850341796875,-2.2781150341033936]","[-1.460329294204712,-2.1294004917144775,-2.4952850341796875,-2.2781150341033936]"
0,140,post_capture,"[""coverage"",""coverage"",""coverage"",""coverage""]","[0.0,1.0,0.0,0.95333331823349,1.0,0.8360000252723694,0.0,0.0,1.0,1.0,0.0,0.0,0.0,0.0,0.0,0.0,0.0,0.0,0.0,0.0,0.0,0.0,0.0,0.0,0.0,0.0,1.0,0.0,0.0,0.0,0.0,0.0,0.0,0.0,1.0,0.0,0.0,0.0,0.0,0.0,0.0,0.0,0.0,0.0,0.0,0.0,0.0,0.0,0.0,0.0]","[8,6,8,6]","[-0.003098680404946208,-0.0172922033816576,-0.07034269720315933,-0.06187167763710022]",False,"[false,false,false,false]","[false,false,false,false]",post_capture,"[0.0,1.0,0.0,0.953000009059906,1.0,0.8339999914169312,0.0,0.0,1.0,1.0,0.0,0.0,0.0,0.0,0.0,0.0,0.0,0.0,0.0,0.0,0.0,0.0,0.0,0.0,0.0,0.0,1.0,0.0,0.0,0.0,0.0,0.0,0.0,0.0,1.0,0.0,0.0,0.0,0.0,0.0,0.0,0.0,0.0,0.0,0.0,0.0,0.0,0.0,0.0,0.0]","[-0.17926406860351562,-1.3274669647216797,-1.7232170104980469,-0.9472198486328125]","[0.09556198120117188,-1.1036128997802734,-1.4718570709228516,-0.9425334930419922]","[-0.2923887053131042,-0.4712119385977904,-0.7746421930563796,-0.5377306204308743]","[-1.5363163948059082,-2.178542375564575,-2.4923205375671387,-2.308208465576172]","[-1.5363163948059082,-2.178542375564575,-2.4923205375671387,-2.308208465576172]"
0,141,post_capture,"[""coverage"",""coverage"",""coverage"",""coverage""]","[0.0,1.0,0.0,0.953000009059906,1.0,0.8339999914169312,0.0,0.0,1.0,1.0,0.0,0.0,0.0,0.0,0.0,0.0,0.0,0.0,0.0,0.0,0.0,0.0,0.0,0.0,0.0,0.0,1.0,0.0,0.0,0.0,0.0,0.0,0.0,0.0,1.0,0.0,0.0,0.0,0.0,0.0,0.0,0.0,0.0,0.0,0.0,0.0,0.0,0.0,0.0,0.0]","[2,3,8,6]","[-0.001382201910018921,-0.02005147747695446,-0.0718228742480278,-0.05817651376128197]",False,"[false,false,false,false]","[false,false,false,false]",post_capture,"[0.0,1.0,0.0,0.9526666402816772,1.0,0.8320000171661377,0.0,0.0,1.0,1.0,0.0,0.0,0.0,0.0,0.0,0.0,0.0,0.0,0.0,0.0,0.0,0.0,0.0,0.0,0.0,0.0,1.0,0.0,0.0,0.0,0.0,0.0,0.0,0.0,1.0,0.0,0.0,0.0,0.0,0.0,0.0,0.0,0.0,0.0,0.0,0.0,0.0,0.0,0.0,0.0]","[0.09556198120117188,-1.1036128997802734,-1.4718570709228516,-0.9425334930419922]","[0.17917442321777344,-1.0511817932128906,-1.3794059753417969,-0.8551521301269531]","[-0.29221214637187676,-0.4585047830465988,-0.71141363217497,-0.48066559878159]","[-1.6352450847625732,-2.2398948669433594,-2.4977362155914307,-2.3388423919677734]","[-1.6352450847625732,-2.2398948669433594,-2.4977362155914307,-2.3388423919677734]"
0,142,post_capture,"[""coverage"",""coverage"",""coverage"",""coverage""]","[0.0,1.0,0.0,0.9526666402816772,1.0,0.8320000171661377,0.0,0.0,1.0,1.0,0.0,0.0,0.0,0.0,0.0,0.0,0.0,0.0,0.0,0.0,0.0,0.0,0.0,0.0,0.0,0.0,1.0,0.0,0.0,0.0,0.0,0.0,0.0,0.0,1.0,0.0,0.0,0.0,0.0,0.0,0.0,0.0,0.0,0.0,0.0,0.0,0.0,0.0,0.0,0.0]","[6,3,8,6]","[-0.0021477958653122187,-0.01759929023683071,-0.07183218747377396,-0.0506785549223423]",False,"[false,false,false,false]","[false,false,false,false]",post_capture,"[0.0,1.0,0.0,0.9523333311080933,1.0,0.8299999833106995,0.0,0.0,1.0,1.0,0.0,0.0,0.0,0.0,0.0,0.0,0.0,0.0,0.0,0.0,0.0,0.0,0.0,0.0,0.0,0.0,1.0,0.0,0.0,0.0,0.0,0.0,0.0,0.0,1.0,0.0,0.0,0.0,0.0,0.0,0.0,0.0,0.0,0.0,0.0,0.0,0.0,0.0,0.0,0.0]","[0.17917442321777344,-1.0511817932128906,-1.3794059753417969,-0.8551521301269531]","[0.2126941680908203,-1.4269580841064453,-1.8616256713867188,-1.0077972412109375]","[-0.2937676206685433,-0.4428821268380246,-0.6460512706332749,-0.42675665153566467]","[-1.7466580867767334,-2.304954767227173,-2.506786346435547,-2.3799424171447754]","[-1.7466580867767334,-2.304954767227173,-2.506786346435547,-2.3799424171447754]"
0,143,post_capture,"[""coverage"",""coverage"",""coverage"",""coverage""]","[0.0,1.0,0.0,0.9523333311080933,1.0,0.8299999833106995,0.0,0.0,1.0,1.0,0.0,0.0,0.0,0.0,0.0,0.0,0.0,0.0,0.0,0.0,0.0,0.0,0.0,0.0,0.0,0.0,1.0,0.0,0.0,0.0,0.0,0.0,0.0,0.0,1.0,0.0,0.0,0.0,0.0,0.0,0.0,0.0,0.0,0.0,0.0,0.0,0.0,0.0,0.0,0.0]","[6,3,8,6]","[-0.0018521114252507687,-0.015361763536930084,-0.0648946464061737,-0.047974955290555954]",False,"[false,false,false,false]","[false,false,false,false]",post_capture,"[0.0,1.0,0.0,0.9520000219345093,1.0,0.828000009059906,0.0,0.0,1.0,1.0,0.0,0.0,0.0,0.0,0.0,0.0,0.0,0.0,0.0,0.0,0.0,0.0,0.0,0.0,0.0,0.0,1.0,0.0,0.0,0.0,0.0,0.0,0.0,0.0,1.0,0.0,0.0,0.0,0.0,0.0,0.0,0.0,0.0,0.0,0.0,0.0,0.0,0.0,0.0,0.0]","[0.2126941680908203,-1.4269580841064453,-1.8616256713867188,-1.0077972412109375]","[-0.5348739624023438,-2.049654006958008,-2.3436145782470703,-2.0793018341064453]","[-0.2945654795992233,-0.4295786228294888,-0.5800192759186878,-0.3798768652659822]","[-1.8660697937011719,-2.3569602966308594,-2.4910194873809814,-2.4235808849334717]","[-1.8660697937011719,-2.3569602966308594,-2.4910194873809814,-2.4235808849334717]"
0,144,post_capture,"[""coverage"",""coverage"",""coverage"",""coverage""]","[0.0,1.0,0.0,0.9520000219345093,1.0,0.828000009059906,0.0,0.0,1.0,1.0,0.0,0.0,0.0,0.0,0.0,0.0,0.0,0.0,0.0,0.0,0.0,0.0,0.0,0.0,0.0,0.0,1.0,0.0,0.0,0.0,0.0,0.0,0.0,0.0,1.0,0.0,0.0,0.0,0.0,0.0,0.0,0.0,0.0,0.0,0.0,0.0,0.0,0.0,0.0,0.0]","[3,8,8,6]","[-0.0031199560035020113,-0.017869582399725914,-0.06181258708238602,-0.03190714865922928]",False,"[false,false,false,false]","[false,false,false,false]",post_capture,"[0.0,1.0,0.0,0.9516666531562805,1.0,0.8259999752044678,0.0,0.0,1.0,1.0,0.0,0.0,0.0,0.0,0.0,0.0,0.0,0.0,0.0,0.0,0.0,0.0,0.0,0.0,0.0,0.0,1.0,0.0,0.0,0.0,0.0,0.0,0.0,0.0,1.0,0.0,0.0,0.0,0.0,0.0,0.0,0.0,0.0,0.0,0.0,0.0,0.0,0.0,0.0,0.0]","[-0.5348739624023438,-2.049654006958008,-2.3436145782470703,-2.0793018341064453]","[-0.8630771636962891,-1.503519058227539,-2.439535140991211,-2.3302669525146484]","[-0.2956700688625985,-0.4184008679722815,-0.5203279085984991,-0.33525445452063257]","[-1.9540047645568848,-2.3818612098693848,-2.456263542175293,-2.416459560394287]","[-1.9540047645568848,-2.3818612098693848,-2.456263542175293,-2.416459560394287]"
0,145,post_capture,"[""coverage"",""coverage"",""coverage"",""coverage""]","[0.0,1.0,0.0,0.9516666531562805,1.0,0.8259999752044678,0.0,0.0,1.0,1.0,0.0,0.0,0.0,0.0,0.0,0.0,0.0,0.0,0.0,0.0,0.0,0.0,0.0,0.0,0.0,0.0,1.0,0.0,0.0,0.0,0.0,0.0,0.0,0.0,1.0,0.0,0.0,0.0,0.0,0.0,0.0,0.0,0.0,0.0,0.0,0.0,0.0,0.0,0.0,0.0]","[3,3,8,6]","[-0.005032114684581757,-0.013507533818483353,-0.05266585573554039,-0.02489769458770752]",False,"[false,false,false,false]","[false,false,false,false]",post_capture,"[0.0,1.0,0.0,0.9513333439826965,1.0,0.8240000009536743,0.0,0.0,1.0,1.0,0.0,0.0,0.0,0.0,0.0,0.0,0.0,0.0,0.0,0.0,0.0,0.0,0.0,0.0,0.0,0.0,1.0,0.0,0.0,0.0,0.0,0.0,0.0,0.0,1.0,0.0,0.0,0.0,0.0,0.0,0.0,0.0,0.0,0.0,0.0,0.0,0.0,0.0,0.0,0.0]","[-0.8630771636962891,-1.503519058227539,-2.439535140991211,-2.3302669525146484]","[-1.4745903015136719,-2.0397472381591797,-2.631162643432617,-2.7809925079345703]","[-0.2955051645041379,-0.4045770561338945,-0.46314678941021525,-0.30641142006202354]","[-2.0288808345794678,-2.434415340423584,-2.417537212371826,-2.4127635955810547]","[-2.0288808345794678,-2.434415340423584,-2.417537212371826,-2.4127635955810547]"
0,146,post_capture,"[""coverage"",""coverage"",""coverage"",""coverage""]","[0.0,1.0,0.0,0.9513333439826965,1.0,0.8240000009536743,0.0,0.0,1.0,1.0,0.0,0.0,0.0,0.0,0.0,0.0,0.0,0.0,0.0,0.0,0.0,0.0,0.0,0.0,0.0,0.0,1.0,0.0,0.0,0.0,0.0,0.0,0.0,0.0,1.0,0.0,0.0,0.0,0.0,0.0,0.0,0.0,0.0,0.0,0.0,0.0,0.0,0.0,0.0,0.0]","[3,3,8,3]","[-0.007760710082948208,-0.01310256589204073,-0.045697178691625595,-0.013399931602180004]",False,"[false,false,false,false]","[false,false,false,false]",post_capture,"[0.0,1.0,0.0,0.9509999752044678,1.0,0.8220000267028809,0.03333333507180214,0.0,1.0,1.0,0.0,0.0,0.0,0.0,0.0,0.0,0.0,0.0,0.0,0.0,0.0,0.0,0.0,0.0,0.0,0.0,1.0,0.0,0.0,0.0,0.0,0.0,0.0,0.0,1.0,0.0,0.0,0.0,0.0,0.0,0.0,0.0,0.0,0.0,0.0,0.0,0.0,0.0,0.0,0.0]","[-1.4745903015136719,-2.0397472381591797,-2.631162643432617,-2.7809925079345703]","[-1.9051628112792969,-2.557985305786133,-2.828338623046875,-3.1461029052734375]","[-0.29340712102985467,-0.3950197195105163,-0.4146272057319948,-0.28435729845890506]","[-2.0742757320404053,-2.4667091369628906,-2.3760006427764893,-2.392564296722412]","[-2.0742757320404053,-2.4667091369628906,-2.3760006427764893,-2.392564296722412]"
0,147,post_capture,"[""coverage"",""coverage"",""coverage"",""coverage""]","[0.0,1.0,0.0,0.9509999752044678,1.0,0.8220000267028809,0.03333333507180214,0.0,1.0,1.0,0.0,0.0,0.0,0.0,0.0,0.0,0.0,0.0,0.0,0.0,0.0,0.0,0.0,0.0,0.0,0.0,1.0,0.0,0.0,0.0,0.0,0.0,0.0,0.0,1.0,0.0,0.0,0.0,0.0,0.0,0.0,0.0,0.0,0.0,0.0,0.0,0.0,0.0,0.0,0.0]","[6,3,8,6]","[-0.013008092530071735,-0.015552394092082977,-0.033594246953725815,-0.007582325953990221]",False,"[false,false,false,false]","[false,false,false,false]",post_capture,"[0.0,1.0,0.0,0.9506666660308838,1.0,0.8199999928474426,0.06666667014360428,0.0,1.0,1.0,0.0,0.0,0.0,0.0,0.0,0.0,0.0,0.0,0.0,0.0,0.0,0.0,0.0,0.0,0.0,0.0,1.0,0.0,0.0,0.0,0.0,0.0,0.0,0.0,1.0,0.0,0.0,0.0,0.0,0.0,0.0,0.0,0.0,0.0,0.0,0.0,0.0,0.0,0.0,0.0]","[-1.9051628112792969,-2.557985305786133,-2.828338623046875,-3.1461029052734375]","[-2.2679061889648438,-3.2470664978027344,-3.0967750549316406,-2.8028011322021484]","[-0.2885317282291984,-0.3857749026449248,-0.3726565929700699,-0.27369430995628796]","[-2.0969796180725098,-2.4742014408111572,-2.3288683891296387,-2.364096164703369]","[-2.0969796180725098,-2.4742014408111572,-2.3288683891296387,-2.364096164703369]"
0,148,post_capture,"[""coverage"",""coverage"",""coverage"",""coverage""]","[0.0,1.0,0.0,0.9506666660308838,1.0,0.8199999928474426,0.06666667014360428,0.0,1.0,1.0,0.0,0.0,0.0,0.0,0.0,0.0,0.0,0.0,0.0,0.0,0.0,0.0,0.0,0.0,0.0,0.0,1.0,0.0,0.0,0.0,0.0,0.0,0.0,0.0,1.0,0.0,0.0,0.0,0.0,0.0,0.0,0.0,0.0,0.0,0.0,0.0,0.0,0.0,0.0,0.0]","[6,6,8,6]","[-0.016341082751750946,-0.01228233054280281,-0.029663536697626114,-0.0027257604524493217]",False,"[false,false,false,false]","[false,false,false,false]",post_capture,"[0.0,1.0,0.0,0.9503333568572998,1.0,0.8180000185966492,0.10000000149011612,0.0,1.0,1.0,0.0,0.0,0.0,0.0,0.0,0.0,0.0,0.0,0.0,0.0,0.0,0.0,0.0,0.0,0.0,0.0,1.0,0.0,0.0,0.0,0.0,0.0,0.0,0.0,1.0,0.0,0.0,0.0,0.0,0.0,0.0,0.0,0.0,0.0,0.0,0.0,0.0,0.0,0.0,0.0]","[-2.2679061889648438,-3.2470664978027344,-3.0967750549316406,-2.8028011322021484]","[-2.771524429321289,-3.812124252319336,-3.525625228881836,-3.2477149963378906]","[-0.2783067027263906,-0.3739621298513554,-0.3424872181983274,-0.2687999838407048]","[-2.0964488983154297,-2.443295478820801,-2.2774949073791504,-2.3580808639526367]","[-2.0964488983154297,-2.443295478820801,-2.2774949073791504,-2.3580808639526367]"
0,149,post_capture,"[""coverage"",""coverage"",""coverage"",""coverage""]","[0.0,1.0,0.0,0.9503333568572998,1.0,0.8180000185966492,0.10000000149011612,0.0,1.0,1.0,0.0,0.0,0.0,0.0,0.0,0.0,0.0,0.0,0.0,0.0,0.0,0.0,0.0,0.0,0.0,0.0,1.0,0.0,0.0,0.0,0.0,0.0,0.0,0.0,1.0,0.0,0.0,0.0,0.0,0.0,0.0,0.0,0.0,0.0,0.0,0.0,0.0,0.0,0.0,0.0]","[3,6,2,3]","[-0.018852517008781433,-0.011753711849451065,-0.015651050955057144,-0.0012498931027948856]",False,"[false,false,false,false]","[false,false,false,false]",post_capture,"[0.0,1.0,0.0,0.949999988079071,1.0,0.8159999847412109,0.13333334028720856,0.0,1.0,1.0,0.0,0.0,0.0,0.0,0.0,0.0,0.0,0.0,0.0,0.0,0.0,0.0,0.0,0.0,0.0,0.0,1.0,0.0,0.0,0.0,0.0,0.0,0.0,0.0,1.0,0.0,0.0,0.0,0.0,0.0,0.0,0.0,0.0,0.0,0.0,0.0,0.0,0.0,0.0,0.0]","[-2.771524429321289,-3.812124252319336,-3.525625228881836,-3.2477149963378906]","[-3.384153366088867,-4.314277648925781,-4.251422882080078,-3.7798824310302734]","[-0.2646117373481208,-0.3653331306146996,-0.315983516667375,-0.2687618418063187]","[-2.0658345222473145,-2.3841712474823,-2.204479217529297,-2.333432197570801]","[-2.0658345222473145,-2.3841712474823,-2.204479217529297,-2.333432197570801]"
0,150,post_capture,"[""coverage"",""coverage"",""coverage"",""coverage""]","[0.0,1.0,0.0,0.949999988079071,1.0,0.8159999847412109,0.13333334028720856,0.0,1.0,1.0,0.0,0.0,0.0,0.0,0.0,0.0,0.0,0.0,0.0,0.0,0.0,0.0,0.0,0.0,0.0,0.0,1.0,0.0,0.0,0.0,0.0,0.0,0.0,0.0,1.0,0.0,0.0,0.0,0.0,0.0,0.0,0.0,0.0,0.0,0.0,0.0,0.0,0.0,0.0,0.0]","[6,6,8,3]","[-0.022656667977571487,-0.011897586286067963,-0.01040035579353571,-0.0009604623774066567]",False,"[false,false,false,false]","[false,false,false,false]",post_capture,"[0.0,1.0,0.0,0.9496666789054871,1.0,0.8140000104904175,0.1666666716337204,0.0,1.0,1.0,0.0,0.0,0.0,0.0,0.0,0.0,0.0,0.0,0.0,0.0,0.0,0.0,0.0,0.0,0.0,0.0,1.0,0.0,0.0,0.0,0.0,0.0,0.0,0.0,1.0,0.0,0.0,0.0,0.0,0.0,0.0,0.0,0.0,0.0,0.0,0.0,0.0,0.0,0.0,0.0]","[-3.384153366088867,-4.314277648925781,-4.251422882080078,-3.7798824310302734]","[-3.457427978515625,-4.737234115600586,-4.562238693237305,-4.304304122924805]","[-0.24824163670640342,-0.3571509280457056,-0.3033661269821393,-0.270214089599519]","[-1.9983696937561035,-2.2954397201538086,-2.103543519973755,-2.280785083770752]","[-1.9983696937561035,-2.2954397201538086,-2.103543519973755,-2.280785083770752]"
0,151,post_capture,"[""coverage"",""coverage"",""coverage"",""coverage""]","[0.0,1.0,0.0,0.9496666789054871,1.0,0.8140000104904175,0.1666666716337204,0.0,1.0,1.0,0.0,0.0,0.0,0.0,0.0,0.0,0.0,0.0,0.0,0.0,0.0,0.0,0.0,0.0,0.0,0.0,1.0,0.0,0.0,0.0,0.0,0.0,0.0,0.0,1.0,0.0,0.0,0.0,0.0,0.0,0.0,0.0,0.0,0.0,0.0,0.0,0.0,0.0,0.0,0.0]","[3,6,8,3]","[-0.02417423203587532,-0.008953383192420006,-0.00960448943078518,-0.0019540118519216776]",False,"[false,false,false,false]","[false,false,false,false]",post_capture,"[0.0,1.0,0.0,0.9493333101272583,1.0,0.8119999766349792,0.20000000298023224,0.0,1.0,1.0,0.0,0.0,0.0,0.0,0.0,0.0,0.0,0.0,0.0,0.0,0.0,0.0,0.0,0.0,0.0,0.0,1.0,0.0,0.0,0.0,0.0,0.0,0.0,0.0,1.0,0.0,0.0,0.0,0.0,0.0,0.0,0.0,0.0,0.0,0.0,0.0,0.0,0.0,0.0,0.0]","[-3.457427978515625,-4.737234115600586,-4.562238693237305,-4.304304122924805]","[-4.004362106323242,-4.973484039306641,-4.712825775146484,-4.626314163208008]","[-0.22786360477659792,-0.3487407492521592,-0.2959250214026299,-0.2719733608304165]","[-1.9187350273132324,-2.178680658340454,-1.9854464530944824,-2.197514057159424]","[-1.9187350273132324,-2.178680658340454,-1.9854464530944824,-2.197514057159424]"
0,152,post_capture,"[""coverage"",""coverage"",""coverage"",""coverage""]","[0.0,1.0,0.0,0.9493333101272583,1.0,0.8119999766349792,0.20000000298023224,0.0,1.0,1.0,0.0,0.0,0.0,0.0,0.0,0.0,0.0,0.0,0.0,0.0,0.0,0.0,0.0,0.0,0.0,0.0,1.0,0.0,0.0,0.0,0.0,0.0,0.0,0.0,1.0,0.0,0.0,0.0,0.0,0.0,0.0,0.0,0.0,0.0,0.0,0.0,0.0,0.0,0.0,0.0]","[3,6,8,3]","[-0.02544885315001011,-0.007818265818059444,-0.0057300785556435585,-0.003758832113817334]",False,"[false,false,false,false]","[false,false,false,false]",post_capture,"[0.0,1.0,0.0,0.9490000009536743,1.0,0.8100000023841858,0.23333333432674408,0.0,1.0,1.0,0.0,0.0,0.0,0.0,0.0,0.0,0.0,0.0,0.0,0.0,0.0,0.0,0.0,0.0,0.0,0.0,1.0,0.0,0.0,0.0,0.0,0.0,0.0,0.0,1.0,0.0,0.0,0.0,0.0,0.0,0.0,0.0,0.0,0.0,0.0,0.0,0.0,0.0,0.0,0.0]","[-4.004362106323242,-4.973484039306641,-4.712825775146484,-4.626314163208008]","[-4.259990692138672,-4.936151504516602,-4.687070846557617,-4.664735794067383]","[-0.20574684115224506,-0.34321956167650425,-0.2892126585574189,-0.27274681714999477]","[-1.8036627769470215,-2.0452306270599365,-1.8527987003326416,-2.090970277786255]","[-1.8036627769470215,-2.0452306270599365,-1.8527987003326416,-2.090970277786255]"
0,153,post_capture,"[""coverage"",""coverage"",""coverage"",""coverage""]","[0.0,1.0,0.0,0.9490000009536743,1.0,0.8100000023841858,0.23333333432674408,0.0,1.0,1.0,0.0,0.0,0.0,0.0,0.0,0.0,0.0,0.0,0.0,0.0,0.0,0.0,0.0,0.0,0.0,0.0,1.0,0.0,0.0,0.0,0.0,0.0,0.0,0.0,1.0,0.0,0.0,0.0,0.0,0.0,0.0,0.0,0.0,0.0,0.0,0.0,0.0,0.0,0.0,0.0]","[6,6,6,3]","[-0.026600684970617294,-0.010167108848690987,-0.001343703013844788,-0.00646169763058424]",False,"[false,false,false,false]","[false,false,false,false]",post_capture,"[0.0,1.0,0.0,0.9486666917800903,1.0,0.8080000281333923,0.2666666805744171,0.0,1.0,1.0,0.0,0.0,0.0,0.0,0.0,0.0,0.0,0.0,0.0,0.0,0.0,0.0,0.0,0.0,0.0,0.0,1.0,0.0,0.0,0.0,0.0,0.0,0.0,0.0,1.0,0.0,0.0,0.0,0.0,0.0,0.0,0.0,0.0,0.0,0.0,0.0,0.0,0.0,0.0,0.0]","[-4.259990692138672,-4.936151504516602,-4.687070846557617,-4.664735794067383]","[-4.327970504760742,-4.859668731689453,-4.275157928466797,-4.705854415893555]","[-0.18211917980023734,-0.33878918773580285,-0.28634604040583367,-0.27170503539007823]","[-1.6665010452270508,-1.906510591506958,-1.7172341346740723,-1.9737451076507568]","[-1.6665010452270508,-1.906510591506958,-1.7172341346740723,-1.9737451076507568]"
0,154,post_capture,"[""coverage"",""coverage"",""coverage"",""coverage""]","[0.0,1.0,0.0,0.9486666917800903,1.0,0.8080000281333923,0.2666666805744171,0.0,1.0,1.0,0.0,0.0,0.0,0.0,0.0,0.0,0.0,0.0,0.0,0.0,0.0,0.0,0.0,0.0,0.0,0.0,1.0,0.0,0.0,0.0,0.0,0.0,0.0,0.0,1.0,0.0,0.0,0.0,0.0,0.0,0.0,0.0,0.0,0.0,0.0,0.0,0.0,0.0,0.0,0.0]","[6,6,6,3]","[-0.026307953521609306,-0.008248813450336456,-0.0012487400090321898,-0.00948886014521122]",False,"[false,false,false,false]","[false,false,false,false]",post_capture,"[0.0,1.0,0.0,0.9483333230018616,1.0,0.8059999942779541,0.30000001192092896,0.0,1.0,1.0,0.0,0.0,0.0,0.0,0.0,0.0,0.0,0.0,0.0,0.0,0.0,0.0,0.0,0.0,0.0,0.0,1.0,0.0,0.0,0.0,0.0,0.0,0.0,0.0,1.0,0.0,0.0,0.0,0.0,0.0,0.0,0.0,0.0,0.0,0.0,0.0,0.0,0.0,0.0,0.0]","[-4.327970504760742,-4.859668731689453,-4.275157928466797,-4.705854415893555]","[-4.193122863769531,-4.673126220703125,-3.8745861053466797,-4.556247711181641]","[-0.15708938871678793,-0.33194149382536553,-0.28788114888079686,-0.2679225633934283]","[-1.5158593654632568,-1.760542392730713,-1.5994362831115723,-1.8440656661987305]","[-1.5158593654632568,-1.760542392730713,-1.5994362831115723,-1.8440656661987305]"
0,155,post_capture,"[""coverage"",""coverage"",""coverage"",""coverage""]","[0.0,1.0,0.0,0.9483333230018616,1.0,0.8059999942779541,0.30000001192092896,0.0,1.0,1.0,0.0,0.0,0.0,0.0,0.0,0.0,0.0,0.0,0.0,0.0,0.0,0.0,0.0,0.0,0.0,0.0,1.0,0.0,0.0,0.0,0.0,0.0,0.0,0.0,1.0,0.0,0.0,0.0,0.0,0.0,0.0,0.0,0.0,0.0,0.0,0.0,0.0,0.0,0.0,0.0]","[6,6,8,3]","[-0.02231801487505436,-0.0037771821953356266,-0.0014611625811085105,-0.011512004770338535]",False,"[false,false,false,false]","[false,false,false,false]",post_capture,"[0.0,1.0,0.0,0.9480000138282776,1.0,0.8040000200271606,0.3333333432674408,0.0,1.0,1.0,0.0,0.0,0.0,0.0,0.0,0.0,0.0,0.0,0.0,0.0,0.0,0.0,0.0,0.0,0.0,0.0,1.0,0.0,0.0,0.0,0.0,0.0,0.0,0.0,1.0,0.0,0.0,0.0,0.0,0.0,0.0,0.0,0.0,0.0,0.0,0.0,0.0,0.0,0.0,0.0]","[-4.193122863769531,-4.673126220703125,-3.8745861053466797,-4.556247711181641]","[-3.898193359375,-4.292415618896484,-3.6657943725585938,-4.342279434204102]","[-0.13210245979310972,-0.3269623034091203,-0.28952768572905524,-0.2610441446951688]","[-1.363095998764038,-1.617196798324585,-1.4953699111938477,-1.7108368873596191]","[-1.363095998764038,-1.617196798324585,-1.4953699111938477,-1.7108368873596191]"
0,156,post_capture,"[""coverage"",""coverage"",""coverage"",""coverage""]","[0.0,1.0,0.0,0.9480000138282776,1.0,0.8040000200271606,0.3333333432674408,0.0,1.0,1.0,0.0,0.0,0.0,0.0,0.0,0.0,0.0,0.0,0.0,0.0,0.0,0.0,0.0,0.0,0.0,0.0,1.0,0.0,0.0,0.0,0.0,0.0,0.0,0.0,1.0,0.0,0.0,0.0,0.0,0.0,0.0,0.0,0.0,0.0,0.0,0.0,0.0,0.0,0.0,0.0]","[3,6,8,3]","[-0.0071816211566329,-0.0028827819041907787,-0.0027359204832464457,-0.0056829797104001045]",False,"[false,false,false,false]","[false,false,false,false]",post_capture,"[0.0,1.0,0.0,0.9476666450500488,1.0,0.8019999861717224,0.36666667461395264,0.0,1.0,1.0,0.0,0.0,0.0,0.0,0.0,0.0,0.0,0.0,0.0,0.0,0.0,0.0,0.0,0.0,0.0,0.0,1.0,0.0,0.0,0.0,0.0,0.0,0.0,0.0,1.0,0.0,0.0,0.0,0.0,0.0,0.0,0.0,0.0,0.0,0.0,0.0,0.0,0.0,0.0,0.0]","[-3.898193359375,-4.292415618896484,-3.6657943725585938,-4.342279434204102]","[-3.8769893646240234,-3.9467849731445312,-2.876028060913086,-4.241865158081055]","[-0.11089337870510643,-0.3264496173876613,-0.290976286008027,-0.25205266659073766]","[-1.220433235168457,-1.489574670791626,-1.3954830169677734,-1.5782904624938965]","[-1.220433235168457,-1.489574670791626,-1.3954830169677734,-1.5782904624938965]"
0,157,post_capture,"[""coverage"",""coverage"",""coverage"",""coverage""]","[0.0,1.0,0.0,0.9476666450500488,1.0,0.8019999861717224,0.36666667461395264,0.0,1.0,1.0,0.0,0.0,0.0,0.0,0.0,0.0,0.0,0.0,0.0,0.0,0.0,0.0,0.0,0.0,0.0,0.0,1.0,0.0,0.0,0.0,0.0,0.0,0.0,0.0,1.0,0.0,0.0,0.0,0.0,0.0,0.0,0.0,0.0,0.0,0.0,0.0,0.0,0.0,0.0,0.0]","[6,6,2,3]","[-0.014220919460058212,-0.0012303205439820886,-0.004453001543879509,-0.017002329230308533]",False,"[false,false,false,false]","[false,false,false,false]",post_capture,"[0.0,1.0,0.0,0.9473333358764648,1.0,0.800000011920929,0.4000000059604645,0.0,1.0,1.0,0.0,0.0,0.0,0.0,0.0,0.0,0.0,0.0,0.0,0.0,0.0,0.0,0.0,0.0,0.0,0.0,1.0,0.0,0.0,0.0,0.0,0.0,0.0,0.0,1.0,0.0,0.0,0.0,0.0,0.0,0.0,0.0,0.0,0.0,0.0,0.0,0.0,0.0,0.0,0.0]","[-3.8769893646240234,-3.9467849731445312,-2.876028060913086,-4.241865158081055]","[-3.657560348510742,-3.5191116333007812,-2.646617889404297,-3.9708690643310547]","[-0.10475935105906417,-0.3268351873570409,-0.29115188436846523,-0.24885826957609852]","[-1.0859551429748535,-1.373020887374878,-1.3294881582260132,-1.4488410949707031]","[-1.0859551429748535,-1.373020887374878,-1.3294881582260132,-1.4488410949707031]"
0,158,post_capture,"[""coverage"",""coverage"",""coverage"",""coverage""]","[0.0,1.0,0.0,0.9473333358764648,1.0,0.800000011920929,0.4000000059604645,0.0,1.0,1.0,0.0,0.0,0.0,0.0,0.0,0.0,0.0,0.0,0.0,0.0,0.0,0.0,0.0,0.0,0.0,0.0,1.0,0.0,0.0,0.0,0.0,0.0,0.0,0.0,1.0,0.0,0.0,0.0,0.0,0.0,0.0,0.0,0.0,0.0,0.0,0.0,0.0,0.0,0.0,0.0]","[3,6,2,3]","[-0.011421114206314087,-0.001252732123248279,-0.005963238421827555,-0.02211884967982769]",False,"[false,false,false,false]","[false,false,false,false]",post_capture,"[0.0,1.0,0.0,0.9470000267028809,1.0,0.7979999780654907,0.4333333373069763,0.0,1.0,1.0,0.0,0.0,0.0,0.0,0.0,0.0,0.0,0.0,0.0,0.0,0.0,0.0,0.0,0.0,0.0,0.0,1.0,0.0,0.0,0.0,0.0,0.0,0.0,0.0,1.0,0.0,0.0,0.0,0.0,0.0,0.0,0.0,0.0,0.0,0.0,0.0,0.0,0.0,0.0,0.0]","[-3.657560348510742,-3.5191116333007812,-2.646617889404297,-3.9708690643310547]","[-3.3773574829101562,-2.946371078491211,-2.5112037658691406,-3.6510047912597656]","[-0.09145296121111714,-0.3288938048616756,-0.2895948311359452,-0.234197919541202]","[-0.9470334053039551,-1.2733595371246338,-1.2695667743682861,-1.313429832458496]","[-0.9470334053039551,-1.2733595371246338,-1.2695667743682861,-1.313429832458496]"
0,159,post_capture,"[""coverage"",""coverage"",""coverage"",""coverage""]","[0.0,1.0,0.0,0.9470000267028809,1.0,0.7979999780654907,0.4333333373069763,0.0,1.0,1.0,0.0,0.0,0.0,0.0,0.0,0.0,0.0,0.0,0.0,0.0,0.0,0.0,0.0,0.0,0.0,0.0,1.0,0.0,0.0,0.0,0.0,0.0,0.0,0.0,1.0,0.0,0.0,0.0,0.0,0.0,0.0,0.0,0.0,0.0,0.0,0.0,0.0,0.0,0.0,0.0]","[6,6,2,3]","[-0.008034339174628258,-0.003982285037636757,-0.008552486076951027,-0.0259269867092371]",False,"[false,false,false,false]","[false,false,false,false]",post_capture,"[0.0,1.0,0.0,0.9466666579246521,1.0,0.7960000038146973,0.46666666865348816,0.0,1.0,1.0,0.0,0.0,0.0,0.0,0.0,0.0,0.0,0.0,0.0,0.0,0.0,0.0,0.0,0.0,0.0,0.0,1.0,0.0,0.0,0.0,0.0,0.0,0.0,0.0,1.0,0.0,0.0,0.0,0.0,0.0,0.0,0.0,0.0,0.0,0.0,0.0,0.0,0.0,0.0,0.0]","[-3.3773574829101562,-2.946371078491211,-2.5112037658691406,-3.6510047912597656]","[-2.879201889038086,-2.0208663940429688,-2.3916282653808594,-3.3730239868164062]","[-0.08084024949980106,-0.33095057852366394,-0.28649655829708853,-0.21422128268825688]","[-0.8170475959777832,-1.1975136995315552,-1.2113755941390991,-1.1808466911315918]","[-0.8170475959777832,-1.1975136995315552,-1.2113755941390991,-1.1808466911315918]"
0,160,post_capture,"[""coverage"",""coverage"",""coverage"",""coverage""]","[0.0,1.0,0.0,0.9466666579246521,1.0,0.7960000038146973,0.46666666865348816,0.0,1.0,1.0,0.0,0.0,0.0,0.0,0.0,0.0,0.0,0.0,0.0,0.0,0.0,0.0,0.0,0.0,0.0,0.0,1.0,0.0,0.0,0.0,0.0,0.0,0.0,0.0,1.0,0.0,0.0,0.0,0.0,0.0,0.0,0.0,0.0,0.0,0.0,0.0,0.0,0.0,0.0,0.0]","[3,3,3,6]","[-0.003014220390468836,-0.00645822286605835,-0.014931759797036648,-0.02588016912341118]",False,"[false,false,false,false]","[false,false,false,false]",post_capture,"[0.0,1.0,0.0,0.9463333487510681,1.0,0.7940000295639038,0.5,0.0,1.0,1.0,0.0,0.0,0.0,0.0,0.0,0.0,0.0,0.0,0.0,0.0,0.0,0.0,0.0,0.0,0.0,0.0,1.0,0.0,0.0,0.0,0.0,0.0,0.0,0.0,1.0,0.0,0.0,0.0,0.0,0.0,0.0,0.0,0.0,0.0,0.0,0.0,0.0,0.0,0.0,0.0]","[-2.879201889038086,-2.0208663940429688,-2.3916282653808594,-3.3730239868164062]","[-2.690858840942383,-1.9336891174316406,-2.093067169189453,-3.2559566497802734]","[-0.07354132356078061,-0.33027100352123956,-0.280751588101149,-0.19019625856466646]","[-0.70865797996521,-1.1626777648925781,-1.153043508529663,-1.050457239151001]","[-0.70865797996521,-1.1626777648925781,-1.153043508529663,-1.050457239151001]"
0,161,post_capture,"[""coverage"",""coverage"",""coverage"",""coverage""]","[0.0,1.0,0.0,0.9463333487510681,1.0,0.7940000295639038,0.5,0.0,1.0,1.0,0.0,0.0,0.0,0.0,0.0,0.0,0.0,0.0,0.0,0.0,0.0,0.0,0.0,0.0,0.0,0.0,1.0,0.0,0.0,0.0,0.0,0.0,0.0,0.0,1.0,0.0,0.0,0.0,0.0,0.0,0.0,0.0,0.0,0.0,0.0,0.0,0.0,0.0,0.0,0.0]","[6,2,3,6]","[-0.00045079627307131886,-0.008391465060412884,-0.021141402423381805,-0.02472604066133499]",False,"[false,false,false,false]","[false,false,false,false]",post_capture,"[0.0,1.0,0.0,0.9459999799728394,1.0,0.7919999957084656,0.5333333611488342,0.0,1.0,1.0,0.0,0.0,0.0,0.0,0.0,0.0,0.0,0.0,0.0,0.0,0.0,0.0,0.0,0.0,0.0,0.0,1.0,0.0,0.0,0.0,0.0,0.0,0.0,0.0,1.0,0.0,0.0,0.0,0.0,0.0,0.0,0.0,0.0,0.0,0.0,0.0,0.0,0.0,0.0,0.0]","[-2.690858840942383,-1.9336891174316406,-2.093067169189453,-3.2559566497802734]","[-2.480968475341797,-2.51641845703125,-2.031667709350586,-3.0134544372558594]","[-0.07123949815183007,-0.32708361682341536,-0.2685048770748609,-0.16597584792045988]","[-0.6086616516113281,-1.127593755722046,-1.099952220916748,-0.9180302619934082]","[-0.6086616516113281,-1.127593755722046,-1.099952220916748,-0.9180302619934082]"
0,162,post_capture,"[""coverage"",""coverage"",""coverage"",""coverage""]","[0.0,1.0,0.0,0.9459999799728394,1.0,0.7919999957084656,0.5333333611488342,0.0,1.0,1.0,0.0,0.0,0.0,0.0,0.0,0.0,0.0,0.0,0.0,0.0,0.0,0.0,0.0,0.0,0.0,0.0,1.0,0.0,0.0,0.0,0.0,0.0,0.0,0.0,1.0,0.0,0.0,0.0,0.0,0.0,0.0,0.0,0.0,0.0,0.0,0.0,0.0,0.0,0.0,0.0]","[6,3,3,6]","[-0.0007010229164734483,-0.012601960450410843,-0.02406134642660618,-0.023071251809597015]",False,"[false,false,false,false]","[false,false,false,false]",post_capture,"[0.0,1.0,0.0,0.9456666707992554,1.0,0.7900000214576721,0.5666666626930237,0.0,1.0,1.0,0.0,0.0,0.0,0.0,0.0,0.0,0.0,0.0,0.0,0.0,0.0,0.0,0.0,0.0,0.0,0.0,1.0,0.0,0.0,0.0,0.0,0.0,0.0,0.0,1.0,0.0,0.0,0.0,0.0,0.0,0.0,0.0,0.0,0.0,0.0,0.0,0.0,0.0,0.0,0.0]","[-2.480968475341797,-2.51641845703125,-2.031667709350586,-3.0134544372558594]","[-1.8847026824951172,-1.9537715911865234,-1.8324298858642578,-2.651754379272461]","[-0.0715037392714735,-0.3219112644070732,-0.24986209560755468,-0.14267657298901504]","[-0.5161116123199463,-1.0575647354125977,-1.0401310920715332,-0.7912154197692871]","[-0.5161116123199463,-1.0575647354125977,-1.0401310920715332,-0.7912154197692871]"
0,163,post_capture,"[""coverage"",""coverage"",""coverage"",""coverage""]","[0.0,1.0,0.0,0.9456666707992554,1.0,0.7900000214576721,0.5666666626930237,0.0,1.0,1.0,0.0,0.0,0.0,0.0,0.0,0.0,0.0,0.0,0.0,0.0,0.0,0.0,0.0,0.0,0.0,0.0,1.0,0.0,0.0,0.0,0.0,0.0,0.0,0.0,1.0,0.0,0.0,0.0,0.0,0.0,0.0,0.0,0.0,0.0,0.0,0.0,0.0,0.0,0.0,0.0]","[6,3,3,6]","[-0.0017313272692263126,-0.017390310764312744,-0.028839359059929848,-0.0335807241499424]",False,"[false,false,false,false]","[false,false,false,false]",post_capture,"[0.0,1.0,0.0,0.9453333616256714,1.0,0.7879999876022339,0.6000000238418579,0.0,1.0,1.0,0.0,0.0,0.0,0.0,0.0,0.0,0.0,0.0,0.0,0.0,0.0,0.0,0.0,0.0,0.0,0.0,1.0,0.0,0.0,0.0,0.0,0.0,0.0,0.0,1.0,0.0,0.0,0.0,0.0,0.0,0.0,0.0,0.0,0.0,0.0,0.0,0.0,0.0,0.0,0.0]","[-1.8847026824951172,-1.9537715911865234,-1.8324298858642578,-2.651754379272461]","[-1.4943008422851562,-1.796213150024414,-1.6465167999267578,-2.463836669921875]","[-0.07151789530808085,-0.312433640360265,-0.2280815648292409,-0.12081345573678587]","[-0.4488227367401123,-1.0082414150238037,-0.9839069843292236,-0.67717444896698]","[-0.4488227367401123,-1.0082414150238037,-0.9839069843292236,-0.67717444896698]"
0,164,post_capture,"[""coverage"",""coverage"",""coverage"",""coverage""]","[0.0,1.0,0.0,0.9453333616256714,1.0,0.7879999876022339,0.6000000238418579,0.0,1.0,1.0,0.0,0.0,0.0,0.0,0.0,0.0,0.0,0.0,0.0,0.0,0.0,0.0,0.0,0.0,0.0,0.0,1.0,0.0,0.0,0.0,0.0,0.0,0.0,0.0,1.0,0.0,0.0,0.0,0.0,0.0,0.0,0.0,0.0,0.0,0.0,0.0,0.0,0.0,0.0,0.0]","[3,3,3,6]","[-0.0020106045994907618,-0.02262316271662712,-0.02858852408826351,-0.02765437215566635]",False,"[false,false,false,false]","[false,false,false,false]",post_capture,"[0.0,1.0,0.0,0.9449999928474426,1.0,0.7860000133514404,0.6333333253860474,0.0,1.0,1.0,0.0,0.0,0.0,0.0,0.0,0.0,0.0,0.0,0.0,0.0,0.0,0.0,0.0,0.0,0.0,0.0,1.0,0.0,0.0,0.0,0.0,0.0,0.0,0.0,1.0,0.0,0.0,0.0,0.0,0.0,0.0,0.0,0.0,0.0,0.0,0.0,0.0,0.0,0.0,0.0]","[-1.4943008422851562,-1.796213150024414,-1.6465167999267578,-2.463836669921875]","[-1.1620025634765625,-1.635223388671875,-1.642477035522461,-2.123941421508789]","[-0.07049148286752983,-0.2980235652484366,-0.20125475330233442,-0.08811387028974088]","[-0.3967289924621582,-0.9589989185333252,-0.9288305044174194,-0.5546345710754395]","[-0.3967289924621582,-0.9589989185333252,-0.9288305044174194,-0.5546345710754395]"
0,165,post_capture,"[""coverage"",""coverage"",""coverage"",""coverage""]","[0.0,1.0,0.0,0.9449999928474426,1.0,0.7860000133514404,0.6333333253860474,0.0,1.0,1.0,0.0,0.0,0.0,0.0,0.0,0.0,0.0,0.0,0.0,0.0,0.0,0.0,0.0,0.0,0.0,0.0,1.0,0.0,0.0,0.0,0.0,0.0,0.0,0.0,1.0,0.0,0.0,0.0,0.0,0.0,0.0,0.0,0.0,0.0,0.0,0.0,0.0,0.0,0.0,0.0]","[6,3,3,6]","[-0.0035126879811286926,-0.030402544885873795,-0.029305068776011467,-0.020784007385373116]",False,"[false,false,false,false]","[false,false,false,false]",post_capture,"[0.0,1.0,0.0,0.9446666836738586,1.0,0.7839999794960022,0.6666666865348816,0.0,1.0,1.0,0.0,0.0,0.0,0.0,0.0,0.0,0.0,0.0,0.0,0.0,0.0,0.0,0.0,0.0,0.0,0.0,1.0,0.0,0.0,0.0,0.0,0.0,0.0,0.0,1.0,0.0,0.0,0.0,0.0,0.0,0.0,0.0,0.0,0.0,0.0,0.0,0.0,0.0,0.0,0.0]","[-1.1620025634765625,-1.635223388671875,-1.642477035522461,-2.123941421508789]","[-0.7465476989746094,-1.592620849609375,-1.7866401672363281,-1.7435894012451172]","[-0.06917260431115058,-0.2781822247796055,-0.17441033253946556,-0.06107020013542882]","[-0.3585318922996521,-0.9095503687858582,-0.8707489371299744,-0.44853270053863525]","[-0.3585318922996521,-0.9095503687858582,-0.8707489371299744,-0.44853270053863525]"
0,166,post_capture,"[""coverage"",""coverage"",""coverage"",""coverage""]","[0.0,1.0,0.0,0.9446666836738586,1.0,0.7839999794960022,0.6666666865348816,0.0,1.0,1.0,0.0,0.0,0.0,0.0,0.0,0.0,0.0,0.0,0.0,0.0,0.0,0.0,0.0,0.0,0.0,0.0,1.0,0.0,0.0,0.0,0.0,0.0,0.0,0.0,1.0,0.0,0.0,0.0,0.0,0.0,0.0,0.0,0.0,0.0,0.0,0.0,0.0,0.0,0.0,0.0]","[6,3,3,6]","[-0.00569595443084836,-0.036459676921367645,-0.029067598283290863,-0.013082718476653099]",False,"[false,false,false,false]","[false,false,false,false]",post_capture,"[0.0,1.0,0.0,0.9443333148956299,1.0,0.7820000052452087,0.699999988079071,0.0,1.0,1.0,0.0,0.0,0.0,0.0,0.0,0.0,0.0,0.0,0.0,0.0,0.0,0.0,0.0,0.0,0.0,0.0,1.0,0.0,0.0,0.0,0.0,0.0,0.0,0.0,1.0,0.0,0.0,0.0,0.0,0.0,0.0,0.0,0.0,0.0,0.0,0.0,0.0,0.0,0.0,0.0]","[-0.7465476989746094,-1.592620849609375,-1.7866401672363281,-1.7435894012451172]","[-0.3725719451904297,-1.5911502838134766,-1.9962081909179688,-1.3292427062988281]","[-0.06632314780810292,-0.2502825049431634,-0.14657097349843848,-0.040693123989955254]","[-0.33818724751472473,-0.8509443402290344,-0.8006434440612793,-0.3630419969558716]","[-0.33818724751472473,-0.8509443402290344,-0.8006434440612793,-0.3630419969558716]"
0,167,post_capture,"[""coverage"",""coverage"",""coverage"",""coverage""]","[0.0,1.0,0.0,0.9443333148956299,1.0,0.7820000052452087,0.699999988079071,0.0,1.0,1.0,0.0,0.0,0.0,0.0,0.0,0.0,0.0,0.0,0.0,0.0,0.0,0.0,0.0,0.0,0.0,0.0,1.0,0.0,0.0,0.0,0.0,0.0,0.0,0.0,1.0,0.0,0.0,0.0,0.0,0.0,0.0,0.0,0.0,0.0,0.0,0.0,0.0,0.0,0.0,0.0]","[2,3,6,6]","[-0.007900815457105637,-0.039439257234334946,-0.02819073386490345,-0.00880841352045536]",False,"[false,false,false,false]","[false,false,false,false]",post_capture,"[0.0,1.0,0.0,0.9440000057220459,1.0,0.7799999713897705,0.7333333492279053,0.0,1.0,1.0,0.0,0.0,0.0,0.0,0.0,0.0,0.0,0.0,0.0,0.0,0.0,0.0,0.0,0.0,0.0,0.0,1.0,0.0,0.0,0.0,0.0,0.0,0.0,0.0,1.0,0.0,0.0,0.0,0.0,0.0,0.0,0.0,0.0,0.0,0.0,0.0,0.0,0.0,0.0,0.0]","[-0.3725719451904297,-1.5911502838134766,-1.9962081909179688,-1.3292427062988281]","[-0.4493827819824219,-1.5446853637695312,-1.7567558288574219,-0.7490253448486328]","[-0.06123958926995409,-0.21598265456747048,-0.1186902779950986,-0.027889298498285003]","[-0.3339170217514038,-0.7822676301002502,-0.7153254747390747,-0.3021390438079834]","[-0.3339170217514038,-0.7822676301002502,-0.7153254747390747,-0.3021390438079834]"
0,168,post_capture,"[""coverage"",""coverage"",""coverage"",""coverage""]","[0.0,1.0,0.0,0.9440000057220459,1.0,0.7799999713897705,0.7333333492279053,0.0,1.0,1.0,0.0,0.0,0.0,0.0,0.0,0.0,0.0,0.0,0.0,0.0,0.0,0.0,0.0,0.0,0.0,0.0,1.0,0.0,0.0,0.0,0.0,0.0,0.0,0.0,1.0,0.0,0.0,0.0,0.0,0.0,0.0,0.0,0.0,0.0,0.0,0.0,0.0,0.0,0.0,0.0]","[2,3,3,8]","[-0.009850558824837208,-0.035054124891757965,-0.024348417297005653,-0.004490334540605545]",False,"[false,false,false,false]","[false,false,false,false]",post_capture,"[0.0,1.0,0.0,0.9436666369438171,1.0,0.777999997138977,0.7666666507720947,0.0,1.0,1.0,0.0,0.0,0.0,0.0,0.0,0.0,0.0,0.0,0.0,0.0,0.0,0.0,0.0,0.0,0.0,0.0,1.0,0.0,0.0,0.0,0.0,0.0,0.0,0.0,1.0,0.0,0.0,0.0,0.0,0.0,0.0,0.0,0.0,0.0,0.0,0.0,0.0,0.0,0.0,0.0]","[-0.4493827819824219,-1.5446853637695312,-1.7567558288574219,-0.7490253448486328]","[-0.5825634002685547,-1.6539764404296875,-1.8229026794433594,-0.4536914825439453]","[-0.05387754930590753,-0.17832666397286417,-0.09141368093959105,-0.019273621189726912]","[-0.32298964262008667,-0.7085236310958862,-0.6381449699401855,-0.2724655270576477]","[-0.32298964262008667,-0.7085236310958862,-0.6381449699401855,-0.2724655270576477]"
0,169,post_capture,"[""coverage"",""coverage"",""coverage"",""coverage""]","[0.0,1.0,0.0,0.9436666369438171,1.0,0.777999997138977,0.7666666507720947,0.0,1.0,1.0,0.0,0.0,0.0,0.0,0.0,0.0,0.0,0.0,0.0,0.0,0.0,0.0,0.0,0.0,0.0,0.0,1.0,0.0,0.0,0.0,0.0,0.0,0.0,0.0,1.0,0.0,0.0,0.0,0.0,0.0,0.0,0.0,0.0,0.0,0.0,0.0,0.0,0.0,0.0,0.0]","[2,6,6,8]","[-0.008634708821773529,-0.034920353442430496,-0.021928714588284492,-0.003300586249679327]",False,"[false,false,false,false]","[false,false,false,false]",post_capture,"[0.0,1.0,0.0,0.9433333277702332,1.0,0.7760000228881836,0.800000011920929,0.0,1.0,1.0,0.0,0.0,0.0,0.0,0.0,0.0,0.0,0.0,0.0,0.0,0.0,0.0,0.0,0.0,0.0,0.0,1.0,0.0,0.0,0.0,0.0,0.0,0.0,0.0,1.0,0.0,0.0,0.0,0.0,0.0,0.0,0.0,0.0,0.0,0.0,0.0,0.0,0.0,0.0,0.0]","[-0.5825634002685547,-1.6539764404296875,-1.8229026794433594,-0.4536914825439453]","[-0.9450302124023438,-1.5640544891357422,-1.9417591094970703,-0.5452079772949219]","[-0.044471707556636694,-0.14471973644556183,-0.06774269054806606,-0.01493261277689027]","[-0.30228835344314575,-0.6290246248245239,-0.5566856861114502,-0.26104989647865295]","[-0.30228835344314575,-0.6290246248245239,-0.5566856861114502,-0.26104989647865295]"
0,170,post_capture,"[""coverage"",""coverage"",""coverage"",""coverage""]","[0.0,1.0,0.0,0.9433333277702332,1.0,0.7760000228881836,0.800000011920929,0.0,1.0,1.0,0.0,0.0,0.0,0.0,0.0,0.0,0.0,0.0,0.0,0.0,0.0,0.0,0.0,0.0,0.0,0.0,1.0,0.0,0.0,0.0,0.0,0.0,0.0,0.0,1.0,0.0,0.0,0.0,0.0,0.0,0.0,0.0,0.0,0.0,0.0,0.0,0.0,0.0,0.0,0.0]","[8,3,6,2]","[-0.00874217227101326,-0.03303806856274605,-0.017628120258450508,-0.002968296641483903]",False,"[false,false,false,false]","[false,false,false,false]",post_capture,"[0.0,1.0,0.0,0.9430000185966492,1.0,0.7739999890327454,0.8333333134651184,0.0,1.0,1.0,0.0,0.0,0.0,0.0,0.0,0.0,0.0,0.0,0.0,0.0,0.0,0.0,0.0,0.0,0.0,0.0,1.0,0.0,0.0,0.0,0.0,0.0,0.0,0.0,1.0,0.0,0.0,0.0,0.0,0.0,0.0,0.0,0.0,0.0,0.0,0.0,0.0,0.0,0.0,0.0]","[-0.9450302124023438,-1.5640544891357422,-1.9417591094970703,-0.5452079772949219]","[-0.8275947570800781,-1.9635772705078125,-2.1894912719726562,-0.7392425537109375]","[-0.0361989886210739,-0.11090846767993064,-0.04627674339371876,-0.011749521744657519]","[-0.2624930143356323,-0.5493711233139038,-0.46639013290405273,-0.24536046385765076]","[-0.2624930143356323,-0.5493711233139038,-0.46639013290405273,-0.24536046385765076]"
0,171,post_capture,"[""coverage"",""coverage"",""coverage"",""coverage""]","[0.0,1.0,0.0,0.9430000185966492,1.0,0.7739999890327454,0.8333333134651184,0.0,1.0,1.0,0.0,0.0,0.0,0.0,0.0,0.0,0.0,0.0,0.0,0.0,0.0,0.0,0.0,0.0,0.0,0.0,1.0,0.0,0.0,0.0,0.0,0.0,0.0,0.0,1.0,0.0,0.0,0.0,0.0,0.0,0.0,0.0,0.0,0.0,0.0,0.0,0.0,0.0,0.0,0.0]","[2,3,6,3]","[-0.008200383745133877,-0.02629394829273224,-0.014050353318452835,-0.001956210471689701]",False,"[false,false,false,false]","[false,false,false,false]",post_capture,"[0.0,1.0,0.0,0.9426666498184204,1.0,0.7720000147819519,0.8666666746139526,0.0,1.0,1.0,0.0,0.0,0.0,0.0,0.0,0.0,0.0,0.0,0.0,0.0,0.0,0.0,0.0,0.0,0.0,0.0,1.0,0.0,0.0,0.0,0.0,0.0,0.0,0.0,1.0,0.0,0.0,0.0,0.0,0.0,0.0,0.0,0.0,0.0,0.0,0.0,0.0,0.0,0.0,0.0]","[-0.8275947570800781,-1.9635772705078125,-2.1894912719726562,-0.7392425537109375]","[-1.238454818725586,-2.25311279296875,-2.1914749145507812,-0.8760299682617188]","[-0.027734157929354186,-0.07865696880523695,-0.028938003166937627,-0.008869924346640017]","[-0.22624659538269043,-0.4456523656845093,-0.361916184425354,-0.21881937980651855]","[-0.22624659538269043,-0.4456523656845093,-0.361916184425354,-0.21881937980651855]"
0,172,post_capture,"[""coverage"",""coverage"",""coverage"",""coverage""]","[0.0,1.0,0.0,0.9426666498184204,1.0,0.7720000147819519,0.8666666746139526,0.0,1.0,1.0,0.0,0.0,0.0,0.0,0.0,0.0,0.0,0.0,0.0,0.0,0.0,0.0,0.0,0.0,0.0,0.0,1.0,0.0,0.0,0.0,0.0,0.0,0.0,0.0,1.0,0.0,0.0,0.0,0.0,0.0,0.0,0.0,0.0,0.0,0.0,0.0,0.0,0.0,0.0,0.0]","[8,6,6,3]","[-0.007163237314671278,-0.022792287170886993,-0.009065511636435986,-0.0017252479447051883]",False,"[false,false,false,false]","[false,false,false,false]",post_capture,"[0.0,1.0,0.0,0.9423333406448364,1.0,0.7699999809265137,0.8999999761581421,0.0,1.0,1.0,0.0,0.0,0.0,0.0,0.0,0.0,0.0,0.0,0.0,0.0,0.0,0.0,0.0,0.0,0.0,0.0,1.0,0.0,0.0,0.0,0.0,0.0,0.0,0.0,1.0,0.0,0.0,0.0,0.0,0.0,0.0,0.0,0.0,0.0,0.0,0.0,0.0,0.0,0.0,0.0]","[-1.238454818725586,-2.25311279296875,-2.1914749145507812,-0.8760299682617188]","[-1.1489734649658203,-2.0389442443847656,-1.9928703308105469,-1.153533935546875]","[-0.01973108503456597,-0.052891939911620924,-0.01503803014998464,-0.006983549368636682]","[-0.16665887832641602,-0.32730376720428467,-0.25453269481658936,-0.18447595834732056]","[-0.16665887832641602,-0.32730376720428467,-0.25453269481658936,-0.18447595834732056]"
0,173,post_capture,"[""coverage"",""coverage"",""coverage"",""coverage""]","[0.0,1.0,0.0,0.9423333406448364,1.0,0.7699999809265137,0.8999999761581421,0.0,1.0,1.0,0.0,0.0,0.0,0.0,0.0,0.0,0.0,0.0,0.0,0.0,0.0,0.0,0.0,0.0,0.0,0.0,1.0,0.0,0.0,0.0,0.0,0.0,0.0,0.0,1.0,0.0,0.0,0.0,0.0,0.0,0.0,0.0,0.0,0.0,0.0,0.0,0.0,0.0,0.0,0.0]","[8,3,6,3]","[-0.006945178844034672,-0.017511015757918358,-0.004471471067517996,-0.002061177045106888]",False,"[false,false,false,false]","[false,false,false,false]",post_capture,"[0.0,1.0,0.0,0.9419999718666077,1.0,0.7680000066757202,0.9333333373069763,0.0,1.0,1.0,0.0,0.0,0.0,0.0,0.0,0.0,0.0,0.0,0.0,0.0,0.0,0.0,0.0,0.0,0.0,0.0,1.0,0.0,0.0,0.0,0.0,0.0,0.0,0.0,1.0,0.0,0.0,0.0,0.0,0.0,0.0,0.0,0.0,0.0,0.0,0.0,0.0,0.0,0.0,0.0]","[-1.1489734649658203,-2.0389442443847656,-1.9928703308105469,-1.153533935546875]","[-0.9636363983154297,-2.0776443481445312,-1.6136798858642578,-1.3177433013916016]","[-0.012694795676661305,-0.03040368963710498,-0.0060328469833824784,-0.005311415579728782]","[-0.10911369323730469,-0.21646320819854736,-0.15610861778259277,-0.13359999656677246]","[-0.10911369323730469,-0.21646320819854736,-0.15610861778259277,-0.13359999656677246]"
0,174,post_capture,"[""coverage"",""coverage"",""coverage"",""coverage""]","[0.0,1.0,0.0,0.9419999718666077,1.0,0.7680000066757202,0.9333333373069763,0.0,1.0,1.0,0.0,0.0,0.0,0.0,0.0,0.0,0.0,0.0,0.0,0.0,0.0,0.0,0.0,0.0,0.0,0.0,1.0,0.0,0.0,0.0,0.0,0.0,0.0,0.0,1.0,0.0,0.0,0.0,0.0,0.0,0.0,0.0,0.0,0.0,0.0,0.0,0.0,0.0,0.0,0.0]","[8,6,6,6]","[-0.005332609638571739,-0.01627969555556774,-0.0025567698758095503,-0.0020975025836378336]",False,"[false,false,false,false]","[false,false,false,false]",post_capture,"[0.0,1.0,0.0,0.9416666626930237,1.0,0.765999972820282,0.9666666388511658,0.0,1.0,1.0,0.0,0.0,0.0,0.0,0.0,0.0,0.0,0.0,0.0,0.0,0.0,0.0,0.0,0.0,0.0,0.0,1.0,0.0,0.0,0.0,0.0,0.0,0.0,0.0,1.0,0.0,0.0,0.0,0.0,0.0,0.0,0.0,0.0,0.0,0.0,0.0,0.0,0.0,0.0,0.0]","[-0.9636363983154297,-2.0776443481445312,-1.6136798858642578,-1.3177433013916016]","[-1.053140640258789,-1.7980480194091797,-1.5085620880126953,-1.3592281341552734]","[-0.005807693770329934,-0.013022902908269317,-0.0015771473897621035,-0.0032830692268908026]","[-0.0579143762588501,-0.1021890640258789,-0.07629990577697754,-0.07050561904907227]","[-0.0579143762588501,-0.1021890640258789,-0.07629990577697754,-0.07050561904907227]"
0,175,post_capture,"[""coverage"",""coverage"",""coverage"",""coverage""]","[0.0,1.0,0.0,0.9416666626930237,1.0,0.765999972820282,0.9666666388511658,0.0,1.0,1.0,0.0,0.0,0.0,0.0,0.0,0.0,0.0,0.0,0.0,0.0,0.0,0.0,0.0,0.0,0.0,0.0,1.0,0.0,0.0,0.0,0.0,0.0,0.0,0.0,1.0,0.0,0.0,0.0,0.0,0.0,0.0,0.0,0.0,0.0,0.0,0.0,0.0,0.0,0.0,0.0]","[8,6,6,3]","[-0.00047988296137191355,0.0032896895427256823,0.0009895176626741886,-0.0011975420638918877]",False,"[true,true,true,true]","[false,false,false,false]",post_capture,"[0.0,1.0,0.0,0.9413333535194397,1.0,0.7639999985694885,1.0,1.0,1.0,1.0,0.0,0.0,0.0,0.0,0.0,0.0,0.0,0.0,0.0,0.0,0.0,0.0,0.0,0.0,0.0,0.0,1.0,0.0,0.0,0.0,0.0,0.0,0.0,0.0,1.0,0.0,0.0,0.0,0.0,0.0,0.0,0.0,0.0,0.0,0.0,0.0,0.0,0.0,0.0,0.0]","[-1.053140640258789,-1.7980480194091797,-1.5085620880126953,-1.3592281341552734]","[-1.2622394561767578,-1.6856575012207031,-1.421438217163086,-1.6831283569335938]","[-0.00047988296137191355,0.0032896895427256823,0.0009895176626741886,-0.0011975420638918877]","[-0.0004799365997314453,0.0032896995544433594,0.0009895563125610352,-0.0011975765228271484]","[-0.0004799365997314453,0.0032896995544433594,0.0009895563125610352,-0.0011975765228271484]"
1,0,pure_coverage,"[""coverage"",""coverage"",""coverage"",""coverage""]","[0.0,0.0,1.0,1.0,0.0,0.0,0.0,0.0,1.0,1.0,0.0,0.0,0.0,0.0,0.0,0.0,0.0,0.0,0.0,0.0,0.0,0.0,0.0,0.0,0.0,0.0,0.0,0.0,0.0,0.0,0.0,0.0,0.0,0.0,0.0,0.0,0.0,0.0,0.0,0.0,0.0,0.0,0.0,0.0,0.0,0.0,0.0,0.0,0.0,0.0]","[8,8,8,8]","[-0.6051111817359924,-0.3302956521511078,-0.4317054748535156,-2.531238317489624]",False,"[false,false,false,false]","[false,false,false,false]",pure_coverage,"[0.0,0.0,1.0,0.999666690826416,0.0,0.0,0.0,0.0,1.0,1.0,0.0,0.0,0.0,0.0,0.0,0.0,0.0,0.0,0.0,0.0,0.0,0.0,0.0,0.0,0.0,0.0,0.0,0.0,0.0,0.0,0.0,0.0,0.0,0.0,0.0,0.0,0.0,0.0,0.0,0.0,0.0,0.0,0.0,0.0,0.0,0.0,0.0,0.0,0.0,0.0]","[-7.223602294921875,-4.368522644042969,-7.690927505493164,-6.794189453125]","[-7.740743637084961,-3.7685317993164062,-7.458963394165039,-7.406719207763672]","[-9.853012047802062,-6.07297639585987,-9.198895141593878,-51.391981460737846]","[-9.400136947631836,-6.239920616149902,-8.565520286560059,-35.75361633300781]","[-9.413643836975098,-6.252358436584473,-8.578103065490723,-35.76424789428711]"
1,1,pure_coverage,"[""coverage"",""coverage"",""coverage"",""coverage""]","[0.0,0.0,1.0,0.999666690826416,0.0,0.0,0.0,0.0,1.0,1.0,0.0,0.0,0.0,0.0,0.0,0.0,0.0,0.0,0.0,0.0,0.0,0.0,0.0,0.0,0.0,0.0,0.0,0.0,0.0,0.0,0.0,0.0,0.0,0.0,0.0,0.0,0.0,0.0,0.0,0.0,0.0,0.0,0.0,0.0,0.0,0.0,0.0,0.0,0.0,0.0]","[8,8,6,8]","[-0.6479274034500122,-0.333751380443573,-0.4217653274536133,-2.4946842193603516]",False,"[false,false,false,false]","[false,false,false,false]",pure_coverage,"[0.0,0.0,1.0,0.9993333220481873,0.0,0.0,0.0,0.0,1.0,1.0,0.0,0.0,0.0,0.0,0.0,0.0,0.0,0.0,0.0,0.0,0.0,0.0,0.0,0.0,0.0,0.0,0.0,0.0,0.0,0.0,0.0,0.0,0.0,0.0,0.0,0.0,0.0,0.0,0.0,0.0,0.0,0.0,0.0,0.0,0.0,0.0,0.0,0.0,0.0,0.0]","[-7.740743637084961,-3.7685317993164062,-7.458963394165039,-7.406719207763672]","[-7.5615386962890625,-3.373941421508789,-6.648628234863281,-8.118104934692383]","[-9.341314006127343,-5.8006876199078405,-8.855747138121579,-49.35428600328103]","[-8.944028854370117,-6.085148811340332,-8.255817413330078,-34.93433380126953]","[-8.958389282226562,-6.0983734130859375,-8.269196510314941,-34.945640563964844]"
1,2,pure_coverage,"[""coverage"",""coverage"",""coverage"",""coverage""]","[0.0,0.0,1.0,0.9993333220481873,0.0,0.0,0.0,0.0,1.0,1.0,0.0,0.0,0.0,0.0,0.0,0.0,0.0,0.0,0.0,0.0,0.0,0.0,0.0,0.0,0.0,0.0,0.0,0.0,0.0,0.0,0.0,0.0,0.0,0.0,0.0,0.0,0.0,0.0,0.0,0.0,0.0,0.0,0.0,0.0,0.0,0.0,0.0,0.0,0.0,0.0]","[8,8,8,8]","[-0.672319769859314,-0.3219028413295746,-0.4163723886013031,-2.4960989952087402]",False,"[false,false,false,false]","[false,false,false,false]",pure_coverage,"[0.0,0.0,1.0,0.9990000128746033,0.0,0.0,0.0,0.0,1.0,1.0,0.0,0.0,0.0,0.0,0.0,0.0,0.0,0.0,0.0,0.0,0.0,0.0,0.0,0.0,0.0,0.0,0.0,0.0,0.0,0.0,0.0,0.0,0.0,0.0,0.0,0.0,0.0,0.0,0.0,0.0,0.0,0.0,0.0,0.0,0.0,0.0,0.0,0.0,0.0,0.0]","[-7.5615386962890625,-3.373941421508789,-6.648628234863281,-8.118104934692383]","[-6.881145477294922,-3.177013397216797,-5.595968246459961,-8.890127182006836]","[-8.78119858856296,-5.522157817640674,-8.519173546129258,-47.33293109486937]","[-8.422971725463867,-5.937679290771484,-7.979739665985107,-34.06465148925781]","[-8.438241004943848,-5.951740264892578,-7.993965148925781,-34.0766716003418]"
1,3,pure_coverage,"[""coverage"",""coverage"",""coverage"",""coverage""]","[0.0,0.0,1.0,0.9990000128746033,0.0,0.0,0.0,0.0,1.0,1.0,0.0,0.0,0.0,0.0,0.0,0.0,0.0,0.0,0.0,0.0,0.0,0.0,0.0,0.0,0.0,0.0,0.0,0.0,0.0,0.0,0.0,0.0,0.0,0.0,0.0,0.0,0.0,0.0,0.0,0.0,0.0,0.0,0.0,0.0,0.0,0.0,0.0,0.0,0.0,0.0]","[8,8,7,8]","[-0.6530427932739258,-0.3289528787136078,-0.40708696842193604,-2.384312868118286]",False,"[false,false,false,false]","[false,false,false,false]",pure_coverage,"[0.0,0.0,1.0,0.9986666440963745,0.0,0.0,0.0,0.0,1.0,1.0,0.0,0.0,0.0,0.0,0.0,0.0,0.0,0.0,0.0,0.0,0.0,0.0,0.0,0.0,0.0,0.0,0.0,0.0,0.0,0.0,0.0,0.0,0.0,0.0,0.0,0.0,0.0,0.0,0.0,0.0,0.0,0.0,0.0,0.0,0.0,0.0,0.0,0.0,0.0,0.0]","[-6.881145477294922,-3.177013397216797,-5.595968246459961,-8.890127182006836]","[-6.086246490478516,-3.2169666290283203,-5.03285026550293,-9.121387481689453]","[-8.190786685559239,-5.252782804354646,-8.184647633866621,-45.2897293935966]","[-7.878824710845947,-5.803842544555664,-7.747333526611328,-33.097808837890625]","[-7.895060062408447,-5.818793296813965,-7.762458324432373,-33.11058807373047]"
1,4,pure_coverage,"[""coverage"",""coverage"",""coverage"",""coverage""]","[0.0,0.0,1.0,0.9986666440963745,0.0,0.0,0.0,0.0,1.0,1.0,0.0,0.0,0.0,0.0,0.0,0.0,0.0,0.0,0.0,0.0,0.0,0.0,0.0,0.0,0.0,0.0,0.0,0.0,0.0,0.0,0.0,0.0,0.0,0.0,0.0,0.0,0.0,0.0,0.0,0.0,0.0,0.0,0.0,0.0,0.0,0.0,0.0,0.0,0.0,0.0]","[8,8,8,8]","[-0.5479088425636292,-0.3114485740661621,-0.41213375329971313,-2.46223521232605]",False,"[false,false,false,false]","[false,false,false,false]",pure_coverage,"[0.0,0.0,1.0,0.9983333349227905,0.0,0.0,0.0,0.0,1.0,1.0,0.0,0.0,0.0,0.0,0.0,0.0,0.0,0.0,0.0,0.0,0.0,0.0,0.0,0.0,0.0,0.0,0.0,0.0,0.0,0.0,0.0,0.0,0.0,0.0,0.0,0.0,0.0,0.0,0.0,0.0,0.0,0.0,0.0,0.0,0.0,0.0,0.0,0.0,0.0,0.0]","[-6.086246490478516,-3.2169666290283203,-5.03285026550293,-9.121387481689453]","[-5.132631301879883,-3.5630531311035156,-4.410959243774414,-9.46999740600586]","[-7.613882719480114,-4.973565581455594,-7.85612188428756,-43.33880457119022]","[-7.362586975097656,-5.65194034576416,-7.539734363555908,-32.176490783691406]","[-7.379849433898926,-5.667837142944336,-7.555816173553467,-32.19007873535156]"
1,5,pure_coverage,"[""coverage"",""coverage"",""coverage"",""coverage""]","[0.0,0.0,1.0,0.9983333349227905,0.0,0.0,0.0,0.0,1.0,1.0,0.0,0.0,0.0,0.0,0.0,0.0,0.0,0.0,0.0,0.0,0.0,0.0,0.0,0.0,0.0,0.0,0.0,0.0,0.0,0.0,0.0,0.0,0.0,0.0,0.0,0.0,0.0,0.0,0.0,0.0,0.0,0.0,0.0,0.0,0.0,0.0,0.0,0.0,0.0,0.0]","[6,8,6,8]","[-0.45822495222091675,-0.2955368459224701,-0.4069554805755615,-2.4507009983062744]",False,"[false,false,false,false]","[false,false,false,false]",pure_coverage,"[0.0,0.0,1.0,0.9980000257492065,0.0,0.0,0.0,0.0,1.0,1.0,0.0,0.0,0.0,0.0,0.0,0.0,0.0,0.0,0.0,0.0,0.0,0.0,0.0,0.0,0.0,0.0,0.0,0.0,0.0,0.0,0.0,0.0,0.0,0.0,0.0,0.0,0.0,0.0,0.0,0.0,0.0,0.0,0.0,0.0,0.0,0.0,0.0,0.0,0.0,0.0]","[-5.132631301879883,-3.5630531311035156,-4.410959243774414,-9.46999740600586]","[-5.3452301025390625,-3.765928268432617,-4.658638000488281,-9.657112121582031]","[-7.137347350420692,-4.709209098373163,-7.519179930290755,-41.289463998852696]","[-6.9756646156311035,-5.4908246994018555,-7.346366882324219,-31.095684051513672]","[-6.994019508361816,-5.507727146148682,-7.363465785980225,-31.110130310058594]"
1,6,pure_coverage,"[""coverage"",""coverage"",""coverage"",""coverage""]","[0.0,0.0,1.0,0.9980000257492065,0.0,0.0,0.0,0.0,1.0,1.0,0.0,0.0,0.0,0.0,0.0,0.0,0.0,0.0,0.0,0.0,0.0,0.0,0.0,0.0,0.0,0.0,0.0,0.0,0.0,0.0,0.0,0.0,0.0,0.0,0.0,0.0,0.0,0.0,0.0,0.0,0.0,0.0,0.0,0.0,0.0,0.0,0.0,0.0,0.0,0.0]","[6,8,6,8]","[-0.42911815643310547,-0.2866891920566559,-0.38212892413139343,-2.400491952896118]",False,"[false,false,false,false]","[false,false,false,false]",pure_coverage,"[0.0,0.0,1.0,0.9976666569709778,0.0,0.0,0.0,0.0,1.0,1.0,0.0,0.0,0.0,0.0,0.0,0.0,0.0,0.0,0.0,0.0,0.0,0.0,0.0,0.0,0.0,0.0,0.0,0.0,0.0,0.0,0.0,0.0,0.0,0.0,0.0,0.0,0.0,0.0,0.0,0.0,0.0,0.0,0.0,0.0,0.0,0.0,0.0,0.0,0.0,0.0]","[-5.3452301025390625,-3.765928268432617,-4.658638000488281,-9.657112121582031]","[-5.294839859008789,-3.8337936401367188,-4.550542831420898,-9.343374252319336]","[-6.746588281009874,-4.458254800455245,-7.184065100722417,-39.231073737925676]","[-6.648432731628418,-5.325757026672363,-7.133236408233643,-29.948915481567383]","[-6.667948246002197,-5.343728542327881,-7.1514177322387695,-29.964275360107422]"
1,7,pure_coverage,"[""coverage"",""coverage"",""coverage"",""coverage""]","[0.0,0.0,1.0,0.9976666569709778,0.0,0.0,0.0,0.0,1.0,1.0,0.0,0.0,0.0,0.0,0.0,0.0,0.0,0.0,0.0,0.0,0.0,0.0,0.0,0.0,0.0,0.0,0.0,0.0,0.0,0.0,0.0,0.0,0.0,0.0,0.0,0.0,0.0,0.0,0.0,0.0,0.0,0.0,0.0,0.0,0.0,0.0,0.0,0.0,0.0,0.0]","[6,8,6,7]","[-0.39171478152275085,-0.2734754979610443,-0.3726971745491028,-2.351065158843994]",False,"[false,false,false,false]","[false,false,false,false]",pure_coverage,"[0.0,0.0,1.0,0.9973333477973938,0.0,0.0,0.0,0.0,1.0,1.0,0.0,0.0,0.0,0.0,0.0,0.0,0.0,0.0,0.0,0.0,0.0,0.0,0.0,0.0,0.0,0.0,0.0,0.0,0.0,0.0,0.0,0.0,0.0,0.0,0.0,0.0,0.0,0.0,0.0,0.0,0.0,0.0,0.0,0.0,0.0,0.0,0.0,0.0,0.0,0.0]","[-5.294839859008789,-3.8337936401367188,-4.550542831420898,-9.343374252319336]","[-4.921543121337891,-3.999011993408203,-4.41632080078125,-9.135263442993164]","[-6.381282954117948,-4.21370263474605,-6.870642602617196,-37.20260786366622]","[-6.334098815917969,-5.156081676483154,-6.938709259033203,-28.799495697021484]","[-6.354848861694336,-5.175190448760986,-6.958040237426758,-28.815828323364258]"
1,8,pure_coverage,"[""coverage"",""coverage"",""coverage"",""coverage""]","[0.0,0.0,1.0,0.9973333477973938,0.0,0.0,0.0,0.0,1.0,1.0,0.0,0.0,0.0,0.0,0.0,0.0,0.0,0.0,0.0,0.0,0.0,0.0,0.0,0.0,0.0,0.0,0.0,0.0,0.0,0.0,0.0,0.0,0.0,0.0,0.0,0.0,0.0,0.0,0.0,0.0,0.0,0.0,0.0,0.0,0.0,0.0,0.0,0.0,0.0,0.0]","[8,8,8,7]","[-0.37571197748184204,-0.2519243061542511,-0.33963629603385925,-2.2986392974853516]",False,"[false,false,false,false]","[false,false,false,false]",pure_coverage,"[0.0,0.0,1.0,0.996999979019165,0.0,0.0,0.0,0.0,1.0,1.0,0.0,0.0,0.0,0.0,0.0,0.0,0.0,0.0,0.0,0.0,0.0,0.0,0.0,0.0,0.0,0.0,0.0,0.0,0.0,0.0,0.0,0.0,0.0,0.0,0.0,0.0,0.0,0.0,0.0,0.0,0.0,0.0,0.0,0.0,0.0,0.0,0.0,0.0,0.0,0.0]","[-4.921543121337891,-3.999011993408203,-4.41632080078125,-9.135263442993164]","[-4.821563720703125,-3.783060073852539,-4.234319686889648,-8.743352890014648]","[-6.0500688612072695,-3.9800274108939453,-6.563581240472822,-35.203578489719426]","[-6.059295654296875,-4.981026649475098,-6.748967170715332,-27.640867233276367]","[-6.081358909606934,-5.001343727111816,-6.769521713256836,-27.658231735229492]"
1,9,pure_coverage,"[""coverage"",""coverage"",""coverage"",""coverage""]","[0.0,0.0,1.0,0.996999979019165,0.0,0.0,0.0,0.0,1.0,1.0,0.0,0.0,0.0,0.0,0.0,0.0,0.0,0.0,0.0,0.0,0.0,0.0,0.0,0.0,0.0,0.0,0.0,0.0,0.0,0.0,0.0,0.0,0.0,0.0,0.0,0.0,0.0,0.0,0.0,0.0,0.0,0.0,0.0,0.0,0.0,0.0,0.0,0.0,0.0,0.0]","[6,8,8,6]","[-0.3363759219646454,-0.23338106274604797,-0.3233059346675873,-2.2293033599853516]",False,"[false,false,false,false]","[false,false,false,false]",pure_coverage,"[0.0,0.0,1.0,0.996666669845581,0.0,0.0,0.0,0.0,1.0,1.0,0.0,0.0,0.0,0.0,0.0,0.0,0.0,0.0,0.0,0.0,0.0,0.0,0.0,0.0,0.0,0.0,0.0,0.0,0.0,0.0,0.0,0.0,0.0,0.0,0.0,0.0,0.0,0.0,0.0,0.0,0.0,0.0,0.0,0.0,0.0,0.0,0.0,0.0,0.0,0.0]","[-4.821563720703125,-3.783060073852539,-4.234319686889648,-8.743352890014648]","[-4.777894973754883,-3.939373016357422,-4.288612365722656,-8.714763641357422]","[-5.731673619924674,-3.765760711858277,-6.286813075190872,-33.23731231538795]","[-5.789384365081787,-4.829176902770996,-6.591953277587891,-26.485309600830078]","[-5.812843322753906,-4.8507795333862305,-6.6138081550598145,-26.50377082824707]"
1,10,pure_coverage,"[""coverage"",""coverage"",""coverage"",""coverage""]","[0.0,0.0,1.0,0.996666669845581,0.0,0.0,0.0,0.0,1.0,1.0,0.0,0.0,0.0,0.0,0.0,0.0,0.0,0.0,0.0,0.0,0.0,0.0,0.0,0.0,0.0,0.0,0.0,0.0,0.0,0.0,0.0,0.0,0.0,0.0,0.0,0.0,0.0,0.0,0.0,0.0,0.0,0.0,0.0,0.0,0.0,0.0,0.0,0.0,0.0,0.0]","[8,8,6,7]","[-0.29618412256240845,-0.2216188758611679,-0.31308048963546753,-2.159623384475708]",False,"[false,false,false,false]","[false,false,false,false]",pure_coverage,"[0.0,0.0,1.0,0.9963333606719971,0.0,0.0,0.0,0.0,1.0,1.0,0.0,0.0,0.0,0.0,0.0,0.0,0.0,0.0,0.0,0.0,0.0,0.0,0.0,0.0,0.0,0.0,0.0,0.0,0.0,0.0,0.0,0.0,0.0,0.0,0.0,0.0,0.0,0.0,0.0,0.0,0.0,0.0,0.0,0.0,0.0,0.0,0.0,0.0,0.0,0.0]","[-4.777894973754883,-3.939373016357422,-4.288612365722656,-8.714763641357422]","[-4.373416900634766,-3.157482147216797,-3.5279769897460938,-8.446174621582031]","[-5.449795654505079,-3.568060251628514,-6.023744586387156,-31.321221167073336]","[-5.546521186828613,-4.6792097091674805,-6.439512252807617,-25.331871032714844]","[-5.5714640617370605,-4.702178955078125,-6.462749481201172,-25.35150146484375]"
1,11,pure_coverage,"[""coverage"",""coverage"",""coverage"",""coverage""]","[0.0,0.0,1.0,0.9963333606719971,0.0,0.0,0.0,0.0,1.0,1.0,0.0,0.0,0.0,0.0,0.0,0.0,0.0,0.0,0.0,0.0,0.0,0.0,0.0,0.0,0.0,0.0,0.0,0.0,0.0,0.0,0.0,0.0,0.0,0.0,0.0,0.0,0.0,0.0,0.0,0.0,0.0,0.0,0.0,0.0,0.0,0.0,0.0,0.0,0.0,0.0]","[6,6,6,8]","[-0.25860264897346497,-0.20623745024204254,-0.29164379835128784,-2.087351083755493]",False,"[false,false,false,false]","[false,false,false,false]",pure_coverage,"[0.0,0.0,1.0,0.9959999918937683,0.0,0.0,0.0,0.0,1.0,1.0,0.0,0.0,0.0,0.0,0.0,0.0,0.0,0.0,0.0,0.0,0.0,0.0,0.0,0.0,0.0,0.0,0.0,0.0,0.0,0.0,0.0,0.0,0.0,0.0,0.0,0.0,0.0,0.0,0.0,0.0,0.0,0.0,0.0,0.0,0.0,0.0,0.0,0.0,0.0,0.0]","[-4.373416900634766,-3.157482147216797,-3.5279769897460938,-8.446174621582031]","[-4.055360794067383,-3.214405059814453,-3.5130882263183594,-8.401809692382812]","[-5.205668214083506,-3.3802438139064104,-5.768347572476453,-29.456159376361242]","[-5.352315425872803,-4.573412895202637,-6.328332424163818,-24.19368553161621]","[-5.378836631774902,-4.597836017608643,-6.353039741516113,-24.214557647705078]"
1,12,pure_coverage,"[""coverage"",""coverage"",""coverage"",""coverage""]","[0.0,0.0,1.0,0.9959999918937683,0.0,0.0,0.0,0.0,1.0,1.0,0.0,0.0,0.0,0.0,0.0,0.0,0.0,0.0,0.0,0.0,0.0,0.0,0.0,0.0,0.0,0.0,0.0,0.0,0.0,0.0,0.0,0.0,0.0,0.0,0.0,0.0,0.0,0.0,0.0,0.0,0.0,0.0,0.0,0.0,0.0,0.0,0.0,0.0,0.0,0.0]","[6,6,8,6]","[-0.25717389583587646,-0.18880876898765564,-0.2688525319099426,-1.9790380001068115]",False,"[false,false,false,false]","[false,false,false,false]",pure_coverage,"[0.0,0.0,1.0,0.9956666827201843,0.0,0.0,0.0,0.0,1.0,1.0,0.0,0.0,0.0,0.0,0.0,0.0,0.0,0.0,0.0,0.0,0.0,0.0,0.0,0.0,0.0,0.0,0.0,0.0,0.0,0.0,0.0,0.0,0.0,0.0,0.0,0.0,0.0,0.0,0.0,0.0,0.0,0.0,0.0,0.0,0.0,0.0,0.0,0.0,0.0,0.0]","[-4.055360794067383,-3.214405059814453,-3.5130882263183594,-8.401809692382812]","[-4.130102157592773,-3.540109634399414,-4.112024307250977,-8.558027267456055]","[-4.997035924353576,-3.206067034004412,-5.532024014267844,-27.64526090162197]","[-5.202522277832031,-4.474282264709473,-6.233695030212402,-23.062673568725586]","[-5.230721473693848,-4.500250339508057,-6.259965896606445,-23.08486557006836]"
1,13,pure_coverage,"[""coverage"",""coverage"",""coverage"",""coverage""]","[0.0,0.0,1.0,0.9956666827201843,0.0,0.0,0.0,0.0,1.0,1.0,0.0,0.0,0.0,0.0,0.0,0.0,0.0,0.0,0.0,0.0,0.0,0.0,0.0,0.0,0.0,0.0,0.0,0.0,0.0,0.0,0.0,0.0,0.0,0.0,0.0,0.0,0.0,0.0,0.0,0.0,0.0,0.0,0.0,0.0,0.0,0.0,0.0,0.0,0.0,0.0]","[8,8,8,7]","[-0.22490018606185913,-0.1761963963508606,-0.26739799976348877,-1.9099340438842773]",False,"[false,false,false,false]","[false,false,false,false]",pure_coverage,"[0.0,0.0,1.0,0.9953333139419556,0.0,0.0,0.0,0.0,1.0,1.0,0.0,0.0,0.0,0.0,0.0,0.0,0.0,0.0,0.0,0.0,0.0,0.0,0.0,0.0,0.0,0.0,0.0,0.0,0.0,0.0,0.0,0.0,0.0,0.0,0.0,0.0,0.0,0.0,0.0,0.0,0.0,0.0,0.0,0.0,0.0,0.0,0.0,0.0,0.0,0.0]","[-4.130102157592773,-3.540109634399414,-4.112024307250977,-8.558027267456055]","[-4.4205322265625,-3.4861583709716797,-3.9486255645751953,-8.431400299072266]","[-4.787739422745151,-3.047735621229047,-5.316334830664546,-25.92547767829814]","[-5.040838241577148,-4.370269298553467,-6.125781059265137,-21.967052459716797]","[-5.0708208084106445,-4.3978800773620605,-6.153713226318359,-21.990646362304688]"
1,14,pure_coverage,"[""coverage"",""coverage"",""coverage"",""coverage""]","[0.0,0.0,1.0,0.9953333139419556,0.0,0.0,0.0,0.0,1.0,1.0,0.0,0.0,0.0,0.0,0.0,0.0,0.0,0.0,0.0,0.0,0.0,0.0,0.0,0.0,0.0,0.0,0.0,0.0,0.0,0.0,0.0,0.0,0.0,0.0,0.0,0.0,0.0,0.0,0.0,0.0,0.0,0.0,0.0,0.0,0.0,0.0,0.0,0.0,0.0,0.0]","[6,3,6,8]","[-0.2009982317686081,-0.16771036386489868,-0.25473111867904663,-1.828853726387024]",False,"[false,false,false,false]","[false,false,false,false]",pure_coverage,"[0.0,0.0,1.0,0.9950000047683716,0.0,0.0,0.0,0.0,1.0,1.0,0.0,0.0,0.0,0.0,0.0,0.0,0.0,0.0,0.0,0.0,0.0,0.0,0.0,0.0,0.0,0.0,0.0,0.0,0.0,0.0,0.0,0.0,0.0,0.0,0.0,0.0,0.0,0.0,0.0,0.0,0.0,0.0,0.0,0.0,0.0,0.0,0.0,0.0,0.0,0.0]","[-4.4205322265625,-3.4861583709716797,-3.9486255645751953,-8.431400299072266]","[-3.738027572631836,-3.4413299560546875,-3.699270248413086,-8.22760009765625]","[-4.608928521902315,-2.900544671594128,-5.099936192829351,-24.258124883246328]","[-4.8879547119140625,-4.275925636291504,-6.021186351776123,-20.88225746154785]","[-4.919834613800049,-4.305283069610596,-6.050886154174805,-20.907344818115234]"
1,15,pure_coverage,"[""coverage"",""coverage"",""coverage"",""coverage""]","[0.0,0.0,1.0,0.9950000047683716,0.0,0.0,0.0,0.0,1.0,1.0,0.0,0.0,0.0,0.0,0.0,0.0,0.0,0.0,0.0,0.0,0.0,0.0,0.0,0.0,0.0,0.0,0.0,0.0,0.0,0.0,0.0,0.0,0.0,0.0,0.0,0.0,0.0,0.0,0.0,0.0,0.0,0.0,0.0,0.0,0.0,0.0,0.0,0.0,0.0,0.0]","[8,8,8,6]","[-0.17295877635478973,-0.1564914733171463,-0.241371750831604,-1.7438879013061523]",False,"[false,false,false,false]","[false,false,false,false]",pure_coverage,"[0.0,0.0,1.0,0.9946666955947876,0.0,0.0,0.0,0.0,1.0,1.0,0.0,0.0,0.0,0.0,0.0,0.0,0.0,0.0,0.0,0.0,0.0,0.0,0.0,0.0,0.0,0.0,0.0,0.0,0.0,0.0,0.0,0.0,0.0,0.0,0.0,0.0,0.0,0.0,0.0,0.0,0.0,0.0,0.0,0.0,0.0,0.0,0.0,0.0,0.0,0.0]","[-3.738027572631836,-3.4413299560546875,-3.699270248413086,-8.22760009765625]","[-4.124553680419922,-3.471588134765625,-3.8700485229492188,-7.943708419799805]","[-4.452454838518896,-2.760438694675989,-4.894146539545762,-22.655829451373034]","[-4.786734580993652,-4.186995506286621,-5.9365668296813965,-19.82577133178711]","[-4.82063102722168,-4.218210697174072,-5.968145370483398,-19.852447509765625]"
1,16,pure_coverage,"[""coverage"",""coverage"",""coverage"",""coverage""]","[0.0,0.0,1.0,0.9946666955947876,0.0,0.0,0.0,0.0,1.0,1.0,0.0,0.0,0.0,0.0,0.0,0.0,0.0,0.0,0.0,0.0,0.0,0.0,0.0,0.0,0.0,0.0,0.0,0.0,0.0,0.0,0.0,0.0,0.0,0.0,0.0,0.0,0.0,0.0,0.0,0.0,0.0,0.0,0.0,0.0,0.0,0.0,0.0,0.0,0.0,0.0]","[6,7,8,6]","[-0.15863096714019775,-0.15499243140220642,-0.2428951859474182,-1.6638426780700684]",False,"[false,false,false,false]","[false,false,false,false]",pure_coverage,"[0.0,0.0,1.0,0.9943333268165588,0.0,0.0,0.0,0.0,1.0,1.0,0.0,0.0,0.0,0.0,0.0,0.0,0.0,0.0,0.0,0.0,0.0,0.0,0.0,0.0,0.0,0.0,0.0,0.0,0.0,0.0,0.0,0.0,0.0,0.0,0.0,0.0,0.0,0.0,0.0,0.0,0.0,0.0,0.0,0.0,0.0,0.0,0.0,0.0,0.0,0.0]","[-4.124553680419922,-3.471588134765625,-3.8700485229492188,-7.943708419799805]","[-3.8020172119140625,-3.6090736389160156,-4.1003570556640625,-7.840118408203125]","[-4.322723295115258,-2.6302497185442855,-4.699772513852685,-21.12317328289584]","[-4.688580513000488,-4.102775573730469,-5.851809978485107,-18.807727813720703]","[-4.724621772766113,-4.135965347290039,-5.8853864669799805,-18.836090087890625]"
1,17,pure_coverage,"[""coverage"",""coverage"",""coverage"",""coverage""]","[0.0,0.0,1.0,0.9943333268165588,0.0,0.0,0.0,0.0,1.0,1.0,0.0,0.0,0.0,0.0,0.0,0.0,0.0,0.0,0.0,0.0,0.0,0.0,0.0,0.0,0.0,0.0,0.0,0.0,0.0,0.0,0.0,0.0,0.0,0.0,0.0,0.0,0.0,0.0,0.0,0.0,0.0,0.0,0.0,0.0,0.0,0.0,0.0,0.0,0.0,0.0]","[8,3,8,8]","[-0.14167897403240204,-0.15301929414272308,-0.2556189000606537,-1.6095777750015259]",False,"[false,false,false,false]","[false,false,false,false]",pure_coverage,"[0.0,0.0,1.0,0.9940000176429749,0.0,0.0,0.0,0.0,1.0,1.0,0.0,0.0,0.0,0.0,0.0,0.0,0.0,0.0,0.0,0.0,0.0,0.0,0.0,0.0,0.0,0.0,0.0,0.0,0.0,0.0,0.0,0.0,0.0,0.0,0.0,0.0,0.0,0.0,0.0,0.0,0.0,0.0,0.0,0.0,0.0,0.0,0.0,0.0,0.0,0.0]","[-3.8020172119140625,-3.6090736389160156,-4.1003570556640625,-7.840118408203125]","[-4.385753631591797,-3.9048023223876953,-4.042934417724609,-8.338438034057617]","[-4.2061538666414755,-2.5002598860021,-4.501896290813401,-19.655889499824013]","[-4.616427421569824,-4.007585525512695,-5.747950553894043,-17.815841674804688]","[-4.654748916625977,-4.042874813079834,-5.783650875091553,-17.845998764038086]"
1,18,pure_coverage,"[""coverage"",""coverage"",""coverage"",""coverage""]","[0.0,0.0,1.0,0.9940000176429749,0.0,0.0,0.0,0.0,1.0,1.0,0.0,0.0,0.0,0.0,0.0,0.0,0.0,0.0,0.0,0.0,0.0,0.0,0.0,0.0,0.0,0.0,0.0,0.0,0.0,0.0,0.0,0.0,0.0,0.0,0.0,0.0,0.0,0.0,0.0,0.0,0.0,0.0,0.0,0.0,0.0,0.0,0.0,0.0,0.0,0.0]","[6,8,3,6]","[-0.12114671617746353,-0.1492268443107605,-0.24377679824829102,-1.4720666408538818]",False,"[false,false,false,false]","[false,false,false,false]",pure_coverage,"[0.0,0.0,1.0,0.9936666488647461,0.0,0.0,0.0,0.0,1.0,1.0,0.0,0.0,0.0,0.0,0.0,0.0,0.0,0.0,0.0,0.0,0.0,0.0,0.0,0.0,0.0,0.0,0.0,0.0,0.0,0.0,0.0,0.0,0.0,0.0,0.0,0.0,0.0,0.0,0.0,0.0,0.0,0.0,0.0,0.0,0.0,0.0,0.0,0.0,0.0,0.0]","[-4.385753631591797,-3.9048023223876953,-4.042934417724609,-8.338438034057617]","[-3.6877059936523438,-3.768840789794922,-4.137424468994141,-7.5399627685546875]","[-4.105530194554619,-2.3709500927872496,-4.289169081568432,-18.228597701840897]","[-4.527010917663574,-3.892906427383423,-5.627013206481934,-16.792675018310547]","[-4.567756652832031,-3.9304282665252686,-5.664972305297852,-16.824739456176758]"
1,19,pure_coverage,"[""coverage"",""coverage"",""coverage"",""coverage""]","[0.0,0.0,1.0,0.9936666488647461,0.0,0.0,0.0,0.0,1.0,1.0,0.0,0.0,0.0,0.0,0.0,0.0,0.0,0.0,0.0,0.0,0.0,0.0,0.0,0.0,0.0,0.0,0.0,0.0,0.0,0.0,0.0,0.0,0.0,0.0,0.0,0.0,0.0,0.0,0.0,0.0,0.0,0.0,0.0,0.0,0.0,0.0,0.0,0.0,0.0,0.0]","[3,6,6,8]","[-0.11047302931547165,-0.15201550722122192,-0.258567750453949,-1.4195528030395508]",False,"[false,false,false,false]","[false,false,false,false]",pure_coverage,"[0.0,0.0,1.0,0.9933333396911621,0.0,0.0,0.0,0.0,1.0,1.0,0.0,0.0,0.0,0.0,0.0,0.0,0.0,0.0,0.0,0.0,0.0,0.0,0.0,0.0,0.0,0.0,0.0,0.0,0.0,0.0,0.0,0.0,0.0,0.0,0.0,0.0,0.0,0.0,0.0,0.0,0.0,0.0,0.0,0.0,0.0,0.0,0.0,0.0,0.0,0.0]","[-3.6877059936523438,-3.768840789794922,-4.137424468994141,-7.5399627685546875]","[-3.3588695526123047,-3.5671615600585938,-4.14061164855957,-7.813579559326172]","[-4.024629776138541,-2.244164897450999,-4.086254831636507,-16.925788950491935]","[-4.490508079528809,-3.7821602821350098,-5.506043434143066,-15.893014907836914]","[-4.533831596374512,-3.8220560550689697,-5.546403884887695,-15.927106857299805]"
1,20,pure_coverage,"[""coverage"",""coverage"",""coverage"",""coverage""]","[0.0,0.0,1.0,0.9933333396911621,0.0,0.0,0.0,0.0,1.0,1.0,0.0,0.0,0.0,0.0,0.0,0.0,0.0,0.0,0.0,0.0,0.0,0.0,0.0,0.0,0.0,0.0,0.0,0.0,0.0,0.0,0.0,0.0,0.0,0.0,0.0,0.0,0.0,0.0,0.0,0.0,0.0,0.0,0.0,0.0,0.0,0.0,0.0,0.0,0.0,0.0]","[8,6,8,6]","[-0.09843648970127106,-0.14938002824783325,-0.2535994350910187,-1.3300886154174805]",False,"[false,false,false,false]","[false,false,false,false]",pure_coverage,"[0.0,0.0,1.0,0.9929999709129333,0.0,0.0,0.0,0.0,1.0,1.0,0.0,0.0,0.0,0.0,0.0,0.0,0.0,0.0,0.0,0.0,0.0,0.0,0.0,0.0,0.0,0.0,0.0,0.0,0.0,0.0,0.0,0.0,0.0,0.0,0.0,0.0,0.0,0.0,0.0,0.0,0.0,0.0,0.0,0.0,0.0,0.0,0.0,0.0,0.0,0.0]","[-3.3588695526123047,-3.5671615600585938,-4.14061164855957,-7.813579559326172]","[-4.080665588378906,-3.8079872131347656,-4.435056686401367,-7.316795349121094]","[-3.9536936836596666,-2.11328221235331,-3.8663505870530885,-15.66286479540645]","[-4.480351448059082,-3.672057628631592,-5.361526012420654,-14.977872848510742]","[-4.526416301727295,-3.714477300643921,-5.404439926147461,-15.014121055603027]"
1,21,pure_coverage,"[""coverage"",""coverage"",""coverage"",""coverage""]","[0.0,0.0,1.0,0.9929999709129333,0.0,0.0,0.0,0.0,1.0,1.0,0.0,0.0,0.0,0.0,0.0,0.0,0.0,0.0,0.0,0.0,0.0,0.0,0.0,0.0,0.0,0.0,0.0,0.0,0.0,0.0,0.0,0.0,0.0,0.0,0.0,0.0,0.0,0.0,0.0,0.0,0.0,0.0,0.0,0.0,0.0,0.0,0.0,0.0,0.0,0.0]","[3,6,3,8]","[-0.08616548776626587,-0.1427130401134491,-0.251638263463974,-1.241502285003662]",False,"[false,false,false,false]","[false,false,false,false]",pure_coverage,"[0.0,0.0,1.0,0.9926666617393494,0.0,0.0,0.0,0.0,1.0,1.0,0.0,0.0,0.0,0.0,0.0,0.0,0.0,0.0,0.0,0.0,0.0,0.0,0.0,0.0,0.0,0.0,0.0,0.0,0.0,0.0,0.0,0.0,0.0,0.0,0.0,0.0,0.0,0.0,0.0,0.0,0.0,0.0,0.0,0.0,0.0,0.0,0.0,0.0,0.0,0.0]","[-4.080665588378906,-3.8079872131347656,-4.435056686401367,-7.316795349121094]","[-3.398181915283203,-3.648469924926758,-4.393369674682617,-7.56005859375]","[-3.894199185816561,-1.983739579904522,-3.6492435878404748,-14.477551696958557]","[-4.444362163543701,-3.545116662979126,-5.197651386260986,-14.126106262207031]","[-4.493340492248535,-3.5902199745178223,-5.243280410766602,-14.164647102355957]"
1,22,pure_coverage,"[""coverage"",""coverage"",""coverage"",""coverage""]","[0.0,0.0,1.0,0.9926666617393494,0.0,0.0,0.0,0.0,1.0,1.0,0.0,0.0,0.0,0.0,0.0,0.0,0.0,0.0,0.0,0.0,0.0,0.0,0.0,0.0,0.0,0.0,0.0,0.0,0.0,0.0,0.0,0.0,0.0,0.0,0.0,0.0,0.0,0.0,0.0,0.0,0.0,0.0,0.0,0.0,0.0,0.0,0.0,0.0,0.0,0.0]","[2,8,8,6]","[-0.07232362776994705,-0.13122428953647614,-0.2362954467535019,-1.1972160339355469]",False,"[false,false,false,false]","[false,false,false,false]",pure_coverage,"[0.0,0.0,1.0,0.9923333525657654,0.0,0.0,0.0,0.0,1.0,1.0,0.0,0.0,0.0,0.0,0.0,0.0,0.0,0.0,0.0,0.0,0.0,0.0,0.0,0.0,0.0,0.0,0.0,0.0,0.0,0.0,0.0,0.0,0.0,0.0,0.0,0.0,0.0,0.0,0.0,0.0,0.0,0.0,0.0,0.0,0.0,0.0,0.0,0.0,0.0,0.0]","[-3.398181915283203,-3.648469924926758,-4.393369674682617,-7.56005859375]","[-4.242218017578125,-3.804391860961914,-4.512851715087891,-6.978466033935547]","[-3.8464986848992884,-1.8596227674657304,-3.4319245700772734,-13.36974688076252]","[-4.4550628662109375,-3.425629138946533,-5.027688503265381,-13.301841735839844]","[-4.507140159606934,-3.473586082458496,-5.076204299926758,-13.342820167541504]"
1,23,pure_coverage,"[""coverage"",""coverage"",""coverage"",""coverage""]","[0.0,0.0,1.0,0.9923333525657654,0.0,0.0,0.0,0.0,1.0,1.0,0.0,0.0,0.0,0.0,0.0,0.0,0.0,0.0,0.0,0.0,0.0,0.0,0.0,0.0,0.0,0.0,0.0,0.0,0.0,0.0,0.0,0.0,0.0,0.0,0.0,0.0,0.0,0.0,0.0,0.0,0.0,0.0,0.0,0.0,0.0,0.0,0.0,0.0,0.0,0.0]","[6,8,3,8]","[-0.06249936297535896,-0.12771514058113098,-0.24090518057346344,-1.1103103160858154]",False,"[false,false,false,false]","[false,false,false,false]",pure_coverage,"[0.0,0.0,1.0,0.9919999837875366,0.0,0.0,0.0,0.0,1.0,1.0,0.0,0.0,0.0,0.0,0.0,0.0,0.0,0.0,0.0,0.0,0.0,0.0,0.0,0.0,0.0,0.0,0.0,0.0,0.0,0.0,0.0,0.0,0.0,0.0,0.0,0.0,0.0,0.0,0.0,0.0,0.0,0.0,0.0,0.0,0.0,0.0,0.0,0.0,0.0,0.0]","[-4.242218017578125,-3.804391860961914,-4.512851715087891,-6.978466033935547]","[-3.262866973876953,-3.554372787475586,-4.396688461303711,-7.169672012329102]","[-3.812298037504385,-1.7458570484133882,-3.227908205377547,-12.29548570386563]","[-4.436735153198242,-3.3025918006896973,-4.856998443603516,-12.50312614440918]","[-4.492106914520264,-3.3535823822021484,-4.908583641052246,-12.546697616577148]"
1,24,pure_coverage,"[""coverage"",""coverage"",""coverage"",""coverage""]","[0.0,0.0,1.0,0.9919999837875366,0.0,0.0,0.0,0.0,1.0,1.0,0.0,0.0,0.0,0.0,0.0,0.0,0.0,0.0,0.0,0.0,0.0,0.0,0.0,0.0,0.0,0.0,0.0,0.0,0.0,0.0,0.0,0.0,0.0,0.0,0.0,0.0,0.0,0.0,0.0,0.0,0.0,0.0,0.0,0.0,0.0,0.0,0.0,0.0,0.0,0.0]","[8,8,8,8]","[-0.059832993894815445,-0.12436172366142273,-0.21712443232536316,-1.060908555984497]",False,"[false,false,false,false]","[false,false,false,false]",pure_coverage,"[0.0,0.0,1.0,0.9916666746139526,0.0,0.0,0.0,0.0,1.0,1.0,0.0,0.0,0.0,0.0,0.0,0.0,0.0,0.0,0.0,0.0,0.0,0.0,0.0,0.0,0.0,0.0,0.0,0.0,0.0,0.0,0.0,0.0,0.0,0.0,0.0,0.0,0.0,0.0,0.0,0.0,0.0,0.0,0.0,0.0,0.0,0.0,0.0,0.0,0.0,0.0]","[-3.262866973876953,-3.554372787475586,-4.396688461303711,-7.169672012329102]","[-3.653409957885742,-3.47027587890625,-4.52638053894043,-6.976346969604492]","[-3.7876754288171983,-1.6344867755881387,-3.0171747725293776,-11.298156957353347]","[-4.479238510131836,-3.1886603832244873,-4.676722049713135,-11.736223220825195]","[-4.538113594055176,-3.2428770065307617,-4.731570720672607,-11.782550811767578]"
1,25,pure_coverage,"[""coverage"",""coverage"",""coverage"",""coverage""]","[0.0,0.0,1.0,0.9916666746139526,0.0,0.0,0.0,0.0,1.0,1.0,0.0,0.0,0.0,0.0,0.0,0.0,0.0,0.0,0.0,0.0,0.0,0.0,0.0,0.0,0.0,0.0,0.0,0.0,0.0,0.0,0.0,0.0,0.0,0.0,0.0,0.0,0.0,0.0,0.0,0.0,0.0,0.0,0.0,0.0,0.0,0.0,0.0,0.0,0.0,0.0]","[8,3,3,6]","[-0.058266669511795044,-0.12182199209928513,-0.21701358258724213,-0.9888973832130432]",False,"[false,false,false,false]","[false,false,false,false]",pure_coverage,"[0.0,0.0,1.0,0.9913333058357239,0.0,0.0,0.0,0.0,1.0,1.0,0.0,0.0,0.0,0.0,0.0,0.0,0.0,0.0,0.0,0.0,0.0,0.0,0.0,0.0,0.0,0.0,0.0,0.0,0.0,0.0,0.0,0.0,0.0,0.0,0.0,0.0,0.0,0.0,0.0,0.0,0.0,0.0,0.0,0.0,0.0,0.0,0.0,0.0,0.0,0.0]","[-3.653409957885742,-3.47027587890625,-4.52638053894043,-6.976346969604492]","[-3.4861202239990234,-3.3638439178466797,-4.371068954467773,-6.639827728271484]","[-3.765497409012508,-1.5253788403300161,-2.828333676973752,-10.340654950877626]","[-4.506711006164551,-3.0755128860473633,-4.503499984741211,-10.983503341674805]","[-4.569310188293457,-3.133159637451172,-4.561818599700928,-11.03276252746582]"
1,26,pure_coverage,"[""coverage"",""coverage"",""coverage"",""coverage""]","[0.0,0.0,1.0,0.9913333058357239,0.0,0.0,0.0,0.0,1.0,1.0,0.0,0.0,0.0,0.0,0.0,0.0,0.0,0.0,0.0,0.0,0.0,0.0,0.0,0.0,0.0,0.0,0.0,0.0,0.0,0.0,0.0,0.0,0.0,0.0,0.0,0.0,0.0,0.0,0.0,0.0,0.0,0.0,0.0,0.0,0.0,0.0,0.0,0.0,0.0,0.0]","[3,8,8,8]","[-0.06446146965026855,-0.11360465735197067,-0.19901737570762634,-0.9314807653427124]",False,"[false,false,false,false]","[false,false,false,false]",pure_coverage,"[0.0,0.0,1.0,0.9909999966621399,0.0,0.0,0.0,0.0,1.0,1.0,0.0,0.0,0.0,0.0,0.0,0.0,0.0,0.0,0.0,0.0,0.0,0.0,0.0,0.0,0.0,0.0,0.0,0.0,0.0,0.0,0.0,0.0,0.0,0.0,0.0,0.0,0.0,0.0,0.0,0.0,0.0,0.0,0.0,0.0,0.0,0.0,0.0,0.0,0.0,0.0]","[-3.4861202239990234,-3.3638439178466797,-4.371068954467773,-6.639827728271484]","[-2.906360626220703,-3.474069595336914,-4.614229202270508,-6.770380020141602]","[-3.744677514647185,-1.4177341901320515,-2.6376970650368787,-9.44621976531776]","[-4.546391487121582,-2.9635097980499268,-4.327611446380615,-10.277442932128906]","[-4.612951278686523,-3.0248031616210938,-4.389619827270508,-10.329817771911621]"
1,27,pure_coverage,"[""coverage"",""coverage"",""coverage"",""coverage""]","[0.0,0.0,1.0,0.9909999966621399,0.0,0.0,0.0,0.0,1.0,1.0,0.0,0.0,0.0,0.0,0.0,0.0,0.0,0.0,0.0,0.0,0.0,0.0,0.0,0.0,0.0,0.0,0.0,0.0,0.0,0.0,0.0,0.0,0.0,0.0,0.0,0.0,0.0,0.0,0.0,0.0,0.0,0.0,0.0,0.0,0.0,0.0,0.0,0.0,0.0,0.0]","[6,8,8,6]","[-0.07079437375068665,-0.12271539866924286,-0.18813322484493256,-0.8818919062614441]",False,"[false,false,false,false]","[false,false,false,false]",pure_coverage,"[0.0,0.0,1.0,0.9906666874885559,0.0,0.0,0.0,0.0,1.0,1.0,0.0,0.0,0.0,0.0,0.0,0.0,0.0,0.0,0.0,0.0,0.0,0.0,0.0,0.0,0.0,0.0,0.0,0.0,0.0,0.0,0.0,0.0,0.0,0.0,0.0,0.0,0.0,0.0,0.0,0.0,0.0,0.0,0.0,0.0,0.0,0.0,0.0,0.0,0.0,0.0]","[-2.906360626220703,-3.474069595336914,-4.614229202270508,-6.770380020141602]","[-2.7060317993164062,-3.4086647033691406,-4.678182601928711,-6.720844268798828]","[-3.71738994444133,-1.317302558363718,-2.4633128175042955,-8.600746464621261]","[-4.612509250640869,-2.8473563194274902,-4.1469316482543945,-9.580890655517578]","[-4.683279991149902,-2.912527561187744,-4.212862968444824,-9.636579513549805]"
1,28,pure_coverage,"[""coverage"",""coverage"",""coverage"",""coverage""]","[0.0,0.0,1.0,0.9906666874885559,0.0,0.0,0.0,0.0,1.0,1.0,0.0,0.0,0.0,0.0,0.0,0.0,0.0,0.0,0.0,0.0,0.0,0.0,0.0,0.0,0.0,0.0,0.0,0.0,0.0,0.0,0.0,0.0,0.0,0.0,0.0,0.0,0.0,0.0,0.0,0.0,0.0,0.0,0.0,0.0,0.0,0.0,0.0,0.0,0.0,0.0]","[8,3,3,8]","[-0.10244080424308777,-0.12552128732204437,-0.17645223438739777,-0.8016018867492676]",False,"[false,false,false,false]","[false,false,false,false]",pure_coverage,"[0.0,0.0,1.0,0.9903333187103271,0.0,0.0,0.0,0.0,1.0,1.0,0.0,0.0,0.0,0.0,0.0,0.0,0.0,0.0,0.0,0.0,0.0,0.0,0.0,0.0,0.0,0.0,0.0,0.0,0.0,0.0,0.0,0.0,0.0,0.0,0.0,0.0,0.0,0.0,0.0,0.0,0.0,0.0,0.0,0.0,0.0,0.0,0.0,0.0,0.0,0.0]","[-2.7060317993164062,-3.4086647033691406,-4.678182601928711,-6.720844268798828]","[-2.9112930297851562,-3.3415393829345703,-4.524848937988281,-6.600093841552734]","[-3.6834298693844882,-1.206653696661086,-2.2981612047064273,-7.796822786222037]","[-4.686620235443115,-2.7176098823547363,-3.963028907775879,-8.895605087280273]","[-4.761868000030518,-2.7869040966033936,-4.033131122589111,-8.954816818237305]"
1,29,pure_coverage,"[""coverage"",""coverage"",""coverage"",""coverage""]","[0.0,0.0,1.0,0.9903333187103271,0.0,0.0,0.0,0.0,1.0,1.0,0.0,0.0,0.0,0.0,0.0,0.0,0.0,0.0,0.0,0.0,0.0,0.0,0.0,0.0,0.0,0.0,0.0,0.0,0.0,0.0,0.0,0.0,0.0,0.0,0.0,0.0,0.0,0.0,0.0,0.0,0.0,0.0,0.0,0.0,0.0,0.0,0.0,0.0,0.0,0.0]","[2,3,6,6]","[-0.11157210171222687,-0.11685149371623993,-0.15371613204479218,-0.7585675120353699]",False,"[false,false,false,false]","[false,false,false,false]",pure_coverage,"[0.0,0.0,1.0,0.9900000095367432,0.0,0.0,0.0,0.0,1.0,1.0,0.0,0.0,0.0,0.0,0.0,0.0,0.0,0.0,0.0,0.0,0.0,0.0,0.0,0.0,0.0,0.0,0.0,0.0,0.0,0.0,0.0,0.0,0.0,0.0,0.0,0.0,0.0,0.0,0.0,0.0,0.0,0.0,0.0,0.0,0.0,0.0,0.0,0.0,0.0,0.0]","[-2.9112930297851562,-3.3415393829345703,-4.524848937988281,-6.600093841552734]","[-2.9077415466308594,-3.293224334716797,-4.085458755493164,-6.127384185791016]","[-3.6171606718600007,-1.0920529387263045,-2.1431403740596258,-7.0658796964371415]","[-4.720967769622803,-2.580204725265503,-3.7879817485809326,-8.25869083404541]","[-4.800975799560547,-2.6538827419281006,-3.862518787384033,-8.321648597717285]"
1,30,pure_coverage,"[""coverage"",""coverage"",""coverage"",""coverage""]","[0.0,0.0,1.0,0.9900000095367432,0.0,0.0,0.0,0.0,1.0,1.0,0.0,0.0,0.0,0.0,0.0,0.0,0.0,0.0,0.0,0.0,0.0,0.0,0.0,0.0,0.0,0.0,0.0,0.0,0.0,0.0,0.0,0.0,0.0,0.0,0.0,0.0,0.0,0.0,0.0,0.0,0.0,0.0,0.0,0.0,0.0,0.0,0.0,0.0,0.0,0.0]","[2,3,8,6]","[-0.11850899457931519,-0.10564851015806198,-0.13869453966617584,-0.6878675222396851]",False,"[false,false,false,false]","[false,false,false,false]",pure_coverage,"[0.0,0.0,1.0,0.9896666407585144,0.0,0.0,0.0,0.0,1.0,1.0,0.0,0.0,0.0,0.0,0.0,0.0,0.0,0.0,0.0,0.0,0.0,0.0,0.0,0.0,0.0,0.0,0.0,0.0,0.0,0.0,0.0,0.0,0.0,0.0,0.0,0.0,0.0,0.0,0.0,0.0,0.0,0.0,0.0,0.0,0.0,0.0,0.0,0.0,0.0,0.0]","[-2.9077415466308594,-3.293224334716797,-4.085458755493164,-6.127384185791016]","[-3.1865100860595703,-3.3815879821777344,-4.137033462524414,-5.727617263793945]","[-3.5409985557048222,-0.9850519646566308,-2.0095194363786195,-6.371022408486638]","[-4.747966289520264,-2.4458675384521484,-3.649160385131836,-7.652118682861328]","[-4.833036422729492,-2.5242068767547607,-3.7284131050109863,-7.719059944152832]"
1,31,pure_coverage,"[""coverage"",""coverage"",""coverage"",""coverage""]","[0.0,0.0,1.0,0.9896666407585144,0.0,0.0,0.0,0.0,1.0,1.0,0.0,0.0,0.0,0.0,0.0,0.0,0.0,0.0,0.0,0.0,0.0,0.0,0.0,0.0,0.0,0.0,0.0,0.0,0.0,0.0,0.0,0.0,0.0,0.0,0.0,0.0,0.0,0.0,0.0,0.0,0.0,0.0,0.0,0.0,0.0,0.0,0.0,0.0,0.0,0.0]","[8,8,8,8]","[-0.13980895280838013,-0.10787436366081238,-0.1335008293390274,-0.6380757689476013]",False,"[false,false,false,false]","[false,false,false,false]",pure_coverage,"[0.0,0.0,1.0,0.9893333315849304,0.0,0.0,0.0,0.0,1.0,1.0,0.0,0.0,0.0,0.0,0.0,0.0,0.0,0.0,0.0,0.0,0.0,0.0,0.0,0.0,0.0,0.0,0.0,0.0,0.0,0.0,0.0,0.0,0.0,0.0,0.0,0.0,0.0,0.0,0.0,0.0,0.0,0.0,0.0,0.0,0.0,0.0,0.0,0.0,0.0,0.0]","[-3.1865100860595703,-3.3815879821777344,-4.137033462524414,-5.727617263793945]","[-3.0793933868408203,-3.153900146484375,-3.880594253540039,-5.869661331176758]","[-3.4570601627530375,-0.8882863176753221,-1.8897221178913575,-5.740560491158539]","[-4.75462532043457,-2.310292959213257,-3.5148138999938965,-7.103385925292969]","[-4.845077037811279,-2.3935883045196533,-3.5990805625915527,-7.174561500549316]"
1,32,pure_coverage,"[""coverage"",""coverage"",""coverage"",""coverage""]","[0.0,0.0,1.0,0.9893333315849304,0.0,0.0,0.0,0.0,1.0,1.0,0.0,0.0,0.0,0.0,0.0,0.0,0.0,0.0,0.0,0.0,0.0,0.0,0.0,0.0,0.0,0.0,0.0,0.0,0.0,0.0,0.0,0.0,0.0,0.0,0.0,0.0,0.0,0.0,0.0,0.0,0.0,0.0,0.0,0.0,0.0,0.0,0.0,0.0,0.0,0.0]","[2,6,3,8]","[-0.17291702330112457,-0.09578895568847656,-0.11753293871879578,-0.5834611654281616]",False,"[false,false,false,false]","[false,false,false,false]",pure_coverage,"[0.0,0.0,1.0,0.9890000224113464,0.0,0.0,0.0,0.0,1.0,1.0,0.0,0.0,0.0,0.0,0.0,0.0,0.0,0.0,0.0,0.0,0.0,0.0,0.0,0.0,0.0,0.0,0.0,0.0,0.0,0.0,0.0,0.0,0.0,0.0,0.0,0.0,0.0,0.0,0.0,0.0,0.0,0.0,0.0,0.0,0.0,0.0,0.0,0.0,0.0,0.0]","[-3.0793933868408203,-3.153900146484375,-3.880594253540039,-5.869661331176758]","[-3.263530731201172,-2.6099491119384766,-3.2927608489990234,-5.256954193115234]","[-3.350758797923896,-0.7882949030449593,-1.7739608975276062,-5.15402497193024]","[-4.744695663452148,-2.175758123397827,-3.3909876346588135,-6.565403461456299]","[-4.840869903564453,-2.2643229961395264,-3.4805850982666016,-6.641081809997559]"
1,33,pure_coverage,"[""coverage"",""coverage"",""coverage"",""coverage""]","[0.0,0.0,1.0,0.9890000224113464,0.0,0.0,0.0,0.0,1.0,1.0,0.0,0.0,0.0,0.0,0.0,0.0,0.0,0.0,0.0,0.0,0.0,0.0,0.0,0.0,0.0,0.0,0.0,0.0,0.0,0.0,0.0,0.0,0.0,0.0,0.0,0.0,0.0,0.0,0.0,0.0,0.0,0.0,0.0,0.0,0.0,0.0,0.0,0.0,0.0,0.0]","[8,6,3,6]","[-0.19138111174106598,-0.08440930396318436,-0.111197330057621,-0.5194356441497803]",False,"[false,false,false,false]","[false,false,false,false]",pure_coverage,"[0.0,0.0,1.0,0.9886666536331177,0.0,0.0,0.0,0.0,1.0,1.0,0.0,0.0,0.0,0.0,0.0,0.0,0.0,0.0,0.0,0.0,0.0,0.0,0.0,0.0,0.0,0.0,0.0,0.0,0.0,0.0,0.0,0.0,0.0,0.0,0.0,0.0,0.0,0.0,0.0,0.0,0.0,0.0,0.0,0.0,0.0,0.0,0.0,0.0,0.0,0.0]","[-3.263530731201172,-2.6099491119384766,-3.2927608489990234,-5.256954193115234]","[-3.2125816345214844,-2.4646549224853516,-3.0255584716796875,-4.77528190612793]","[-3.209941186487648,-0.6995009569257401,-1.6731595543523339,-4.616731117678867]","[-4.689243793487549,-2.074191093444824,-3.307243824005127,-6.08370304107666]","[-4.791501998901367,-2.16835880279541,-3.4025096893310547,-6.1641693115234375]"
1,34,pure_coverage,"[""coverage"",""coverage"",""coverage"",""coverage""]","[0.0,0.0,1.0,0.9886666536331177,0.0,0.0,0.0,0.0,1.0,1.0,0.0,0.0,0.0,0.0,0.0,0.0,0.0,0.0,0.0,0.0,0.0,0.0,0.0,0.0,0.0,0.0,0.0,0.0,0.0,0.0,0.0,0.0,0.0,0.0,0.0,0.0,0.0,0.0,0.0,0.0,0.0,0.0,0.0,0.0,0.0,0.0,0.0,0.0,0.0,0.0]","[8,6,8,8]","[-0.22322872281074524,-0.07006198912858963,-0.10768667608499527,-0.4672998785972595]",False,"[false,false,false,false]","[false,false,false,false]",pure_coverage,"[0.0,0.0,1.0,0.9883333444595337,0.0,0.0,0.0,0.0,1.0,1.0,0.0,0.0,0.0,0.0,0.0,0.0,0.0,0.0,0.0,0.0,0.0,0.0,0.0,0.0,0.0,0.0,0.0,0.0,0.0,0.0,0.0,0.0,0.0,0.0,0.0,0.0,0.0,0.0,0.0,0.0,0.0,0.0,0.0,0.0,0.0,0.0,0.0,0.0,0.0,0.0]","[-3.2125816345214844,-2.4646549224853516,-3.0255584716796875,-4.77528190612793]","[-3.322103500366211,-2.437541961669922,-3.2361507415771484,-4.7924652099609375]","[-3.049050580552103,-0.6213046999621775,-1.57773962049971,-4.138682296494027]","[-4.613332748413086,-1.9859449863433838,-3.239001989364624,-5.664956092834473]","[-4.722060680389404,-2.0860702991485596,-3.34029483795166,-5.750513076782227]"
1,35,pure_coverage,"[""coverage"",""coverage"",""coverage"",""coverage""]","[0.0,0.0,1.0,0.9883333444595337,0.0,0.0,0.0,0.0,1.0,1.0,0.0,0.0,0.0,0.0,0.0,0.0,0.0,0.0,0.0,0.0,0.0,0.0,0.0,0.0,0.0,0.0,0.0,0.0,0.0,0.0,0.0,0.0,0.0,0.0,0.0,0.0,0.0,0.0,0.0,0.0,0.0,0.0,0.0,0.0,0.0,0.0,0.0,0.0,0.0,0.0]","[8,6,8,8]","[-0.23883353173732758,-0.054488420486450195,-0.09301888197660446,-0.4255000352859497]",False,"[false,false,false,false]","[false,false,false,false]",pure_coverage,"[0.0,0.0,1.0,0.9879999756813049,0.0,0.0,0.0,0.0,1.0,1.0,0.0,0.0,0.0,0.0,0.0,0.0,0.0,0.0,0.0,0.0,0.0,0.0,0.0,0.0,0.0,0.0,0.0,0.0,0.0,0.0,0.0,0.0,0.0,0.0,0.0,0.0,0.0,0.0,0.0,0.0,0.0,0.0,0.0,0.0,0.0,0.0,0.0,0.0,0.0,0.0]","[-3.322103500366211,-2.437541961669922,-3.2361507415771484,-4.7924652099609375]","[-3.437215805053711,-2.308147430419922,-3.0919322967529297,-4.284946441650391]","[-2.8543655128700585,-0.5568108190238261,-1.4849019640552674,-3.708467088784613]","[-4.492993354797363,-1.908798336982727,-3.1590917110443115,-5.274246692657471]","[-4.608599662780762,-2.0152580738067627,-3.2667927742004395,-5.365216255187988]"
1,36,pure_coverage,"[""coverage"",""coverage"",""coverage"",""coverage""]","[0.0,0.0,1.0,0.9879999756813049,0.0,0.0,0.0,0.0,1.0,1.0,0.0,0.0,0.0,0.0,0.0,0.0,0.0,0.0,0.0,0.0,0.0,0.0,0.0,0.0,0.0,0.0,0.0,0.0,0.0,0.0,0.0,0.0,0.0,0.0,0.0,0.0,0.0,0.0,0.0,0.0,0.0,0.0,0.0,0.0,0.0,0.0,0.0,0.0,0.0,0.0]","[8,8,2,6]","[-0.25733888149261475,-0.042325735092163086,-0.087847501039505,-0.38053810596466064]",False,"[false,false,false,false]","[false,false,false,false]",pure_coverage,"[0.0,0.0,1.0,0.987666666507721,0.0,0.0,0.0,0.0,1.0,1.0,0.0,0.0,0.0,0.0,0.0,0.0,0.0,0.0,0.0,0.0,0.0,0.0,0.0,0.0,0.0,0.0,0.0,0.0,0.0,0.0,0.0,0.0,0.0,0.0,0.0,0.0,0.0,0.0,0.0,0.0,0.0,0.0,0.0,0.0,0.0,0.0,0.0,0.0,0.0,0.0]","[-3.437215805053711,-2.308147430419922,-3.0919322967529297,-4.284946441650391]","[-3.8570022583007812,-2.5851974487304688,-3.452106475830078,-4.350984573364258]","[-2.6419514960936676,-0.5073963621589656,-1.4059425071501646,-3.3161283368673367]","[-4.3423895835876465,-1.85014009475708,-3.0973124504089355,-4.929975509643555]","[-4.4653096199035645,-1.9633347988128662,-3.211827039718628,-5.026700019836426]"
1,37,pure_coverage,"[""coverage"",""coverage"",""coverage"",""coverage""]","[0.0,0.0,1.0,0.987666666507721,0.0,0.0,0.0,0.0,1.0,1.0,0.0,0.0,0.0,0.0,0.0,0.0,0.0,0.0,0.0,0.0,0.0,0.0,0.0,0.0,0.0,0.0,0.0,0.0,0.0,0.0,0.0,0.0,0.0,0.0,0.0,0.0,0.0,0.0,0.0,0.0,0.0,0.0,0.0,0.0,0.0,0.0,0.0,0.0,0.0,0.0]","[8,3,3,6]","[-0.23126396536827087,-0.03565239533782005,-0.08306668698787689,-0.34713464975357056]",False,"[false,false,false,false]","[false,false,false,false]",pure_coverage,"[0.0,0.0,1.0,0.987333357334137,0.0,0.0,0.0,0.0,1.0,1.0,0.0,0.0,0.0,0.0,0.0,0.0,0.0,0.0,0.0,0.0,0.0,0.0,0.0,0.0,0.0,0.0,0.0,0.0,0.0,0.0,0.0,0.0,0.0,0.0,0.0,0.0,0.0,0.0,0.0,0.0,0.0,0.0,0.0,0.0,0.0,0.0,0.0,0.0,0.0,0.0]","[-3.8570022583007812,-2.5851974487304688,-3.452106475830078,-4.350984573364258]","[-3.896860122680664,-2.2610912322998047,-3.223926544189453,-4.1468048095703125]","[-2.408699610708134,-0.46976831016848736,-1.3314090970814743,-2.9652426574774506]","[-4.1404876708984375,-1.7861212491989136,-3.0181665420532227,-4.608254909515381]","[-4.27118444442749,-1.9064772129058838,-3.139925956726074,-4.711098670959473]"
1,38,pure_coverage,"[""coverage"",""coverage"",""coverage"",""coverage""]","[0.0,0.0,1.0,0.987333357334137,0.0,0.0,0.0,0.0,1.0,1.0,0.0,0.0,0.0,0.0,0.0,0.0,0.0,0.0,0.0,0.0,0.0,0.0,0.0,0.0,0.0,0.0,0.0,0.0,0.0,0.0,0.0,0.0,0.0,0.0,0.0,0.0,0.0,0.0,0.0,0.0,0.0,0.0,0.0,0.0,0.0,0.0,0.0,0.0,0.0,0.0]","[8,8,3,8]","[-0.24973498284816742,-0.025008732452988625,-0.08216153830289841,-0.28359100222587585]",False,"[false,false,false,false]","[false,false,false,false]",pure_coverage,"[0.0,0.0,1.0,0.9869999885559082,0.0,0.0,0.0,0.0,1.0,1.0,0.0,0.0,0.0,0.0,0.0,0.0,0.0,0.0,0.0,0.0,0.0,0.0,0.0,0.0,0.0,0.0,0.0,0.0,0.0,0.0,0.0,0.0,0.0,0.0,0.0,0.0,0.0,0.0,0.0,0.0,0.0,0.0,0.0,0.0,0.0,0.0,0.0,0.0,0.0,0.0]","[-3.896860122680664,-2.2610912322998047,-3.223926544189453,-4.1468048095703125]","[-3.9922046661376953,-2.2129783630371094,-3.156301498413086,-4.124481201171875]","[-2.199429944787741,-0.43850092407138114,-1.260951929387472,-2.6445535431554346]","[-3.95143985748291,-1.74220609664917,-2.951106309890747,-4.31244421005249]","[-4.090404987335205,-1.8701763153076172,-3.080568790435791,-4.421794414520264]"
1,39,pure_coverage,"[""coverage"",""coverage"",""coverage"",""coverage""]","[0.0,0.0,1.0,0.9869999885559082,0.0,0.0,0.0,0.0,1.0,1.0,0.0,0.0,0.0,0.0,0.0,0.0,0.0,0.0,0.0,0.0,0.0,0.0,0.0,0.0,0.0,0.0,0.0,0.0,0.0,0.0,0.0,0.0,0.0,0.0,0.0,0.0,0.0,0.0,0.0,0.0,0.0,0.0,0.0,0.0,0.0,0.0,0.0,0.0,0.0,0.0]","[8,8,6,3]","[-0.2297799289226532,-0.01905544102191925,-0.08859628438949585,-0.2504970133304596]",False,"[false,false,false,false]","[false,false,false,false]",pure_coverage,"[0.0,0.0,1.0,0.9866666793823242,0.0,0.0,0.0,0.0,1.0,1.0,0.0,0.0,0.0,0.0,0.0,0.0,0.0,0.0,0.0,0.0,0.0,0.0,0.0,0.0,0.0,0.0,0.0,0.0,0.0,0.0,0.0,0.0,0.0,0.0,0.0,0.0,0.0,0.0,0.0,0.0,0.0,0.0,0.0,0.0,0.0,0.0,0.0,0.0,0.0,0.0]","[-3.9922046661376953,-2.2129783630371094,-3.156301498413086,-4.124481201171875]","[-3.9852256774902344,-1.967355728149414,-2.813131332397461,-3.890745162963867]","[-1.9693888504440136,-0.4176688804226187,-1.1906973647318926,-2.3848106474035946]","[-3.725774049758911,-1.7093620300292969,-2.8843255043029785,-4.066657543182373]","[-3.873530626296997,-1.8454281091690063,-3.0219781398773193,-4.182926177978516]"
1,40,pure_coverage,"[""coverage"",""coverage"",""coverage"",""coverage""]","[0.0,0.0,1.0,0.9866666793823242,0.0,0.0,0.0,0.0,1.0,1.0,0.0,0.0,0.0,0.0,0.0,0.0,0.0,0.0,0.0,0.0,0.0,0.0,0.0,0.0,0.0,0.0,0.0,0.0,0.0,0.0,0.0,0.0,0.0,0.0,0.0,0.0,0.0,0.0,0.0,0.0,0.0,0.0,0.0,0.0,0.0,0.0,0.0,0.0,0.0,0.0]","[8,8,8,8]","[-0.20769838988780975,-0.016451800242066383,-0.08878851681947708,-0.21763241291046143]",False,"[false,false,false,false]","[false,false,false,false]",pure_coverage,"[0.0,0.0,1.0,0.9863333106040955,0.0,0.0,0.0,0.0,1.0,1.0,0.0,0.0,0.0,0.0,0.0,0.0,0.0,0.0,0.0,0.0,0.0,0.0,0.0,0.0,0.0,0.0,0.0,0.0,0.0,0.0,0.0,0.0,0.0,0.0,0.0,0.0,0.0,0.0,0.0,0.0,0.0,0.0,0.0,0.0,0.0,0.0,0.0,0.0,0.0,0.0]","[-3.9852256774902344,-1.967355728149414,-2.813131332397461,-3.890745162963867]","[-3.9680328369140625,-1.8762245178222656,-3.1359500885009766,-4.098573684692383]","[-1.757180728809455,-0.4026398377784843,-1.1132334144872695,-2.1558723576496313]","[-3.5074169635772705,-1.693697452545166,-2.8245391845703125,-3.852811336517334]","[-3.6645209789276123,-1.8383716344833374,-2.970900297164917,-3.9764351844787598]"
1,41,pure_coverage,"[""coverage"",""coverage"",""coverage"",""coverage""]","[0.0,0.0,1.0,0.9863333106040955,0.0,0.0,0.0,0.0,1.0,1.0,0.0,0.0,0.0,0.0,0.0,0.0,0.0,0.0,0.0,0.0,0.0,0.0,0.0,0.0,0.0,0.0,0.0,0.0,0.0,0.0,0.0,0.0,0.0,0.0,0.0,0.0,0.0,0.0,0.0,0.0,0.0,0.0,0.0,0.0,0.0,0.0,0.0,0.0,0.0,0.0]","[8,3,8,3]","[-0.19396737217903137,-0.014669850468635559,-0.08852963149547577,-0.19206105172634125]",False,"[false,false,false,false]","[false,false,false,false]",pure_coverage,"[0.0,0.0,1.0,0.9860000014305115,0.0,0.0,0.0,0.0,1.0,1.0,0.0,0.0,0.0,0.0,0.0,0.0,0.0,0.0,0.0,0.0,0.0,0.0,0.0,0.0,0.0,0.0,0.0,0.0,0.0,0.0,0.0,0.0,0.0,0.0,0.0,0.0,0.0,0.0,0.0,0.0,0.0,0.0,0.0,0.0,0.0,0.0,0.0,0.0,0.0,0.0]","[-3.9680328369140625,-1.8762245178222656,-3.1359500885009766,-4.098573684692383]","[-4.1522369384765625,-2.0566177368164062,-3.580974578857422,-4.2218170166015625]","[-1.5651336756784295,-0.3900889268044625,-1.0347928259270631,-1.9578181259991612]","[-3.299628496170044,-1.684606671333313,-2.7437756061553955,-3.6494412422180176]","[-3.4666717052459717,-1.8384335041046143,-2.8993961811065674,-3.780886173248291]"
1,42,pure_coverage,"[""coverage"",""coverage"",""coverage"",""coverage""]","[0.0,0.0,1.0,0.9860000014305115,0.0,0.0,0.0,0.0,1.0,1.0,0.0,0.0,0.0,0.0,0.0,0.0,0.0,0.0,0.0,0.0,0.0,0.0,0.0,0.0,0.0,0.0,0.0,0.0,0.0,0.0,0.0,0.0,0.0,0.0,0.0,0.0,0.0,0.0,0.0,0.0,0.0,0.0,0.0,0.0,0.0,0.0,0.0,0.0,0.0,0.0]","[8,6,3,3]","[-0.17467057704925537,-0.01099485158920288,-0.0859343558549881,-0.16033005714416504]",False,"[false,false,false,false]","[false,false,false,false]",pure_coverage,"[0.0,0.0,1.0,0.9856666922569275,0.0,0.0,0.0,0.0,1.0,1.0,0.0,0.0,0.0,0.0,0.0,0.0,0.0,0.0,0.0,0.0,0.0,0.0,0.0,0.0,0.0,0.0,0.0,0.0,0.0,0.0,0.0,0.0,0.0,0.0,0.0,0.0,0.0,0.0,0.0,0.0,0.0,0.0,0.0,0.0,0.0,0.0,0.0,0.0,0.0,0.0]","[-4.1522369384765625,-2.0566177368164062,-3.580974578857422,-4.2218170166015625]","[-3.8346595764160156,-1.9907512664794922,-3.241649627685547,-4.045522689819336]","[-1.3850164681812103,-0.37921118821800703,-0.9558214085167548,-1.7835930043159798]","[-3.083599805831909,-1.6673409938812256,-2.634755849838257,-3.4539079666137695]","[-3.2612109184265137,-1.8308995962142944,-2.8002214431762695,-3.5936684608459473]"
1,43,pure_coverage,"[""coverage"",""coverage"",""coverage"",""coverage""]","[0.0,0.0,1.0,0.9856666922569275,0.0,0.0,0.0,0.0,1.0,1.0,0.0,0.0,0.0,0.0,0.0,0.0,0.0,0.0,0.0,0.0,0.0,0.0,0.0,0.0,0.0,0.0,0.0,0.0,0.0,0.0,0.0,0.0,0.0,0.0,0.0,0.0,0.0,0.0,0.0,0.0,0.0,0.0,0.0,0.0,0.0,0.0,0.0,0.0,0.0,0.0]","[3,2,3,8]","[-0.15882264077663422,-0.009228608570992947,-0.08857668936252594,-0.14521299302577972]",False,"[false,false,false,false]","[false,false,false,false]",pure_coverage,"[0.0,0.0,1.0,0.9853333234786987,0.0,0.0,0.0,0.0,1.0,1.0,0.0,0.0,0.0,0.0,0.0,0.0,0.0,0.0,0.0,0.0,0.0,0.0,0.0,0.0,0.0,0.0,0.0,0.0,0.0,0.0,0.0,0.0,0.0,0.0,0.0,0.0,0.0,0.0,0.0,0.0,0.0,0.0,0.0,0.0,0.0,0.0,0.0,0.0,0.0,0.0]","[-3.8346595764160156,-1.9907512664794922,-3.241649627685547,-4.045522689819336]","[-3.520254135131836,-1.8267383575439453,-2.784524917602539,-4.137228012084961]","[-1.222571607203995,-0.37193569356444867,-0.8786737905674411,-1.6396595425977927]","[-2.891136407852173,-1.6563571691513062,-2.5394575595855713,-3.2890212535858154]","[-3.079983711242676,-1.8302631378173828,-2.7153913974761963,-3.4376235008239746]"
1,44,pure_coverage,"[""coverage"",""coverage"",""coverage"",""coverage""]","[0.0,0.0,1.0,0.9853333234786987,0.0,0.0,0.0,0.0,1.0,1.0,0.0,0.0,0.0,0.0,0.0,0.0,0.0,0.0,0.0,0.0,0.0,0.0,0.0,0.0,0.0,0.0,0.0,0.0,0.0,0.0,0.0,0.0,0.0,0.0,0.0,0.0,0.0,0.0,0.0,0.0,0.0,0.0,0.0,0.0,0.0,0.0,0.0,0.0,0.0,0.0]","[3,8,8,8]","[-0.14572623372077942,-0.011241158470511436,-0.09138281643390656,-0.10815834999084473]",False,"[false,false,false,false]","[false,false,false,false]",pure_coverage,"[0.0,0.0,1.0,0.9850000143051147,0.0,0.0,0.0,0.0,1.0,1.0,0.0,0.0,0.0,0.0,0.0,0.0,0.0,0.0,0.0,0.0,0.0,0.0,0.0,0.0,0.0,0.0,0.0,0.0,0.0,0.0,0.0,0.0,0.0,0.0,0.0,0.0,0.0,0.0,0.0,0.0,0.0,0.0,0.0,0.0,0.0,0.0,0.0,0.0,0.0,0.0]","[-3.520254135131836,-1.8267383575439453,-2.784524917602539,-4.137228012084961]","[-3.51611328125,-1.5272693634033203,-3.0160255432128906,-3.844808578491211]","[-1.0744939054821825,-0.36637079292268254,-0.7980778800049648,-1.5095419692646597]","[-2.7198948860168457,-1.655188798904419,-2.4593796730041504,-3.1249499320983887]","[-2.920689582824707,-1.8400967121124268,-2.6464438438415527,-3.2829532623291016]"
1,45,pure_coverage,"[""coverage"",""coverage"",""coverage"",""coverage""]","[0.0,0.0,1.0,0.9850000143051147,0.0,0.0,0.0,0.0,1.0,1.0,0.0,0.0,0.0,0.0,0.0,0.0,0.0,0.0,0.0,0.0,0.0,0.0,0.0,0.0,0.0,0.0,0.0,0.0,0.0,0.0,0.0,0.0,0.0,0.0,0.0,0.0,0.0,0.0,0.0,0.0,0.0,0.0,0.0,0.0,0.0,0.0,0.0,0.0,0.0,0.0]","[8,3,8,3]","[-0.1210208460688591,-0.012295805849134922,-0.08545907586812973,-0.09896603226661682]",False,"[false,false,false,false]","[false,false,false,false]",pure_coverage,"[0.0,0.0,1.0,0.984666645526886,0.0,0.0,0.0,0.0,1.0,1.0,0.0,0.0,0.0,0.0,0.0,0.0,0.0,0.0,0.0,0.0,0.0,0.0,0.0,0.0,0.0,0.0,0.0,0.0,0.0,0.0,0.0,0.0,0.0,0.0,0.0,0.0,0.0,0.0,0.0,0.0,0.0,0.0,0.0,0.0,0.0,0.0,0.0,0.0,0.0,0.0]","[-3.51611328125,-1.5272693634033203,-3.0160255432128906,-3.844808578491211]","[-3.9443817138671875,-1.7729053497314453,-3.547882080078125,-3.912446975708008]","[-0.9381491633953568,-0.3587168024769405,-0.7138333975465235,-1.4155390093674898]","[-2.5519628524780273,-1.6675680875778198,-2.3590683937072754,-3.0052881240844727]","[-2.76546049118042,-1.8641741275787354,-2.557966947555542,-3.1732876300811768]"
1,46,pure_coverage,"[""coverage"",""coverage"",""coverage"",""coverage""]","[0.0,0.0,1.0,0.984666645526886,0.0,0.0,0.0,0.0,1.0,1.0,0.0,0.0,0.0,0.0,0.0,0.0,0.0,0.0,0.0,0.0,0.0,0.0,0.0,0.0,0.0,0.0,0.0,0.0,0.0,0.0,0.0,0.0,0.0,0.0,0.0,0.0,0.0,0.0,0.0,0.0,0.0,0.0,0.0,0.0,0.0,0.0,0.0,0.0,0.0,0.0]","[3,6,8,6]","[-0.11190628260374069,-0.012895318679511547,-0.08115702122449875,-0.07797043770551682]",False,"[false,false,false,false]","[false,false,false,false]",pure_coverage,"[0.0,0.0,1.0,0.984333336353302,0.0,0.0,0.0,0.0,1.0,1.0,0.0,0.0,0.0,0.0,0.0,0.0,0.0,0.0,0.0,0.0,0.0,0.0,0.0,0.0,0.0,0.0,0.0,0.0,0.0,0.0,0.0,0.0,0.0,0.0,0.0,0.0,0.0,0.0,0.0,0.0,0.0,0.0,0.0,0.0,0.0,0.0,0.0,0.0,0.0,0.0]","[-3.9443817138671875,-1.7729053497314453,-3.547882080078125,-3.912446975708008]","[-3.7001686096191406,-1.7463150024414062,-3.5419654846191406,-3.6229801177978516]","[-0.8253821387136341,-0.349920198613945,-0.6347215370488827,-1.3298716940412858]","[-2.377134323120117,-1.666680932044983,-2.2307167053222656,-2.884269952774048]","[-2.6041388511657715,-1.8757251501083374,-2.4421987533569336,-3.0628979206085205]"
1,47,pure_coverage,"[""coverage"",""coverage"",""coverage"",""coverage""]","[0.0,0.0,1.0,0.984333336353302,0.0,0.0,0.0,0.0,1.0,1.0,0.0,0.0,0.0,0.0,0.0,0.0,0.0,0.0,0.0,0.0,0.0,0.0,0.0,0.0,0.0,0.0,0.0,0.0,0.0,0.0,0.0,0.0,0.0,0.0,0.0,0.0,0.0,0.0,0.0,0.0,0.0,0.0,0.0,0.0,0.0,0.0,0.0,0.0,0.0,0.0]","[8,8,8,3]","[-0.09465616941452026,-0.015309338457882404,-0.07778600603342056,-0.0641920268535614]",False,"[false,false,false,false]","[false,false,false,false]",pure_coverage,"[0.0,0.0,1.0,0.984000027179718,0.0,0.0,0.0,0.0,1.0,1.0,0.0,0.0,0.0,0.0,0.0,0.0,0.0,0.0,0.0,0.0,0.0,0.0,0.0,0.0,0.0,0.0,0.0,0.0,0.0,0.0,0.0,0.0,0.0,0.0,0.0,0.0,0.0,0.0,0.0,0.0,0.0,0.0,0.0,0.0,0.0,0.0,0.0,0.0,0.0,0.0]","[-3.7001686096191406,-1.7463150024414062,-3.5419654846191406,-3.6229801177978516]","[-3.9213294982910156,-2.5458126068115234,-3.6820907592773438,-3.549558639526367]","[-0.7206826829392863,-0.3404291716509429,-0.5591560765902868,-1.2645467235714838]","[-2.21379017829895,-1.6664996147155762,-2.0991311073303223,-2.793154716491699]","[-2.455155849456787,-1.8887689113616943,-2.3239920139312744,-2.9830832481384277]"
1,48,pure_coverage,"[""coverage"",""coverage"",""coverage"",""coverage""]","[0.0,0.0,1.0,0.984000027179718,0.0,0.0,0.0,0.0,1.0,1.0,0.0,0.0,0.0,0.0,0.0,0.0,0.0,0.0,0.0,0.0,0.0,0.0,0.0,0.0,0.0,0.0,0.0,0.0,0.0,0.0,0.0,0.0,0.0,0.0,0.0,0.0,0.0,0.0,0.0,0.0,0.0,0.0,0.0,0.0,0.0,0.0,0.0,0.0,0.0,0.0]","[8,3,6,3]","[-0.079952172935009,-0.019437940791249275,-0.06899068504571915,-0.05988849699497223]",False,"[false,false,false,false]","[false,false,false,false]",pure_coverage,"[0.0,0.0,1.0,0.9836666584014893,0.0,0.0,0.0,0.0,1.0,1.0,0.0,0.0,0.0,0.0,0.0,0.0,0.0,0.0,0.0,0.0,0.0,0.0,0.0,0.0,0.0,0.0,0.0,0.0,0.0,0.0,0.0,0.0,0.0,0.0,0.0,0.0,0.0,0.0,0.0,0.0,0.0,0.0,0.0,0.0,0.0,0.0,0.0,0.0,0.0,0.0]","[-3.9213294982910156,-2.5458126068115234,-3.6820907592773438,-3.549558639526367]","[-3.6577987670898438,-2.3027591705322266,-3.199422836303711,-3.156005859375]","[-0.6323500136613798,-0.3284038719121823,-0.48623239450188505,-1.212479491634265]","[-2.046813488006592,-1.6216614246368408,-1.9554295539855957,-2.714789390563965]","[-2.3034491539001465,-1.85799241065979,-2.194516181945801,-2.916733741760254]"
1,49,pure_coverage,"[""coverage"",""coverage"",""coverage"",""coverage""]","[0.0,0.0,1.0,0.9836666584014893,0.0,0.0,0.0,0.0,1.0,1.0,0.0,0.0,0.0,0.0,0.0,0.0,0.0,0.0,0.0,0.0,0.0,0.0,0.0,0.0,0.0,0.0,0.0,0.0,0.0,0.0,0.0,0.0,0.0,0.0,0.0,0.0,0.0,0.0,0.0,0.0,0.0,0.0,0.0,0.0,0.0,0.0,0.0,0.0,0.0,0.0]","[3,3,8,8]","[-0.06642158329486847,-0.019839759916067123,-0.062421251088380814,-0.05500736087560654]",False,"[false,false,false,false]","[false,false,false,false]",pure_coverage,"[0.0,0.0,1.0,0.9833333492279053,0.0,0.0,0.0,0.0,1.0,1.0,0.0,0.0,0.0,0.0,0.0,0.0,0.0,0.0,0.0,0.0,0.0,0.0,0.0,0.0,0.0,0.0,0.0,0.0,0.0,0.0,0.0,0.0,0.0,0.0,0.0,0.0,0.0,0.0,0.0,0.0,0.0,0.0,0.0,0.0,0.0,0.0,0.0,0.0,0.0,0.0]","[-3.6577987670898438,-2.3027591705322266,-3.199422836303711,-3.156005859375]","[-3.4167709350585938,-2.5901546478271484,-3.3749332427978516,-3.6452274322509766]","[-0.557977616895324,-0.31208679911205356,-0.42145627217794535,-1.1642333279184776]","[-1.8987774848937988,-1.5823891162872314,-1.8373922109603882,-2.6567554473876953]","[-2.1716489791870117,-1.8336713314056396,-2.091604709625244,-2.8714754581451416]"
1,50,pure_coverage,"[""coverage"",""coverage"",""coverage"",""coverage""]","[0.0,0.0,1.0,0.9833333492279053,0.0,0.0,0.0,0.0,1.0,1.0,0.0,0.0,0.0,0.0,0.0,0.0,0.0,0.0,0.0,0.0,0.0,0.0,0.0,0.0,0.0,0.0,0.0,0.0,0.0,0.0,0.0,0.0,0.0,0.0,0.0,0.0,0.0,0.0,0.0,0.0,0.0,0.0,0.0,0.0,0.0,0.0,0.0,0.0,0.0,0.0]","[3,3,3,8]","[-0.05616020783782005,-0.01856488361954689,-0.05407249927520752,-0.04111893102526665]",False,"[false,false,false,false]","[false,false,false,false]",pure_coverage,"[0.0,0.0,1.0,0.9829999804496765,0.0,0.0,0.0,0.0,1.0,1.0,0.0,0.0,0.0,0.0,0.0,0.0,0.0,0.0,0.0,0.0,0.0,0.0,0.0,0.0,0.0,0.0,0.0,0.0,0.0,0.0,0.0,0.0,0.0,0.0,0.0,0.0,0.0,0.0,0.0,0.0,0.0,0.0,0.0,0.0,0.0,0.0,0.0,0.0,0.0,0.0]","[-3.4167709350585938,-2.5901546478271484,-3.3749332427978516,-3.6452274322509766]","[-3.208791732788086,-2.7130508422851562,-2.9215774536132812,-3.5188980102539062]","[-0.4965212460610662,-0.2951990294908954,-0.3626616374642066,-1.1204302697402737]","[-1.7684485912322998,-1.5250788927078247,-1.7096350193023682,-2.574491500854492]","[-2.0585827827453613,-1.7922582626342773,-1.9799299240112305,-2.802795648574829]"
1,51,pure_coverage,"[""coverage"",""coverage"",""coverage"",""coverage""]","[0.0,0.0,1.0,0.9829999804496765,0.0,0.0,0.0,0.0,1.0,1.0,0.0,0.0,0.0,0.0,0.0,0.0,0.0,0.0,0.0,0.0,0.0,0.0,0.0,0.0,0.0,0.0,0.0,0.0,0.0,0.0,0.0,0.0,0.0,0.0,0.0,0.0,0.0,0.0,0.0,0.0,0.0,0.0,0.0,0.0,0.0,0.0,0.0,0.0,0.0,0.0]","[8,6,3,3]","[-0.045945871621370316,-0.018863484263420105,-0.04998253285884857,-0.03284379839897156]",False,"[false,false,false,false]","[false,false,false,false]",pure_coverage,"[0.0,0.0,1.0,0.9826666712760925,0.0,0.0,0.0,0.0,1.0,1.0,0.0,0.0,0.0,0.0,0.0,0.0,0.0,0.0,0.0,0.0,0.0,0.0,0.0,0.0,0.0,0.0,0.0,0.0,0.0,0.0,0.0,0.0,0.0,0.0,0.0,0.0,0.0,0.0,0.0,0.0,0.0,0.0,0.0,0.0,0.0,0.0,0.0,0.0,0.0,0.0]","[-3.208791732788086,-2.7130508422851562,-2.9215774536132812,-3.5188980102539062]","[-3.256448745727539,-2.6107654571533203,-2.7283592224121094,-2.5558910369873047]","[-0.44480912951843044,-0.2794284301730793,-0.31170620019090817,-1.0902134734495021]","[-1.6517311334609985,-1.4590301513671875,-1.606533408164978,-2.508439064025879]","[-1.9602205753326416,-1.743112325668335,-1.8939282894134521,-2.7511868476867676]"
1,52,pure_coverage,"[""coverage"",""coverage"",""coverage"",""coverage""]","[0.0,0.0,1.0,0.9826666712760925,0.0,0.0,0.0,0.0,1.0,1.0,0.0,0.0,0.0,0.0,0.0,0.0,0.0,0.0,0.0,0.0,0.0,0.0,0.0,0.0,0.0,0.0,0.0,0.0,0.0,0.0,0.0,0.0,0.0,0.0,0.0,0.0,0.0,0.0,0.0,0.0,0.0,0.0,0.0,0.0,0.0,0.0,0.0,0.0,0.0,0.0]","[8,6,8,2]","[-0.03836672008037567,-0.01657409593462944,-0.043375588953495026,-0.025431251153349876]",False,"[false,false,false,false]","[false,false,false,false]",pure_coverage,"[0.0,0.0,1.0,0.9823333621025085,0.0,0.0,0.0,0.0,1.0,1.0,0.0,0.0,0.0,0.0,0.0,0.0,0.0,0.0,0.0,0.0,0.0,0.0,0.0,0.0,0.0,0.0,0.0,0.0,0.0,0.0,0.0,0.0,0.0,0.0,0.0,0.0,0.0,0.0,0.0,0.0,0.0,0.0,0.0,0.0,0.0,0.0,0.0,0.0,0.0,0.0]","[-3.256448745727539,-2.6107654571533203,-2.7283592224121094,-2.5558910369873047]","[-3.119537353515625,-2.6101512908935547,-2.9718456268310547,-3.2728118896484375]","[-0.40289217969400015,-0.26319691506026177,-0.2643673407394541,-1.0680501768187178]","[-1.5359818935394287,-1.3938689231872559,-1.5114270448684692,-2.4976913928985596]","[-1.863987684249878,-1.6959233283996582,-1.817003846168518,-2.755796432495117]"
1,53,pure_coverage,"[""coverage"",""coverage"",""coverage"",""coverage""]","[0.0,0.0,1.0,0.9823333621025085,0.0,0.0,0.0,0.0,1.0,1.0,0.0,0.0,0.0,0.0,0.0,0.0,0.0,0.0,0.0,0.0,0.0,0.0,0.0,0.0,0.0,0.0,0.0,0.0,0.0,0.0,0.0,0.0,0.0,0.0,0.0,0.0,0.0,0.0,0.0,0.0,0.0,0.0,0.0,0.0,0.0,0.0,0.0,0.0,0.0,0.0]","[3,6,8,3]","[-0.03181244805455208,-0.015031077899038792,-0.03648042678833008,-0.02372538484632969]",False,"[false,false,false,false]","[false,false,false,false]",pure_coverage,"[0.0,0.0,1.0,0.9819999933242798,0.0,0.0,0.0,0.0,1.0,1.0,0.0,0.0,0.0,0.0,0.0,0.0,0.0,0.0,0.0,0.0,0.0,0.0,0.0,0.0,0.0,0.0,0.0,0.0,0.0,0.0,0.0,0.0,0.0,0.0,0.0,0.0,0.0,0.0,0.0,0.0,0.0,0.0,0.0,0.0,0.0,0.0,0.0,0.0,0.0,0.0]","[-3.119537353515625,-2.6101512908935547,-2.9718456268310547,-3.2728118896484375]","[-2.6744346618652344,-1.9222602844238281,-2.7464733123779297,-2.6830005645751953]","[-0.36820753496325703,-0.2491139587127599,-0.223223991702989,-1.053150429965018]","[-1.4281744956970215,-1.3270519971847534,-1.4045137166976929,-2.4564127922058105]","[-1.7769312858581543,-1.6482157707214355,-1.7294225692749023,-2.730846643447876]"
1,54,pure_coverage,"[""coverage"",""coverage"",""coverage"",""coverage""]","[0.0,0.0,1.0,0.9819999933242798,0.0,0.0,0.0,0.0,1.0,1.0,0.0,0.0,0.0,0.0,0.0,0.0,0.0,0.0,0.0,0.0,0.0,0.0,0.0,0.0,0.0,0.0,0.0,0.0,0.0,0.0,0.0,0.0,0.0,0.0,0.0,0.0,0.0,0.0,0.0,0.0,0.0,0.0,0.0,0.0,0.0,0.0,0.0,0.0,0.0,0.0]","[6,3,8,3]","[-0.022754516452550888,-0.009493219666182995,-0.025958582758903503,-0.02304663136601448]",False,"[false,false,false,false]","[false,false,false,false]",pure_coverage,"[0.0,0.0,1.0,0.9816666841506958,0.0,0.0,0.03333333507180214,0.0,1.0,1.0,0.0,0.0,0.0,0.0,0.0,0.0,0.0,0.0,0.0,0.0,0.0,0.0,0.0,0.0,0.0,0.0,0.0,0.0,0.0,0.0,0.0,0.0,0.0,0.0,0.0,0.0,0.0,0.0,0.0,0.0,0.0,0.0,0.0,0.0,0.0,0.0,0.0,0.0,0.0,0.0]","[-2.6744346618652344,-1.9222602844238281,-2.7464733123779297,-2.6830005645751953]","[-2.0643043518066406,-1.8917980194091797,-2.3438453674316406,-2.304708480834961]","[-0.33979301707949994,-0.23644735435729405,-0.18862986355016054,-1.039823277897665]","[-1.3439421653747559,-1.2938532829284668,-1.3100295066833496,-2.4453790187835693]","[-1.7147626876831055,-1.6353352069854736,-1.6554934978485107,-2.7371745109558105]"
1,55,pure_coverage,"[""coverage"",""coverage"",""coverage"",""coverage""]","[0.0,0.0,1.0,0.9816666841506958,0.0,0.0,0.03333333507180214,0.0,1.0,1.0,0.0,0.0,0.0,0.0,0.0,0.0,0.0,0.0,0.0,0.0,0.0,0.0,0.0,0.0,0.0,0.0,0.0,0.0,0.0,0.0,0.0,0.0,0.0,0.0,0.0,0.0,0.0,0.0,0.0,0.0,0.0,0.0,0.0,0.0,0.0,0.0,0.0,0.0,0.0,0.0]","[8,6,2,3]","[-0.01789986900985241,-0.0073050931096076965,-0.021221119910478592,-0.02516116201877594]",False,"[false,false,false,false]","[false,false,false,false]",pure_coverage,"[0.0,0.0,1.0,0.981333315372467,0.0,0.0,0.06666667014360428,0.0,1.0,1.0,0.0,0.0,0.0,0.0,0.0,0.0,0.0,0.0,0.0,0.0,0.0,0.0,0.0,0.0,0.0,0.0,0.0,0.0,0.0,0.0,0.0,0.0,0.0,0.0,0.0,0.0,0.0,0.0,0.0,0.0,0.0,0.0,0.0,0.0,0.0,0.0,0.0,0.0,0.0,0.0]","[-2.0643043518066406,-1.8917980194091797,-2.3438453674316406,-2.304708480834961]","[-2.0604724884033203,-1.7798709869384766,-2.3948631286621094,-2.0611228942871094]","[-0.32024090972419095,-0.22924660069809197,-0.16431442504167376,-1.027047117708738]","[-1.29612398147583,-1.2660458087921143,-1.2419464588165283,-2.4542784690856934]","[-1.6904042959213257,-1.6291311979293823,-1.6092660427093506,-2.7645344734191895]"
1,56,pure_coverage,"[""coverage"",""coverage"",""coverage"",""coverage""]","[0.0,0.0,1.0,0.981333315372467,0.0,0.0,0.06666667014360428,0.0,1.0,1.0,0.0,0.0,0.0,0.0,0.0,0.0,0.0,0.0,0.0,0.0,0.0,0.0,0.0,0.0,0.0,0.0,0.0,0.0,0.0,0.0,0.0,0.0,0.0,0.0,0.0,0.0,0.0,0.0,0.0,0.0,0.0,0.0,0.0,0.0,0.0,0.0,0.0,0.0,0.0,0.0]","[3,6,3,3]","[-0.011874845251441002,-0.0038321258034557104,-0.017969446256756783,-0.026965029537677765]",False,"[false,false,false,false]","[false,false,false,false]",pure_coverage,"[0.0,0.0,1.0,0.9810000061988831,0.0,0.0,0.10000000149011612,0.0,1.0,1.0,0.0,0.0,0.0,0.0,0.0,0.0,0.0,0.0,0.0,0.0,0.0,0.0,0.0,0.0,0.0,0.0,0.0,0.0,0.0,0.0,0.0,0.0,0.0,0.0,0.0,0.0,0.0,0.0,0.0,0.0,0.0,0.0,0.0,0.0,0.0,0.0,0.0,0.0,0.0,0.0]","[-2.0604724884033203,-1.7798709869384766,-2.3948631286621094,-2.0611228942871094]","[-1.5061874389648438,-1.491323471069336,-1.940591812133789,-1.6564807891845703]","[-0.305394990620544,-0.22418334099846896,-0.1445386920517123,-1.0120060158484465]","[-1.2506440877914429,-1.2446963787078857,-1.1719081401824951,-2.474313497543335]","[-1.6698682308197021,-1.6307522058486938,-1.5624659061431885,-2.804197311401367]"
1,57,pure_coverage,"[""coverage"",""coverage"",""coverage"",""coverage""]","[0.0,0.0,1.0,0.9810000061988831,0.0,0.0,0.10000000149011612,0.0,1.0,1.0,0.0,0.0,0.0,0.0,0.0,0.0,0.0,0.0,0.0,0.0,0.0,0.0,0.0,0.0,0.0,0.0,0.0,0.0,0.0,0.0,0.0,0.0,0.0,0.0,0.0,0.0,0.0,0.0,0.0,0.0,0.0,0.0,0.0,0.0,0.0,0.0,0.0,0.0,0.0,0.0]","[6,6,6,2]","[-0.011048007756471634,-0.002928306581452489,-0.011652737855911255,-0.028808938339352608]",False,"[false,false,false,false]","[false,false,false,false]",pure_coverage,"[0.0,0.0,1.0,0.9806666374206543,0.0,0.0,0.13333334028720856,0.0,1.0,1.0,0.0,0.0,0.0,0.0,0.0,0.0,0.0,0.0,0.0,0.0,0.0,0.0,0.0,0.0,0.0,0.0,0.0,0.0,0.0,0.0,0.0,0.0,0.0,0.0,0.0,0.0,0.0,0.0,0.0,0.0,0.0,0.0,0.0,0.0,0.0,0.0,0.0,0.0,0.0,0.0]","[-1.5061874389648438,-1.491323471069336,-1.940591812133789,-1.6564807891845703]","[-1.1829338073730469,-1.3540153503417969,-1.675018310546875,-1.9539508819580078]","[-0.29648499532232625,-0.22257698504546794,-0.12784772302520758,-0.9949908952634029]","[-1.2378660440444946,-1.2408759593963623,-1.124805212020874,-2.5149948596954346]","[-1.6836119890213013,-1.6513551473617554,-1.5400713682174683,-2.865748643875122]"
1,58,pure_coverage,"[""coverage"",""coverage"",""coverage"",""coverage""]","[0.0,0.0,1.0,0.9806666374206543,0.0,0.0,0.13333334028720856,0.0,1.0,1.0,0.0,0.0,0.0,0.0,0.0,0.0,0.0,0.0,0.0,0.0,0.0,0.0,0.0,0.0,0.0,0.0,0.0,0.0,0.0,0.0,0.0,0.0,0.0,0.0,0.0,0.0,0.0,0.0,0.0,0.0,0.0,0.0,0.0,0.0,0.0,0.0,0.0,0.0,0.0,0.0]","[8,3,3,3]","[-0.009956110268831253,-0.0023113589268177748,-0.00831594318151474,-0.03182353079319]",False,"[false,false,false,false]","[false,false,false,false]",pure_coverage,"[0.0,0.0,1.0,0.9803333282470703,0.0,0.0,0.1666666716337204,0.0,1.0,1.0,0.0,0.0,0.0,0.0,0.0,0.0,0.0,0.0,0.0,0.0,0.0,0.0,0.0,0.0,0.0,0.0,0.0,0.0,0.0,0.0,0.0,0.0,0.0,0.0,0.0,0.0,0.0,0.0,0.0,0.0,0.0,0.0,0.0,0.0,0.0,0.0,0.0,0.0,0.0,0.0]","[-1.1829338073730469,-1.3540153503417969,-1.675018310546875,-1.9539508819580078]","[-1.3699150085449219,-1.3555412292480469,-1.6302719116210938,-1.1893310546875]","[-0.28832018946045923,-0.221867351983854,-0.1173686718881781,-0.9759413706303538]","[-1.2421722412109375,-1.2450014352798462,-1.0954163074493408,-2.540632963180542]","[-1.7161178588867188,-1.6814494132995605,-1.5369540452957153,-2.91357684135437]"
1,59,pure_coverage,"[""coverage"",""coverage"",""coverage"",""coverage""]","[0.0,0.0,1.0,0.9803333282470703,0.0,0.0,0.1666666716337204,0.0,1.0,1.0,0.0,0.0,0.0,0.0,0.0,0.0,0.0,0.0,0.0,0.0,0.0,0.0,0.0,0.0,0.0,0.0,0.0,0.0,0.0,0.0,0.0,0.0,0.0,0.0,0.0,0.0,0.0,0.0,0.0,0.0,0.0,0.0,0.0,0.0,0.0,0.0,0.0,0.0,0.0,0.0]","[8,3,6,3]","[-0.006862330716103315,-0.0012165221851319075,-0.005378083325922489,-0.0293055921792984]",False,"[false,false,false,false]","[false,false,false,false]",pure_coverage,"[0.0,0.0,1.0,0.9800000190734863,0.0,0.0,0.20000000298023224,0.0,1.0,1.0,0.0,0.0,0.0,0.0,0.0,0.0,0.0,0.0,0.0,0.0,0.0,0.0,0.0,0.0,0.0,0.0,0.0,0.0,0.0,0.0,0.0,0.0,0.0,0.0,0.0,0.0,0.0,0.0,0.0,0.0,0.0,0.0,0.0,0.0,0.0,0.0,0.0,0.0,0.0,0.0]","[-1.3699150085449219,-1.3555412292480469,-1.6302719116210938,-1.1893310546875]","[-1.1352729797363281,-1.2664985656738281,-1.2191047668457031,-0.7493038177490234]","[-0.28117583756730097,-0.22177373036064263,-0.11015427142087207,-0.9536543836739029]","[-1.2380704879760742,-1.249963641166687,-1.0700712203979492,-2.604930877685547]","[-1.7419999837875366,-1.7140231132507324,-1.5395424365997314,-3.0014686584472656]"
1,60,pure_coverage,"[""coverage"",""coverage"",""coverage"",""coverage""]","[0.0,0.0,1.0,0.9800000190734863,0.0,0.0,0.20000000298023224,0.0,1.0,1.0,0.0,0.0,0.0,0.0,0.0,0.0,0.0,0.0,0.0,0.0,0.0,0.0,0.0,0.0,0.0,0.0,0.0,0.0,0.0,0.0,0.0,0.0,0.0,0.0,0.0,0.0,0.0,0.0,0.0,0.0,0.0,0.0,0.0,0.0,0.0,0.0,0.0,0.0,0.0,0.0]","[8,6,6,2]","[-0.007348588667809963,-0.004202109761536121,-0.005296030081808567,-0.0382956825196743]",False,"[false,false,false,false]","[false,false,false,false]",pure_coverage,"[0.0,0.0,1.0,0.9796666502952576,0.0,0.0,0.23333333432674408,0.0,1.0,1.0,0.0,0.0,0.0,0.0,0.0,0.0,0.0,0.0,0.0,0.0,0.0,0.0,0.0,0.0,0.0,0.0,0.0,0.0,0.0,0.0,0.0,0.0,0.0,0.0,0.0,0.0,0.0,0.0,0.0,0.0,0.0,0.0,0.0,0.0,0.0,0.0,0.0,0.0,0.0,0.0]","[-1.1352729797363281,-1.2664985656738281,-1.2191047668457031,-0.7493038177490234]","[-1.1136550903320312,-1.0476150512695312,-0.9883518218994141,-0.8796520233154297]","[-0.2770843503547451,-0.22278505876314214,-0.105834533429242,-0.9336856479743479]","[-1.2493484020233154,-1.2610902786254883,-1.0678867101669312,-2.6991331577301025]","[-1.785158634185791,-1.7545080184936523,-1.5670585632324219,-3.120757579803467]"
1,61,pure_coverage,"[""coverage"",""coverage"",""coverage"",""coverage""]","[0.0,0.0,1.0,0.9796666502952576,0.0,0.0,0.23333333432674408,0.0,1.0,1.0,0.0,0.0,0.0,0.0,0.0,0.0,0.0,0.0,0.0,0.0,0.0,0.0,0.0,0.0,0.0,0.0,0.0,0.0,0.0,0.0,0.0,0.0,0.0,0.0,0.0,0.0,0.0,0.0,0.0,0.0,0.0,0.0,0.0,0.0,0.0,0.0,0.0,0.0,0.0,0.0]","[8,3,6,2]","[-0.00343777472153306,-0.0056085712276399136,-0.0029630502685904503,-0.04596821218729019]",False,"[false,false,false,false]","[false,false,false,false]",pure_coverage,"[0.0,0.0,1.0,0.9793333411216736,0.0,0.0,0.2666666805744171,0.0,1.0,1.0,0.0,0.0,0.0,0.0,0.0,0.0,0.0,0.0,0.0,0.0,0.0,0.0,0.0,0.0,0.0,0.0,0.0,0.0,0.0,0.0,0.0,0.0,0.0,0.0,0.0,0.0,0.0,0.0,0.0,0.0,0.0,0.0,0.0,0.0,0.0,0.0,0.0,0.0,0.0,0.0]","[-1.1136550903320312,-1.0476150512695312,-0.9883518218994141,-0.8796520233154297]","[-1.0904388427734375,-1.1277732849121094,-0.8446159362792969,-1.8264083862304688]","[-0.2724603653403385,-0.22079085757737982,-0.10155404378528629,-0.9044343085400743]","[-1.2619606256484985,-1.281266450881958,-1.0777961015701294,-2.7828757762908936]","[-1.831668496131897,-1.8058998584747314,-1.6085476875305176,-3.2311739921569824]"
1,62,pure_coverage,"[""coverage"",""coverage"",""coverage"",""coverage""]","[0.0,0.0,1.0,0.9793333411216736,0.0,0.0,0.2666666805744171,0.0,1.0,1.0,0.0,0.0,0.0,0.0,0.0,0.0,0.0,0.0,0.0,0.0,0.0,0.0,0.0,0.0,0.0,0.0,0.0,0.0,0.0,0.0,0.0,0.0,0.0,0.0,0.0,0.0,0.0,0.0,0.0,0.0,0.0,0.0,0.0,0.0,0.0,0.0,0.0,0.0,0.0,0.0]","[2,3,2,3]","[-0.002689619082957506,-0.007833217270672321,-0.0036145395133644342,-0.05114111676812172]",False,"[false,false,false,false]","[false,false,false,false]",pure_coverage,"[0.0,0.0,1.0,0.9789999723434448,0.0,0.0,0.30000001192092896,0.0,1.0,1.0,0.0,0.0,0.0,0.0,0.0,0.0,0.0,0.0,0.0,0.0,0.0,0.0,0.0,0.0,0.0,0.0,0.0,0.0,0.0,0.0,0.0,0.0,0.0,0.0,0.0,0.0,0.0,0.0,0.0,0.0,0.0,0.0,0.0,0.0,0.0,0.0,0.0,0.0,0.0,0.0]","[-1.0904388427734375,-1.1277732849121094,-0.8446159362792969,-1.8264083862304688]","[-1.7880191802978516,-1.5001068115234375,-1.4580249786376953,-2.147186279296875]","[-0.2717399905240459,-0.21735584479771708,-0.0995868621380766,-0.8671374710634183]","[-1.2807508707046509,-1.2970049381256104,-1.09837806224823,-2.8139290809631348]","[-1.8865008354187012,-1.8548288345336914,-1.6627073287963867,-3.290588617324829]"
1,63,pure_coverage,"[""coverage"",""coverage"",""coverage"",""coverage""]","[0.0,0.0,1.0,0.9789999723434448,0.0,0.0,0.30000001192092896,0.0,1.0,1.0,0.0,0.0,0.0,0.0,0.0,0.0,0.0,0.0,0.0,0.0,0.0,0.0,0.0,0.0,0.0,0.0,0.0,0.0,0.0,0.0,0.0,0.0,0.0,0.0,0.0,0.0,0.0,0.0,0.0,0.0,0.0,0.0,0.0,0.0,0.0,0.0,0.0,0.0,0.0,0.0]","[6,6,8,2]","[-0.0021987545769661665,-0.009883913211524487,-0.0013062373036518693,-0.050474170595407486]",False,"[false,false,false,false]","[false,false,false,false]",pure_coverage,"[0.0,0.0,1.0,0.9786666631698608,0.0,0.0,0.3333333432674408,0.0,1.0,1.0,0.0,0.0,0.0,0.0,0.0,0.0,0.0,0.0,0.0,0.0,0.0,0.0,0.0,0.0,0.0,0.0,0.0,0.0,0.0,0.0,0.0,0.0,0.0,0.0,0.0,0.0,0.0,0.0,0.0,0.0,0.0,0.0,0.0,0.0,0.0,0.0,0.0,0.0,0.0,0.0]","[-1.7880191802978516,-1.5001068115234375,-1.4580249786376953,-2.147186279296875]","[-1.4018115997314453,-1.4924697875976562,-1.4413986206054688,-4.024019241333008]","[-0.27176805196069537,-0.2116390177040856,-0.0969417400249618,-0.8242387417124208]","[-1.264810562133789,-1.2917771339416504,-1.0872846841812134,-2.824563980102539]","[-1.9088828563690186,-1.8848912715911865,-1.6873157024383545,-3.331378698348999]"
1,64,pure_coverage,"[""coverage"",""coverage"",""coverage"",""coverage""]","[0.0,0.0,1.0,0.9786666631698608,0.0,0.0,0.3333333432674408,0.0,1.0,1.0,0.0,0.0,0.0,0.0,0.0,0.0,0.0,0.0,0.0,0.0,0.0,0.0,0.0,0.0,0.0,0.0,0.0,0.0,0.0,0.0,0.0,0.0,0.0,0.0,0.0,0.0,0.0,0.0,0.0,0.0,0.0,0.0,0.0,0.0,0.0,0.0,0.0,0.0,0.0,0.0]","[2,3,6,2]","[-0.001414890051819384,-0.012494983151555061,-0.0019494349835440516,-0.05579068884253502]",False,"[false,false,false,false]","[false,false,false,false]",pure_coverage,"[0.0,0.0,1.0,0.9783333539962769,0.0,0.0,0.36666667461395264,0.0,1.0,1.0,0.0,0.0,0.0,0.0,0.0,0.0,0.0,0.0,0.0,0.0,0.0,0.0,0.0,0.0,0.0,0.0,0.0,0.0,0.0,0.0,0.0,0.0,0.0,0.0,0.0,0.0,0.0,0.0,0.0,0.0,0.0,0.0,0.0,0.0,0.0,0.0,0.0,0.0,0.0,0.0]","[-1.4018115997314453,-1.4924697875976562,-1.4413986206054688,-4.024019241333008]","[-2.090211868286133,-1.6818275451660156,-1.3507919311523438,-5.529079437255859]","[-0.27229221957952443,-0.20379303484097083,-0.09660151790031306,-0.7815803748656701]","[-1.2687103748321533,-1.284440040588379,-1.0788187980651855,-2.7377994060516357]","[-1.9535293579101562,-1.9150772094726562,-1.7168104648590088,-3.2766776084899902]"
1,65,pure_coverage,"[""coverage"",""coverage"",""coverage"",""coverage""]","[0.0,0.0,1.0,0.9783333539962769,0.0,0.0,0.36666667461395264,0.0,1.0,1.0,0.0,0.0,0.0,0.0,0.0,0.0,0.0,0.0,0.0,0.0,0.0,0.0,0.0,0.0,0.0,0.0,0.0,0.0,0.0,0.0,0.0,0.0,0.0,0.0,0.0,0.0,0.0,0.0,0.0,0.0,0.0,0.0,0.0,0.0,0.0,0.0,0.0,0.0,0.0,0.0]","[8,2,6,8]","[-0.0020806470420211554,-0.014404687099158764,-0.0018292200984433293,-0.05925224721431732]",False,"[false,false,false,false]","[false,false,false,false]",pure_coverage,"[0.0,0.0,1.0,0.9779999852180481,0.0,0.0,0.4000000059604645,0.0,1.0,1.0,0.0,0.0,0.0,0.0,0.0,0.0,0.0,0.0,0.0,0.0,0.0,0.0,0.0,0.0,0.0,0.0,0.0,0.0,0.0,0.0,0.0,0.0,0.0,0.0,0.0,0.0,0.0,0.0,0.0,0.0,0.0,0.0,0.0,0.0,0.0,0.0,0.0,0.0,0.0,0.0]","[-2.090211868286133,-1.6818275451660156,-1.3507919311523438,-5.529079437255859]","[-1.8223018646240234,-1.686319351196289,-0.941864013671875,-4.697881698608398]","[-0.273613464169399,-0.1932303552418341,-0.09560816456239293,-0.7331208949728637]","[-1.2374589443206787,-1.2638964653015137,-1.0739024877548218,-2.5606794357299805]","[-1.9656025171279907,-1.9344303607940674,-1.7522560358047485,-3.1336493492126465]"
1,66,pure_coverage,"[""coverage"",""coverage"",""coverage"",""coverage""]","[0.0,0.0,1.0,0.9779999852180481,0.0,0.0,0.4000000059604645,0.0,1.0,1.0,0.0,0.0,0.0,0.0,0.0,0.0,0.0,0.0,0.0,0.0,0.0,0.0,0.0,0.0,0.0,0.0,0.0,0.0,0.0,0.0,0.0,0.0,0.0,0.0,0.0,0.0,0.0,0.0,0.0,0.0,0.0,0.0,0.0,0.0,0.0,0.0,0.0,0.0,0.0,0.0]","[3,3,2,8]","[-0.002367262728512287,-0.01240086741745472,-0.0013162470422685146,-0.06263180077075958]",False,"[false,false,false,false]","[false,false,false,false]",pure_coverage,"[0.0,0.0,1.0,0.9776666760444641,0.0,0.0,0.4333333373069763,0.0,1.0,1.0,0.0,0.0,0.0,0.0,0.0,0.0,0.0,0.0,0.0,0.0,0.0,0.0,0.0,0.0,0.0,0.0,0.0,0.0,0.0,0.0,0.0,0.0,0.0,0.0,0.0,0.0,0.0,0.0,0.0,0.0,0.0,0.0,0.0,0.0,0.0,0.0,0.0,0.0,0.0,0.0]","[-1.8223018646240234,-1.686319351196289,-0.941864013671875,-4.697881698608398]","[-1.5118370056152344,-1.6192970275878906,-1.2666702270507812,-3.9076671600341797]","[-0.27427557285593723,-0.1806319880229044,-0.09472620652924202,-0.6806754017763095]","[-1.217622995376587,-1.2397862672805786,-1.0903253555297852,-2.412421226501465]","[-1.99183189868927,-1.9527409076690674,-1.8115943670272827,-3.021639585494995]"
1,67,pure_coverage,"[""coverage"",""coverage"",""coverage"",""coverage""]","[0.0,0.0,1.0,0.9776666760444641,0.0,0.0,0.4333333373069763,0.0,1.0,1.0,0.0,0.0,0.0,0.0,0.0,0.0,0.0,0.0,0.0,0.0,0.0,0.0,0.0,0.0,0.0,0.0,0.0,0.0,0.0,0.0,0.0,0.0,0.0,0.0,0.0,0.0,0.0,0.0,0.0,0.0,0.0,0.0,0.0,0.0,0.0,0.0,0.0,0.0,0.0,0.0]","[6,6,8,8]","[-0.0032654153183102608,-0.016573796048760414,-0.002299585845321417,-0.06567692756652832]",False,"[false,false,false,false]","[false,false,false,false]",pure_coverage,"[0.0,0.0,1.0,0.9773333072662354,0.0,0.0,0.46666666865348816,0.0,1.0,1.0,0.0,0.0,0.0,0.0,0.0,0.0,0.0,0.0,0.0,0.0,0.0,0.0,0.0,0.0,0.0,0.0,0.0,0.0,0.0,0.0,0.0,0.0,0.0,0.0,0.0,0.0,0.0,0.0,0.0,0.0,0.0,0.0,0.0,0.0,0.0,0.0,0.0,0.0,0.0,0.0]","[-1.5118370056152344,-1.6192970275878906,-1.2666702270507812,-3.9076671600341797]","[-0.9064178466796875,-1.5028457641601562,-1.314798355102539,-3.3937206268310547]","[-0.2746548587145707,-0.16993042485398957,-0.09435349443128636,-0.6242864656621716]","[-1.2125675678253174,-1.21980881690979,-1.0912376642227173,-2.2927801609039307]","[-2.0357561111450195,-1.9778679609298706,-1.8581371307373047,-2.940540313720703]"
1,68,pure_coverage,"[""coverage"",""coverage"",""coverage"",""coverage""]","[0.0,0.0,1.0,0.9773333072662354,0.0,0.0,0.46666666865348816,0.0,1.0,1.0,0.0,0.0,0.0,0.0,0.0,0.0,0.0,0.0,0.0,0.0,0.0,0.0,0.0,0.0,0.0,0.0,0.0,0.0,0.0,0.0,0.0,0.0,0.0,0.0,0.0,0.0,0.0,0.0,0.0,0.0,0.0,0.0,0.0,0.0,0.0,0.0,0.0,0.0,0.0,0.0]","[2,3,8,2]","[-0.005230417475104332,-0.018215356394648552,-0.0024600422475486994,-0.0686153769493103]",False,"[false,false,false,false]","[false,false,false,false]",pure_coverage,"[0.0,0.0,1.0,0.9769999980926514,0.0,0.0,0.5,0.0,1.0,1.0,0.0,0.0,0.0,0.0,0.0,0.0,0.0,0.0,0.0,0.0,0.0,0.0,0.0,0.0,0.0,0.0,0.0,0.0,0.0,0.0,0.0,0.0,0.0,0.0,0.0,0.0,0.0,0.0,0.0,0.0,0.0,0.0,0.0,0.0,0.0,0.0,0.0,0.0,0.0,0.0]","[-0.9064178466796875,-1.5028457641601562,-1.314798355102539,-3.3937206268310547]","[-1.609375,-1.9414844512939453,-1.687887191772461,-5.227121353149414]","[-0.2741307509053136,-0.15490568566184762,-0.09298374604642924,-0.564252058682468]","[-1.2381014823913574,-1.2002596855163574,-1.0886290073394775,-2.189382314682007]","[-2.113368511199951,-2.006276845932007,-1.904045820236206,-2.878122568130493]"
1,69,pure_coverage,"[""coverage"",""coverage"",""coverage"",""coverage""]","[0.0,0.0,1.0,0.9769999980926514,0.0,0.0,0.5,0.0,1.0,1.0,0.0,0.0,0.0,0.0,0.0,0.0,0.0,0.0,0.0,0.0,0.0,0.0,0.0,0.0,0.0,0.0,0.0,0.0,0.0,0.0,0.0,0.0,0.0,0.0,0.0,0.0,0.0,0.0,0.0,0.0,0.0,0.0,0.0,0.0,0.0,0.0,0.0,0.0,0.0,0.0]","[8,3,8,8]","[-0.002913552336394787,-0.020656224340200424,-0.0019458867609500885,-0.07159469276666641]",False,"[false,false,false,false]","[false,false,false,false]",pure_coverage,"[0.0,0.0,1.0,0.9766666889190674,0.0,0.0,0.5333333611488342,0.0,1.0,1.0,0.0,0.0,0.0,0.0,0.0,0.0,0.0,0.0,0.0,0.0,0.0,0.0,0.0,0.0,0.0,0.0,0.0,0.0,0.0,0.0,0.0,0.0,0.0,0.0,0.0,0.0,0.0,0.0,0.0,0.0,0.0,0.0,0.0,0.0,0.0,0.0,0.0,0.0,0.0,0.0]","[-1.609375,-1.9414844512939453,-1.687887191772461,-5.227121353149414]","[-1.9293994903564453,-2.508150100708008,-2.129117965698242,-5.079742431640625]","[-0.27161649841435276,-0.13807103966383744,-0.09143808464533389,-0.5006431128617754]","[-1.2261637449264526,-1.1546419858932495,-1.0660483837127686,-1.9798240661621094]","[-2.156803846359253,-2.0116512775421143,-1.9330519437789917,-2.71213698387146]"
1,70,pure_coverage,"[""coverage"",""coverage"",""coverage"",""coverage""]","[0.0,0.0,1.0,0.9766666889190674,0.0,0.0,0.5333333611488342,0.0,1.0,1.0,0.0,0.0,0.0,0.0,0.0,0.0,0.0,0.0,0.0,0.0,0.0,0.0,0.0,0.0,0.0,0.0,0.0,0.0,0.0,0.0,0.0,0.0,0.0,0.0,0.0,0.0,0.0,0.0,0.0,0.0,0.0,0.0,0.0,0.0,0.0,0.0,0.0,0.0,0.0,0.0]","[8,6,3,8]","[-0.007834340445697308,-0.01928303949534893,-0.005125419236719608,-0.07009871304035187]",False,"[false,false,false,false]","[false,false,false,false]",pure_coverage,"[0.0,0.0,1.0,0.9763333201408386,0.0,0.0,0.5666666626930237,0.0,1.0,1.0,0.0,0.0,0.0,0.0,0.0,0.0,0.0,0.0,0.0,0.0,0.0,0.0,0.0,0.0,0.0,0.0,0.0,0.0,0.0,0.0,0.0,0.0,0.0,0.0,0.0,0.0,0.0,0.0,0.0,0.0,0.0,0.0,0.0,0.0,0.0,0.0,0.0,0.0,0.0,0.0]","[-1.9293994903564453,-2.508150100708008,-2.129117965698242,-5.079742431640625]","[-1.9965019226074219,-2.4997482299804688,-1.787557601928711,-4.628461837768555]","[-0.2714171172504626,-0.11860082355922932,-0.09039615947917555,-0.4333822425203122]","[-1.199090838432312,-1.0737186670303345,-1.019363284111023,-1.7615971565246582]","[-2.1886072158813477,-1.9849457740783691,-1.941217064857483,-2.5402393341064453]"
1,71,pure_coverage,"[""coverage"",""coverage"",""coverage"",""coverage""]","[0.0,0.0,1.0,0.9763333201408386,0.0,0.0,0.5666666626930237,0.0,1.0,1.0,0.0,0.0,0.0,0.0,0.0,0.0,0.0,0.0,0.0,0.0,0.0,0.0,0.0,0.0,0.0,0.0,0.0,0.0,0.0,0.0,0.0,0.0,0.0,0.0,0.0,0.0,0.0,0.0,0.0,0.0,0.0,0.0,0.0,0.0,0.0,0.0,0.0,0.0,0.0,0.0]","[8,6,2,8]","[-0.009034974500536919,-0.01708572544157505,-0.00507964426651597,-0.06668459624052048]",False,"[false,false,false,false]","[false,false,false,false]",pure_coverage,"[0.0,0.0,1.0,0.9760000109672546,0.0,0.0,0.6000000238418579,0.0,1.0,1.0,0.0,0.0,0.0,0.0,0.0,0.0,0.0,0.0,0.0,0.0,0.0,0.0,0.0,0.0,0.0,0.0,0.0,0.0,0.0,0.0,0.0,0.0,0.0,0.0,0.0,0.0,0.0,0.0,0.0,0.0,0.0,0.0,0.0,0.0,0.0,0.0,0.0,0.0,0.0,0.0]","[-1.9965019226074219,-2.4997482299804688,-1.787557601928711,-4.628461837768555]","[-2.1919078826904297,-2.463094711303711,-2.3380813598632812,-4.386341094970703]","[-0.2662452290957225,-0.10032099400391958,-0.0861320608509656,-0.366953060080768]","[-1.16154146194458,-0.9895780086517334,-0.984320878982544,-1.5549063682556152]","[-2.2136588096618652,-1.9584531784057617,-1.9644949436187744,-2.3828089237213135]"
1,72,pure_coverage,"[""coverage"",""coverage"",""coverage"",""coverage""]","[0.0,0.0,1.0,0.9760000109672546,0.0,0.0,0.6000000238418579,0.0,1.0,1.0,0.0,0.0,0.0,0.0,0.0,0.0,0.0,0.0,0.0,0.0,0.0,0.0,0.0,0.0,0.0,0.0,0.0,0.0,0.0,0.0,0.0,0.0,0.0,0.0,0.0,0.0,0.0,0.0,0.0,0.0,0.0,0.0,0.0,0.0,0.0,0.0,0.0,0.0,0.0,0.0]","[2,6,2,8]","[-0.005540543235838413,-0.014325671829283237,-0.002709146123379469,-0.06197226792573929]",False,"[false,false,false,false]","[false,false,false,false]",pure_coverage,"[0.0,0.0,1.0,0.9756666421890259,0.0,0.0,0.6333333253860474,0.0,1.0,1.0,0.0,0.0,0.0,0.0,0.0,0.0,0.0,0.0,0.0,0.0,0.0,0.0,0.0,0.0,0.0,0.0,0.0,0.0,0.0,0.0,0.0,0.0,0.0,0.0,0.0,0.0,0.0,0.0,0.0,0.0,0.0,0.0,0.0,0.0,0.0,0.0,0.0,0.0,0.0,0.0]","[-2.1919078826904297,-2.463094711303711,-2.3380813598632812,-4.386341094970703]","[-2.4623069763183594,-2.255495071411133,-2.5297813415527344,-4.028963088989258]","[-0.25980833797493497,-0.08407602885085307,-0.08187112786308043,-0.30330147862651263]","[-1.1100554466247559,-0.9043797254562378,-0.9181351661682129,-1.3515126705169678]","[-2.228734016418457,-1.9345500469207764,-1.9603191614151,-2.2317919731140137]"
1,73,pure_coverage,"[""coverage"",""coverage"",""coverage"",""coverage""]","[0.0,0.0,1.0,0.9756666421890259,0.0,0.0,0.6333333253860474,0.0,1.0,1.0,0.0,0.0,0.0,0.0,0.0,0.0,0.0,0.0,0.0,0.0,0.0,0.0,0.0,0.0,0.0,0.0,0.0,0.0,0.0,0.0,0.0,0.0,0.0,0.0,0.0,0.0,0.0,0.0,0.0,0.0,0.0,0.0,0.0,0.0,0.0,0.0,0.0,0.0,0.0,0.0]","[2,6,8,8]","[-0.0069274576380848885,-0.013793503865599632,-0.0035935500636696815,-0.05483200028538704]",False,"[false,false,false,false]","[false,false,false,false]",pure_coverage,"[0.0,0.0,1.0,0.9753333330154419,0.0,0.0,0.6666666865348816,0.0,1.0,1.0,0.0,0.0,0.0,0.0,0.0,0.0,0.0,0.0,0.0,0.0,0.0,0.0,0.0,0.0,0.0,0.0,0.0,0.0,0.0,0.0,0.0,0.0,0.0,0.0,0.0,0.0,0.0,0.0,0.0,0.0,0.0,0.0,0.0,0.0,0.0,0.0,0.0,0.0,0.0,0.0]","[-2.4623069763183594,-2.255495071411133,-2.5297813415527344,-4.028963088989258]","[-2.753141403198242,-2.0271530151367188,-2.2518558502197266,-3.6704483032226562]","[-0.25683615630211776,-0.07045490608239377,-0.07996159771686966,-0.24376687949573064]","[-1.044796109199524,-0.8276523351669312,-0.840193510055542,-1.159071445465088]","[-2.2342469692230225,-1.9229955673217773,-1.948310375213623,-2.095040798187256]"
1,74,pure_coverage,"[""coverage"",""coverage"",""coverage"",""coverage""]","[0.0,0.0,1.0,0.9753333330154419,0.0,0.0,0.6666666865348816,0.0,1.0,1.0,0.0,0.0,0.0,0.0,0.0,0.0,0.0,0.0,0.0,0.0,0.0,0.0,0.0,0.0,0.0,0.0,0.0,0.0,0.0,0.0,0.0,0.0,0.0,0.0,0.0,0.0,0.0,0.0,0.0,0.0,0.0,0.0,0.0,0.0,0.0,0.0,0.0,0.0,0.0,0.0]","[8,6,8,8]","[-0.009591086767613888,-0.010672440752387047,-0.005036546848714352,-0.039329882711172104]",False,"[false,false,false,false]","[false,false,false,false]",pure_coverage,"[0.0,0.0,1.0,0.9750000238418579,0.0,0.0,0.699999988079071,0.0,1.0,1.0,0.0,0.0,0.0,0.0,0.0,0.0,0.0,0.0,0.0,0.0,0.0,0.0,0.0,0.0,0.0,0.0,0.0,0.0,0.0,0.0,0.0,0.0,0.0,0.0,0.0,0.0,0.0,0.0,0.0,0.0,0.0,0.0,0.0,0.0,0.0,0.0,0.0,0.0,0.0,0.0]","[-2.753141403198242,-2.0271530151367188,-2.2518558502197266,-3.6704483032226562]","[-2.7247276306152344,-1.8793106079101562,-2.0001602172851562,-3.262096405029297]","[-0.25243302895356856,-0.05723373961292337,-0.07713944207393937,-0.1908433123336804]","[-0.958626389503479,-0.7586548328399658,-0.7710082530975342,-0.9809169769287109]","[-2.2233269214630127,-1.9232940673828125,-1.9492292404174805,-1.9760996103286743]"
1,75,pure_coverage,"[""coverage"",""coverage"",""coverage"",""coverage""]","[0.0,0.0,1.0,0.9750000238418579,0.0,0.0,0.699999988079071,0.0,1.0,1.0,0.0,0.0,0.0,0.0,0.0,0.0,0.0,0.0,0.0,0.0,0.0,0.0,0.0,0.0,0.0,0.0,0.0,0.0,0.0,0.0,0.0,0.0,0.0,0.0,0.0,0.0,0.0,0.0,0.0,0.0,0.0,0.0,0.0,0.0,0.0,0.0,0.0,0.0,0.0,0.0]","[8,8,8,6]","[-0.010726642794907093,-0.007891906425356865,-0.00568667845800519,-0.03520840406417847]",False,"[false,false,false,false]","[false,false,false,false]",pure_coverage,"[0.0,0.0,1.0,0.9746666550636292,0.0,0.0,0.7333333492279053,0.0,1.0,1.0,0.0,0.0,0.0,0.0,0.0,0.0,0.0,0.0,0.0,0.0,0.0,0.0,0.0,0.0,0.0,0.0,0.0,0.0,0.0,0.0,0.0,0.0,0.0,0.0,0.0,0.0,0.0,0.0,0.0,0.0,0.0,0.0,0.0,0.0,0.0,0.0,0.0,0.0,0.0,0.0]","[-2.7247276306152344,-1.8793106079101562,-2.0001602172851562,-3.262096405029297]","[-3.0201854705810547,-2.74981689453125,-2.223011016845703,-3.1903228759765625]","[-0.24529489109692396,-0.04703161501064275,-0.07283120729820709,-0.15304386830556393]","[-0.865668535232544,-0.6963918209075928,-0.7091586589813232,-0.8294665813446045]","[-2.2103793621063232,-1.93471097946167,-1.961918830871582,-1.8876087665557861]"
1,76,pure_coverage,"[""coverage"",""coverage"",""coverage"",""coverage""]","[0.0,0.0,1.0,0.9746666550636292,0.0,0.0,0.7333333492279053,0.0,1.0,1.0,0.0,0.0,0.0,0.0,0.0,0.0,0.0,0.0,0.0,0.0,0.0,0.0,0.0,0.0,0.0,0.0,0.0,0.0,0.0,0.0,0.0,0.0,0.0,0.0,0.0,0.0,0.0,0.0,0.0,0.0,0.0,0.0,0.0,0.0,0.0,0.0,0.0,0.0,0.0,0.0]","[6,3,8,6]","[-0.01422030944377184,-0.0040687071159482,-0.006125251762568951,-0.033303406089544296]",False,"[false,false,false,false]","[false,false,false,false]",pure_coverage,"[0.0,0.0,1.0,0.9743333458900452,0.0,0.0,0.7666666507720947,0.0,1.0,1.0,0.0,0.0,0.0,0.0,0.0,0.0,0.0,0.0,0.0,0.0,0.0,0.0,0.0,0.0,0.0,0.0,0.0,0.0,0.0,0.0,0.0,0.0,0.0,0.0,0.0,0.0,0.0,0.0,0.0,0.0,0.0,0.0,0.0,0.0,0.0,0.0,0.0,0.0,0.0,0.0]","[-3.0201854705810547,-2.74981689453125,-2.223011016845703,-3.1903228759765625]","[-2.736021041870117,-3.0667457580566406,-2.6343727111816406,-3.2975196838378906]","[-0.2369376245474918,-0.03953505917705645,-0.06782275640424434,-0.11902572145594494]","[-0.7500720024108887,-0.5873303413391113,-0.6309759616851807,-0.6765944957733154]","[-2.1798548698425293,-1.9039907455444336,-1.9629909992218018,-1.801679253578186]"
1,77,pure_coverage,"[""coverage"",""coverage"",""coverage"",""coverage""]","[0.0,0.0,1.0,0.9743333458900452,0.0,0.0,0.7666666507720947,0.0,1.0,1.0,0.0,0.0,0.0,0.0,0.0,0.0,0.0,0.0,0.0,0.0,0.0,0.0,0.0,0.0,0.0,0.0,0.0,0.0,0.0,0.0,0.0,0.0,0.0,0.0,0.0,0.0,0.0,0.0,0.0,0.0,0.0,0.0,0.0,0.0,0.0,0.0,0.0,0.0,0.0,0.0]","[3,6,8,8]","[-0.0202453825622797,-0.001375736901536584,-0.009454852901399136,-0.025012772530317307]",False,"[false,false,false,false]","[false,false,false,false]",pure_coverage,"[0.0,0.0,1.0,0.9739999771118164,0.0,0.0,0.800000011920929,0.0,1.0,1.0,0.0,0.0,0.0,0.0,0.0,0.0,0.0,0.0,0.0,0.0,0.0,0.0,0.0,0.0,0.0,0.0,0.0,0.0,0.0,0.0,0.0,0.0,0.0,0.0,0.0,0.0,0.0,0.0,0.0,0.0,0.0,0.0,0.0,0.0,0.0,0.0,0.0,0.0,0.0,0.0]","[-2.736021041870117,-3.0667457580566406,-2.6343727111816406,-3.2975196838378906]","[-2.118274688720703,-2.7007064819335938,-2.3061771392822266,-2.9015941619873047]","[-0.22496698495325249,-0.035824598041523485,-0.062320711759268066,-0.08658819733979863]","[-0.6384038925170898,-0.4587538242340088,-0.5257301330566406,-0.510434627532959]","[-2.1586408615112305,-1.8587117195129395,-1.9420140981674194,-1.7066969871520996]"
1,78,pure_coverage,"[""coverage"",""coverage"",""coverage"",""coverage""]","[0.0,0.0,1.0,0.9739999771118164,0.0,0.0,0.800000011920929,0.0,1.0,1.0,0.0,0.0,0.0,0.0,0.0,0.0,0.0,0.0,0.0,0.0,0.0,0.0,0.0,0.0,0.0,0.0,0.0,0.0,0.0,0.0,0.0,0.0,0.0,0.0,0.0,0.0,0.0,0.0,0.0,0.0,0.0,0.0,0.0,0.0,0.0,0.0,0.0,0.0,0.0,0.0]","[2,6,8,8]","[-0.024405628442764282,-0.0013226439477875829,-0.010260608047246933,-0.019626352936029434]",False,"[false,false,false,false]","[false,false,false,false]",pure_coverage,"[0.0,0.0,1.0,0.9736666679382324,0.0,0.0,0.8333333134651184,0.0,1.0,1.0,0.0,0.0,0.0,0.0,0.0,0.0,0.0,0.0,0.0,0.0,0.0,0.0,0.0,0.0,0.0,0.0,0.0,0.0,0.0,0.0,0.0,0.0,0.0,0.0,0.0,0.0,0.0,0.0,0.0,0.0,0.0,0.0,0.0,0.0,0.0,0.0,0.0,0.0,0.0,0.0]","[-2.118274688720703,-2.7007064819335938,-2.3061771392822266,-2.9015941619873047]","[-2.6376304626464844,-2.163698196411133,-1.8822917938232422,-2.178892135620117]","[-0.20678949736461896,-0.034796829434330205,-0.05339985743219084,-0.06219739879745588]","[-0.5457777976989746,-0.34417152404785156,-0.42755937576293945,-0.3634164333343506]","[-2.162191390991211,-1.832696557044983,-1.9334431886672974,-1.635359287261963]"
1,79,pure_coverage,"[""coverage"",""coverage"",""coverage"",""coverage""]","[0.0,0.0,1.0,0.9736666679382324,0.0,0.0,0.8333333134651184,0.0,1.0,1.0,0.0,0.0,0.0,0.0,0.0,0.0,0.0,0.0,0.0,0.0,0.0,0.0,0.0,0.0,0.0,0.0,0.0,0.0,0.0,0.0,0.0,0.0,0.0,0.0,0.0,0.0,0.0,0.0,0.0,0.0,0.0,0.0,0.0,0.0,0.0,0.0,0.0,0.0,0.0,0.0]","[7,6,2,6]","[-0.032210662961006165,-0.0032637359108775854,-0.012882445938885212,-0.014062159694731236]",False,"[false,false,false,false]","[false,false,false,false]",pure_coverage,"[0.0,0.0,1.0,0.9733333587646484,0.0,0.0,0.8666666746139526,0.0,1.0,1.0,0.0,0.0,0.0,0.0,0.0,0.0,0.0,0.0,0.0,0.0,0.0,0.0,0.0,0.0,0.0,0.0,0.0,0.0,0.0,0.0,0.0,0.0,0.0,0.0,0.0,0.0,0.0,0.0,0.0,0.0,0.0,0.0,0.0,0.0,0.0,0.0,0.0,0.0,0.0,0.0]","[-2.6376304626464844,-2.163698196411133,-1.8822917938232422,-2.178892135620117]","[-2.12322998046875,-1.8485774993896484,-1.9524250030517578,-1.6052627563476562]","[-0.18422613022409565,-0.033812308572265276,-0.04357499937873122,-0.043001056425683276]","[-0.41553354263305664,-0.2506598234176636,-0.3446309566497803,-0.2508610486984253]","[-2.1342082023620605,-1.83335542678833,-1.945783257484436,-1.6032723188400269]"
1,80,pure_coverage,"[""coverage"",""coverage"",""coverage"",""coverage""]","[0.0,0.0,1.0,0.9733333587646484,0.0,0.0,0.8666666746139526,0.0,1.0,1.0,0.0,0.0,0.0,0.0,0.0,0.0,0.0,0.0,0.0,0.0,0.0,0.0,0.0,0.0,0.0,0.0,0.0,0.0,0.0,0.0,0.0,0.0,0.0,0.0,0.0,0.0,0.0,0.0,0.0,0.0,0.0,0.0,0.0,0.0,0.0,0.0,0.0,0.0,0.0,0.0]","[6,6,3,8]","[-0.04340062662959099,-0.0027423989959061146,-0.005690803285688162,-0.007593024522066116]",False,"[false,false,false,false]","[false,false,false,false]",pure_coverage,"[0.0,0.0,1.0,0.9729999899864197,0.0,0.0,0.8999999761581421,0.0,1.0,1.0,0.0,0.0,0.0,0.0,0.0,0.0,0.0,0.0,0.0,0.0,0.0,0.0,0.0,0.0,0.0,0.0,0.0,0.0,0.0,0.0,0.0,0.0,0.0,0.0,0.0,0.0,0.0,0.0,0.0,0.0,0.0,0.0,0.0,0.0,0.0,0.0,0.0,0.0,0.0,0.0]","[-2.12322998046875,-1.8485774993896484,-1.9524250030517578,-1.6052627563476562]","[-1.6312732696533203,-1.7792186737060547,-1.5111808776855469,-1.5857200622558594]","[-0.1535509770334237,-0.03085714410241181,-0.031002579232167687,-0.029231208819143473]","[-0.2958247661590576,-0.16575396060943604,-0.24997711181640625,-0.16729223728179932]","[-0.2958247661590576,-0.16575396060943604,-0.24997711181640625,-0.16729223728179932]"
1,81,pure_coverage,"[""coverage"",""coverage"",""coverage"",""coverage""]","[0.0,0.0,1.0,0.9729999899864197,0.0,0.0,0.8999999761581421,0.0,1.0,1.0,0.0,0.0,0.0,0.0,0.0,0.0,0.0,0.0,0.0,0.0,0.0,0.0,0.0,0.0,0.0,0.0,0.0,0.0,0.0,0.0,0.0,0.0,0.0,0.0,0.0,0.0,0.0,0.0,0.0,0.0,0.0,0.0,0.0,0.0,0.0,0.0,0.0,0.0,0.0,0.0]","[3,6,2,8]","[-0.05258960649371147,-0.007968869060277939,-0.010419377125799656,-0.008121361024677753]",False,"[false,false,false,false]","[false,false,false,false]",pure_coverage,"[0.0,0.0,1.0,0.9726666808128357,0.0,0.0,0.9333333373069763,0.0,1.0,1.0,0.0,0.0,0.0,0.0,0.0,0.0,0.0,0.0,0.0,0.0,0.0,0.0,0.0,0.0,0.0,0.0,0.0,0.0,0.0,0.0,0.0,0.0,0.0,0.0,0.0,0.0,0.0,0.0,0.0,0.0,0.0,0.0,0.0,0.0,0.0,0.0,0.0,0.0,0.0,0.0]","[-1.6312732696533203,-1.7792186737060547,-1.5111808776855469,-1.5857200622558594]","[-0.9086627960205078,-0.6981258392333984,-1.5989437103271484,-0.9110965728759766]","[-0.11126298020589165,-0.028398732430813835,-0.025567450450989418,-0.021856751815229655]","[-0.18253707885742188,-0.079681396484375,-0.1802051067352295,-0.08634352684020996]","[-0.18253707885742188,-0.079681396484375,-0.1802051067352295,-0.08634352684020996]"
1,82,pure_coverage,"[""coverage"",""coverage"",""coverage"",""coverage""]","[0.0,0.0,1.0,0.9726666808128357,0.0,0.0,0.9333333373069763,0.0,1.0,1.0,0.0,0.0,0.0,0.0,0.0,0.0,0.0,0.0,0.0,0.0,0.0,0.0,0.0,0.0,0.0,0.0,0.0,0.0,0.0,0.0,0.0,0.0,0.0,0.0,0.0,0.0,0.0,0.0,0.0,0.0,0.0,0.0,0.0,0.0,0.0,0.0,0.0,0.0,0.0,0.0]","[3,3,2,3]","[-0.05346401408314705,-0.01465672254562378,-0.0128852603957057,-0.012701605446636677]",False,"[false,false,false,false]","[false,false,false,false]",pure_coverage,"[0.0,0.0,1.0,0.9723333120346069,0.0,0.0,0.9666666388511658,0.0,1.0,1.0,0.0,0.0,0.0,0.0,0.0,0.0,0.0,0.0,0.0,0.0,0.0,0.0,0.0,0.0,0.0,0.0,0.0,0.0,0.0,0.0,0.0,0.0,0.0,0.0,0.0,0.0,0.0,0.0,0.0,0.0,0.0,0.0,0.0,0.0,0.0,0.0,0.0,0.0,0.0,0.0]","[-0.9086627960205078,-0.6981258392333984,-1.5989437103271484,-0.9110965728759766]","[-0.6337032318115234,-0.38724708557128906,-1.6402416229248047,-0.43238067626953125]","[-0.05926603405270726,-0.020636225626803936,-0.015301084166858346,-0.013874132111668587]","[-0.09034419059753418,-0.039505958557128906,-0.09637224674224854,-0.03521835803985596]","[-0.09034419059753418,-0.039505958557128906,-0.09637224674224854,-0.03521835803985596]"
1,83,pure_coverage,"[""coverage"",""coverage"",""coverage"",""coverage""]","[0.0,0.0,1.0,0.9723333120346069,0.0,0.0,0.9666666388511658,0.0,1.0,1.0,0.0,0.0,0.0,0.0,0.0,0.0,0.0,0.0,0.0,0.0,0.0,0.0,0.0,0.0,0.0,0.0,0.0,0.0,0.0,0.0,0.0,0.0,0.0,0.0,0.0,0.0,0.0,0.0,0.0,0.0,0.0,0.0,0.0,0.0,0.0,0.0,0.0,0.0,0.0,0.0]","[3,3,8,3]","[-0.005860626231878996,-0.006039902102202177,-0.0024402260314673185,-0.001184370368719101]",False,"[true,true,true,true]","[false,false,false,false]",pure_coverage,"[0.0,0.0,1.0,0.972000002861023,0.0,0.0,1.0,1.0,1.0,1.0,0.0,0.0,0.0,0.0,0.0,0.0,0.0,0.0,0.0,0.0,0.0,0.0,0.0,0.0,0.0,0.0,0.0,0.0,0.0,0.0,0.0,0.0,0.0,0.0,0.0,0.0,0.0,0.0,0.0,0.0,0.0,0.0,0.0,0.0,0.0,0.0,0.0,0.0,0.0,0.0]","[-0.6337032318115234,-0.38724708557128906,-1.6402416229248047,-0.43238067626953125]","[-0.6451625823974609,-0.4542560577392578,-1.6532154083251953,-0.7683849334716797]","[-0.005860626231878996,-0.006039902102202177,-0.0024402260314673185,-0.001184370368719101]","[-0.005860626697540283,-0.0060398876667022705,-0.002440214157104492,-0.0011843740940093994]","[-0.005860626697540283,-0.0060398876667022705,-0.002440214157104492,-0.0011843740940093994]"
2,0,pre_capture,"[""coverage"",""coverage"",""coverage"",""coverage""]","[1.0,0.0,0.0,1.0,0.0,0.0,0.0,0.0,1.0,1.0,0.0,0.0,0.0,0.0,0.0,0.0,0.0,0.0,0.0,0.0,0.0,0.0,0.0,0.0,0.0,0.0,1.0,0.0,0.0,0.0,0.0,0.0,0.0,0.0,0.0,0.0,0.0,0.0,0.0,0.0,0.0,0.0,0.0,0.0,0.0,0.0,0.0,0.0,0.0,0.0]","[6,6,3,8]","[-1.182692289352417,-1.8220033645629883,-0.12384895235300064,-0.05495142564177513]",False,"[false,false,false,false]","[false,false,false,false]",pre_capture,"[1.0,0.0,0.0,0.999666690826416,0.0,0.0,0.0,0.0,1.0,1.0,0.0,0.0,0.0,0.0,0.0,0.0,0.0,0.0,0.0,0.0,0.0,0.0,0.0,0.0,0.0,0.0,1.0,0.0,0.0,0.0,0.0,0.0,0.0,0.0,0.0,0.0,0.0,0.0,0.0,0.0,0.0,0.0,0.0,0.0,0.0,0.0,0.0,0.0,0.0,0.0]","[26.4708194732666,46.775672912597656,35.59428787231445,32.97041320800781]","[26.168418884277344,46.101165771484375,35.19742202758789,32.28086853027344]","[98.84134078956681,73.25059574888644,-0.969966151796868,71.19648598184217]","[29.710861206054688,18.066768646240234,29.693803787231445,30.500347137451172]","[29.710861206054688,18.066768646240234,29.693803787231445,30.500347137451172]"
2,1,pre_capture,"[""coverage"",""coverage"",""coverage"",""coverage""]","[1.0,0.0,0.0,0.999666690826416,0.0,0.0,0.0,0.0,1.0,1.0,0.0,0.0,0.0,0.0,0.0,0.0,0.0,0.0,0.0,0.0,0.0,0.0,0.0,0.0,0.0,0.0,1.0,0.0,0.0,0.0,0.0,0.0,0.0,0.0,0.0,0.0,0.0,0.0,0.0,0.0,0.0,0.0,0.0,0.0,0.0,0.0,0.0,0.0,0.0,0.0]","[7,6,6,8]","[-1.1825532913208008,-1.8215380907058716,-0.12161336094141006,-0.05732725188136101]",False,"[false,false,false,false]","[false,false,false,false]",pre_capture,"[1.0,0.0,0.0,0.9993333220481873,0.0,0.0,0.0,0.0,1.0,1.0,0.0,0.0,0.0,0.0,0.0,0.0,0.0,0.0,0.0,0.0,0.0,0.0,0.0,0.0,0.0,0.0,1.0,0.0,0.0,0.0,0.0,0.0,0.0,0.0,0.0,0.0,0.0,0.0,0.0,0.0,0.0,0.0,0.0,0.0,0.0,0.0,0.0,0.0,0.0,0.0]","[26.168418884277344,46.101165771484375,35.19742202758789,32.28086853027344]","[25.414867401123047,44.11081314086914,33.569610595703125,32.35811233520508]","[101.03437684739316,75.83090819540347,-0.8546638378220882,71.97114889644843]","[31.47072410583496,18.720640182495117,29.851547241210938,30.789363861083984]","[31.47072410583496,18.720640182495117,29.851547241210938,30.789363861083984]"
2,2,pre_capture,"[""coverage"",""coverage"",""coverage"",""coverage""]","[1.0,0.0,0.0,0.9993333220481873,0.0,0.0,0.0,0.0,1.0,1.0,0.0,0.0,0.0,0.0,0.0,0.0,0.0,0.0,0.0,0.0,0.0,0.0,0.0,0.0,0.0,0.0,1.0,0.0,0.0,0.0,0.0,0.0,0.0,0.0,0.0,0.0,0.0,0.0,0.0,0.0,0.0,0.0,0.0,0.0,0.0,0.0,0.0,0.0,0.0,0.0]","[8,6,6,8]","[-1.1561347246170044,-1.8064733743667603,-0.12443911284208298,-0.06495992094278336]",False,"[false,false,false,false]","[false,false,false,false]",pre_capture,"[1.0,0.0,0.0,0.9990000128746033,0.0,0.0,0.0,0.0,1.0,1.0,0.0,0.0,0.0,0.0,0.0,0.0,0.0,0.0,0.0,0.0,0.0,0.0,0.0,0.0,0.0,0.0,1.0,0.0,0.0,0.0,0.0,0.0,0.0,0.0,0.0,0.0,0.0,0.0,0.0,0.0,0.0,0.0,0.0,0.0,0.0,0.0,0.0,0.0,0.0,0.0]","[25.414867401123047,44.11081314086914,33.569610595703125,32.35811233520508]","[24.692462921142578,41.485008239746094,32.766075134277344,32.75969696044922]","[103.24942438253936,78.43681443041348,-0.7404550271522001,72.75603651346444]","[33.381439208984375,19.5201416015625,30.102567672729492,31.095123291015625]","[33.381439208984375,19.5201416015625,30.102567672729492,31.095123291015625]"
2,3,pre_capture,"[""coverage"",""coverage"",""coverage"",""coverage""]","[1.0,0.0,0.0,0.9990000128746033,0.0,0.0,0.0,0.0,1.0,1.0,0.0,0.0,0.0,0.0,0.0,0.0,0.0,0.0,0.0,0.0,0.0,0.0,0.0,0.0,0.0,0.0,1.0,0.0,0.0,0.0,0.0,0.0,0.0,0.0,0.0,0.0,0.0,0.0,0.0,0.0,0.0,0.0,0.0,0.0,0.0,0.0,0.0,0.0,0.0,0.0]","[6,6,6,2]","[-1.1288071870803833,-1.8031796216964722,-0.12171813100576401,-0.0706382691860199]",False,"[false,false,false,false]","[false,false,false,false]",pre_capture,"[1.0,0.0,0.0,0.9986666440963745,0.0,0.0,0.0,0.0,1.0,1.0,0.0,0.0,0.0,0.0,0.0,0.0,0.0,0.0,0.0,0.0,0.0,0.0,0.0,0.0,0.0,0.0,1.0,0.0,0.0,0.0,0.0,0.0,0.0,0.0,0.0,0.0,0.0,0.0,0.0,0.0,0.0,0.0,0.0,0.0,0.0,0.0,0.0,0.0,0.0,0.0]","[24.692462921142578,41.485008239746094,32.766075134277344,32.75969696044922]","[26.488224029541016,38.29914093017578,32.56455993652344,31.605072021484375]","[105.46016071429936,81.05382606543458,-0.6222382972829467,73.55656205495679]","[35.4229621887207,20.492403030395508,30.414764404296875,31.40720558166504]","[35.4229621887207,20.492403030395508,30.414764404296875,31.40720558166504]"
2,4,pre_capture,"[""coverage"",""coverage"",""coverage"",""coverage""]","[1.0,0.0,0.0,0.9986666440963745,0.0,0.0,0.0,0.0,1.0,1.0,0.0,0.0,0.0,0.0,0.0,0.0,0.0,0.0,0.0,0.0,0.0,0.0,0.0,0.0,0.0,0.0,1.0,0.0,0.0,0.0,0.0,0.0,0.0,0.0,0.0,0.0,0.0,0.0,0.0,0.0,0.0,0.0,0.0,0.0,0.0,0.0,0.0,0.0,0.0,0.0]","[8,6,6,3]","[-1.1089946031570435,-1.7769650220870972,-0.11411457508802414,-0.06505261361598969]",False,"[false,false,false,false]","[false,false,false,false]",pre_capture,"[1.0,0.0,0.0,0.9983333349227905,0.0,0.0,0.0,0.0,1.0,1.0,0.0,0.0,0.0,0.0,0.0,0.0,0.0,0.0,0.0,0.0,0.0,0.0,0.0,0.0,0.0,0.0,1.0,0.0,0.0,0.0,0.0,0.0,0.0,0.0,0.0,0.0,0.0,0.0,0.0,0.0,0.0,0.0,0.0,0.0,0.0,0.0,0.0,0.0,0.0,0.0]","[26.488224029541016,38.29914093017578,32.56455993652344,31.605072021484375]","[26.9682674407959,35.96184539794922,32.90184783935547,31.806400299072266]","[107.66562414280783,83.69394513851621,-0.5055759255325077,74.37090941832606]","[37.470069885253906,21.690353393554688,30.754425048828125,31.80583953857422]","[37.470069885253906,21.690353393554688,30.754425048828125,31.80583953857422]"
2,5,pre_capture,"[""coverage"",""coverage"",""coverage"",""coverage""]","[1.0,0.0,0.0,0.9983333349227905,0.0,0.0,0.0,0.0,1.0,1.0,0.0,0.0,0.0,0.0,0.0,0.0,0.0,0.0,0.0,0.0,0.0,0.0,0.0,0.0,0.0,0.0,1.0,0.0,0.0,0.0,0.0,0.0,0.0,0.0,0.0,0.0,0.0,0.0,0.0,0.0,0.0,0.0,0.0,0.0,0.0,0.0,0.0,0.0,0.0,0.0]","[8,6,6,3]","[-1.0940214395523071,-1.7524107694625854,-0.10114002227783203,-0.05503375083208084]",False,"[false,false,false,false]","[false,false,false,false]",pre_capture,"[1.0,0.0,0.0,0.9980000257492065,0.0,0.0,0.0,0.0,1.0,1.0,0.0,0.0,0.0,0.0,0.0,0.0,0.0,0.0,0.0,0.0,0.0,0.0,0.0,0.0,0.0,0.0,1.0,0.0,0.0,0.0,0.0,0.0,0.0,0.0,0.0,0.0,0.0,0.0,0.0,0.0,0.0,0.0,0.0,0.0,0.0,0.0,0.0,0.0,0.0,0.0]","[26.9682674407959,35.96184539794922,32.90184783935547,31.806400299072266]","[28.359317779541016,34.09777069091797,33.9412841796875,32.734405517578125]","[109.87335226865139,86.3342526874781,-0.3954155054994784,75.18784043630511]","[39.60035705566406,23.059234619140625,31.08973503112793,32.213157653808594]","[39.60035705566406,23.059234619140625,31.08973503112793,32.213157653808594]"
2,6,pre_capture,"[""coverage"",""coverage"",""coverage"",""coverage""]","[1.0,0.0,0.0,0.9980000257492065,0.0,0.0,0.0,0.0,1.0,1.0,0.0,0.0,0.0,0.0,0.0,0.0,0.0,0.0,0.0,0.0,0.0,0.0,0.0,0.0,0.0,0.0,1.0,0.0,0.0,0.0,0.0,0.0,0.0,0.0,0.0,0.0,0.0,0.0,0.0,0.0,0.0,0.0,0.0,0.0,0.0,0.0,0.0,0.0,0.0,0.0]","[6,6,6,3]","[-1.10805082321167,-1.6874127388000488,-0.08621490746736526,-0.04271979257464409]",False,"[false,false,false,false]","[false,false,false,false]",pre_capture,"[1.0,0.0,0.0,0.9976666569709778,0.0,0.0,0.0,0.0,1.0,1.0,0.0,0.0,0.0,0.0,0.0,0.0,0.0,0.0,0.0,0.0,0.0,0.0,0.0,0.0,0.0,0.0,1.0,0.0,0.0,0.0,0.0,0.0,0.0,0.0,0.0,0.0,0.0,0.0,0.0,0.0,0.0,0.0,0.0,0.0,0.0,0.0,0.0,0.0,0.0,0.0]","[28.359317779541016,34.09777069091797,33.9412841796875,32.734405517578125]","[29.972583770751953,32.258544921875,34.37615966796875,33.210166931152344]","[112.08825627091282,88.97642773428352,-0.2972479628501479,76.00290321933049]","[41.77627944946289,24.586715698242188,31.377758026123047,32.58675003051758]","[41.77627944946289,24.586715698242188,31.377758026123047,32.58675003051758]"
2,7,pre_capture,"[""coverage"",""coverage"",""coverage"",""coverage""]","[1.0,0.0,0.0,0.9976666569709778,0.0,0.0,0.0,0.0,1.0,1.0,0.0,0.0,0.0,0.0,0.0,0.0,0.0,0.0,0.0,0.0,0.0,0.0,0.0,0.0,0.0,0.0,1.0,0.0,0.0,0.0,0.0,0.0,0.0,0.0,0.0,0.0,0.0,0.0,0.0,0.0,0.0,0.0,0.0,0.0,0.0,0.0,0.0,0.0,0.0,0.0]","[8,6,3,8]","[-1.0716685056686401,-1.6377136707305908,-0.07934123277664185,-0.033425472676754]",False,"[false,false,false,false]","[false,false,false,false]",pre_capture,"[1.0,0.0,0.0,0.9973333477973938,0.0,0.0,0.0,0.0,1.0,1.0,0.0,0.0,0.0,0.0,0.0,0.0,0.0,0.0,0.0,0.0,0.0,0.0,0.0,0.0,0.0,0.0,1.0,0.0,0.0,0.0,0.0,0.0,0.0,0.0,0.0,0.0,0.0,0.0,0.0,0.0,0.0,0.0,0.0,0.0,0.0,0.0,0.0,0.0,0.0,0.0]","[29.972583770751953,32.258544921875,34.37615966796875,33.210166931152344]","[31.63123893737793,32.24287414550781,35.35384750366211,34.229557037353516]","[114.33970413547928,91.57963684149856,-0.21316470240685115,76.813760618086]","[44.01987075805664,26.238521575927734,31.645244598388672,32.94584274291992]","[44.01987075805664,26.238521575927734,31.645244598388672,32.94584274291992]"
2,8,pre_capture,"[""coverage"",""coverage"",""coverage"",""coverage""]","[1.0,0.0,0.0,0.9973333477973938,0.0,0.0,0.0,0.0,1.0,1.0,0.0,0.0,0.0,0.0,0.0,0.0,0.0,0.0,0.0,0.0,0.0,0.0,0.0,0.0,0.0,0.0,1.0,0.0,0.0,0.0,0.0,0.0,0.0,0.0,0.0,0.0,0.0,0.0,0.0,0.0,0.0,0.0,0.0,0.0,0.0,0.0,0.0,0.0,0.0,0.0]","[6,6,6,2]","[-1.0561888217926025,-1.5889493227005005,-0.06883086264133453,-0.027599826455116272]",False,"[false,false,false,false]","[false,false,false,false]",pre_capture,"[1.0,0.0,0.0,0.996999979019165,0.0,0.0,0.0,0.0,1.0,1.0,0.0,0.0,0.0,0.0,0.0,0.0,0.0,0.0,0.0,0.0,0.0,0.0,0.0,0.0,0.0,0.0,1.0,0.0,0.0,0.0,0.0,0.0,0.0,0.0,0.0,0.0,0.0,0.0,0.0,0.0,0.0,0.0,0.0,0.0,0.0,0.0,0.0,0.0,0.0,0.0]","[31.63123893737793,32.24287414550781,35.35384750366211,34.229557037353516]","[33.21135330200195,31.818218231201172,36.362525939941406,33.395545959472656]","[116.5771440819676,94.15893991134257,-0.13517522184869626,77.62342029369975]","[46.2794189453125,27.94281005859375,31.87088966369629,33.264122009277344]","[46.2794189453125,27.94281005859375,31.87088966369629,33.264122009277344]"
2,9,pre_capture,"[""coverage"",""coverage"",""coverage"",""coverage""]","[1.0,0.0,0.0,0.996999979019165,0.0,0.0,0.0,0.0,1.0,1.0,0.0,0.0,0.0,0.0,0.0,0.0,0.0,0.0,0.0,0.0,0.0,0.0,0.0,0.0,0.0,0.0,1.0,0.0,0.0,0.0,0.0,0.0,0.0,0.0,0.0,0.0,0.0,0.0,0.0,0.0,0.0,0.0,0.0,0.0,0.0,0.0,0.0,0.0,0.0,0.0]","[8,6,6,8]","[-1.0206841230392456,-1.5371581315994263,-0.05961256101727486,-0.024811942130327225]",False,"[false,false,false,false]","[false,false,false,false]",pre_capture,"[1.0,0.0,0.0,0.996666669845581,0.0,0.0,0.0,0.0,1.0,1.0,0.0,0.0,0.0,0.0,0.0,0.0,0.0,0.0,0.0,0.0,0.0,0.0,0.0,0.0,0.0,0.0,1.0,0.0,0.0,0.0,0.0,0.0,0.0,0.0,0.0,0.0,0.0,0.0,0.0,0.0,0.0,0.0,0.0,0.0,0.0,0.0,0.0,0.0,0.0,0.0]","[33.21135330200195,31.818218231201172,36.362525939941406,33.395545959472656]","[34.84395980834961,33.5770263671875,39.163028717041016,34.304473876953125]","[118.82154838763657,96.71503963034654,-0.06701450424986033,78.4353738587423]","[48.5822868347168,29.725419998168945,32.046546936035156,33.64023208618164]","[48.5822868347168,29.725419998168945,32.046546936035156,33.64023208618164]"
2,10,pre_capture,"[""coverage"",""coverage"",""coverage"",""coverage""]","[1.0,0.0,0.0,0.996666669845581,0.0,0.0,0.0,0.0,1.0,1.0,0.0,0.0,0.0,0.0,0.0,0.0,0.0,0.0,0.0,0.0,0.0,0.0,0.0,0.0,0.0,0.0,1.0,0.0,0.0,0.0,0.0,0.0,0.0,0.0,0.0,0.0,0.0,0.0,0.0,0.0,0.0,0.0,0.0,0.0,0.0,0.0,0.0,0.0,0.0,0.0]","[6,6,6,3]","[-0.996258020401001,-1.482690691947937,-0.053124625235795975,-0.023815356194972992]",False,"[false,false,false,false]","[false,false,false,false]",pre_capture,"[1.0,0.0,0.0,0.9963333606719971,0.0,0.0,0.0,0.0,1.0,1.0,0.0,0.0,0.0,0.0,0.0,0.0,0.0,0.0,0.0,0.0,0.0,0.0,0.0,0.0,0.0,0.0,1.0,0.0,0.0,0.0,0.0,0.0,0.0,0.0,0.0,0.0,0.0,0.0,0.0,0.0,0.0,0.0,0.0,0.0,0.0,0.0,0.0,0.0,0.0,0.0]","[34.84395980834961,33.5770263671875,39.163028717041016,34.304473876953125]","[36.657569885253906,34.57745361328125,40.633453369140625,34.361610412597656]","[121.05276011179376,99.24464420398583,-0.007476710335944922,79.25271293017437]","[50.907169342041016,31.473169326782227,32.076114654541016,33.98933792114258]","[50.907169342041016,31.473169326782227,32.076114654541016,33.98933792114258]"
2,11,pre_capture,"[""coverage"",""coverage"",""coverage"",""coverage""]","[1.0,0.0,0.0,0.9963333606719971,0.0,0.0,0.0,0.0,1.0,1.0,0.0,0.0,0.0,0.0,0.0,0.0,0.0,0.0,0.0,0.0,0.0,0.0,0.0,0.0,0.0,0.0,1.0,0.0,0.0,0.0,0.0,0.0,0.0,0.0,0.0,0.0,0.0,0.0,0.0,0.0,0.0,0.0,0.0,0.0,0.0,0.0,0.0,0.0,0.0,0.0]","[8,8,6,2]","[-0.968012273311615,-1.4318976402282715,-0.048014041036367416,-0.031842682510614395]",False,"[false,false,false,false]","[false,false,false,false]",pre_capture,"[1.0,0.0,0.0,0.9959999918937683,0.0,0.0,0.0,0.0,1.0,1.0,0.0,0.0,0.0,0.0,0.0,0.0,0.0,0.0,0.0,0.0,0.0,0.0,0.0,0.0,0.0,0.0,1.0,0.0,0.0,0.0,0.0,0.0,0.0,0.0,0.0,0.0,0.0,0.0,0.0,0.0,0.0,0.0,0.0,0.0,0.0,0.0,0.0,0.0,0.0,0.0]","[36.657569885253906,34.57745361328125,40.633453369140625,34.361610412597656]","[38.63627624511719,36.53864288330078,44.39920425415039,34.43163299560547]","[123.28183649716642,101.74478272316541,0.0461090049493445,80.07730129936297]","[53.257713317871094,33.22092056274414,32.02326583862305,34.35646438598633]","[53.257713317871094,33.22092056274414,32.02326583862305,34.35646438598633]"
2,12,pre_capture,"[""coverage"",""coverage"",""coverage"",""coverage""]","[1.0,0.0,0.0,0.9959999918937683,0.0,0.0,0.0,0.0,1.0,1.0,0.0,0.0,0.0,0.0,0.0,0.0,0.0,0.0,0.0,0.0,0.0,0.0,0.0,0.0,0.0,0.0,1.0,0.0,0.0,0.0,0.0,0.0,0.0,0.0,0.0,0.0,0.0,0.0,0.0,0.0,0.0,0.0,0.0,0.0,0.0,0.0,0.0,0.0,0.0,0.0]","[6,6,3,3]","[-0.9193757176399231,-1.3956685066223145,-0.04613509029150009,-0.041201233863830566]",False,"[false,false,false,false]","[false,false,false,false]",pre_capture,"[1.0,0.0,0.0,0.9956666827201843,0.0,0.0,0.0,0.0,1.0,1.0,0.0,0.0,0.0,0.0,0.0,0.0,0.0,0.0,0.0,0.0,0.0,0.0,0.0,0.0,0.0,0.0,1.0,0.0,0.0,0.0,0.0,0.0,0.0,0.0,0.0,0.0,0.0,0.0,0.0,0.0,0.0,0.0,0.0,0.0,0.0,0.0,0.0,0.0,0.0,0.0]","[38.63627624511719,36.53864288330078,44.39920425415039,34.43163299560547]","[40.184837341308594,37.11490249633789,42.65464782714844,34.196990966796875]","[125.50489774795761,104.21886905393302,0.09507378382395143,80.91832725441776]","[55.62278747558594,34.92201232910156,31.763446807861328,34.75165939331055]","[55.62278747558594,34.92201232910156,31.763446807861328,34.75165939331055]"
2,13,pre_capture,"[""coverage"",""coverage"",""coverage"",""coverage""]","[1.0,0.0,0.0,0.9956666827201843,0.0,0.0,0.0,0.0,1.0,1.0,0.0,0.0,0.0,0.0,0.0,0.0,0.0,0.0,0.0,0.0,0.0,0.0,0.0,0.0,0.0,0.0,1.0,0.0,0.0,0.0,0.0,0.0,0.0,0.0,0.0,0.0,0.0,0.0,0.0,0.0,0.0,0.0,0.0,0.0,0.0,0.0,0.0,0.0,0.0,0.0]","[8,8,3,8]","[-0.87575364112854,-1.3811603784561157,-0.04060661420226097,-0.0458429753780365]",False,"[false,false,false,false]","[false,false,false,false]",pre_capture,"[1.0,0.0,0.0,0.9953333139419556,0.0,0.0,0.0,0.0,1.0,1.0,0.0,0.0,0.0,0.0,0.0,0.0,0.0,0.0,0.0,0.0,0.0,0.0,0.0,0.0,0.0,0.0,1.0,0.0,0.0,0.0,0.0,0.0,0.0,0.0,0.0,0.0,0.0,0.0,0.0,0.0,0.0,0.0,0.0,0.0,0.0,0.0,0.0,0.0,0.0,0.0]","[40.184837341308594,37.11490249633789,42.65464782714844,34.196990966796875]","[41.77644348144531,39.032569885253906,43.04524612426758,35.72502517700195]","[127.7012863288864,106.68135107126801,0.14263522637924397,81.77730150331475]","[58.00426483154297,36.66187286376953,31.577007293701172,35.19416427612305]","[58.00426483154297,36.66187286376953,31.577007293701172,35.19416427612305]"
2,14,pre_capture,"[""coverage"",""coverage"",""coverage"",""coverage""]","[1.0,0.0,0.0,0.9953333139419556,0.0,0.0,0.0,0.0,1.0,1.0,0.0,0.0,0.0,0.0,0.0,0.0,0.0,0.0,0.0,0.0,0.0,0.0,0.0,0.0,0.0,0.0,1.0,0.0,0.0,0.0,0.0,0.0,0.0,0.0,0.0,0.0,0.0,0.0,0.0,0.0,0.0,0.0,0.0,0.0,0.0,0.0,0.0,0.0,0.0,0.0]","[8,6,3,8]","[-0.8682811856269836,-1.251410961151123,-0.054459623992443085,-0.06813410669565201]",False,"[false,false,false,false]","[false,false,false,false]",pre_capture,"[1.0,0.0,0.0,0.9950000047683716,0.0,0.0,0.0,0.0,1.0,1.0,0.0,0.0,0.0,0.0,0.0,0.0,0.0,0.0,0.0,0.0,0.0,0.0,0.0,0.0,0.0,0.0,1.0,0.0,0.0,0.0,0.0,0.0,0.0,0.0,0.0,0.0,0.0,0.0,0.0,0.0,0.0,0.0,0.0,0.0,0.0,0.0,0.0,0.0,0.0,0.0]","[41.77644348144531,39.032569885253906,43.04524612426758,35.72502517700195]","[43.10417938232422,41.268009185791016,42.64543151855469,36.89128875732422]","[129.87579794951003,109.1540519694183,0.18509276826414642,82.64964088756847]","[60.40625762939453,38.39544677734375,31.352336883544922,35.58917236328125]","[60.40625762939453,38.39544677734375,31.352336883544922,35.58917236328125]"
2,15,pre_capture,"[""coverage"",""coverage"",""coverage"",""coverage""]","[1.0,0.0,0.0,0.9950000047683716,0.0,0.0,0.0,0.0,1.0,1.0,0.0,0.0,0.0,0.0,0.0,0.0,0.0,0.0,0.0,0.0,0.0,0.0,0.0,0.0,0.0,0.0,1.0,0.0,0.0,0.0,0.0,0.0,0.0,0.0,0.0,0.0,0.0,0.0,0.0,0.0,0.0,0.0,0.0,0.0,0.0,0.0,0.0,0.0,0.0,0.0]","[6,8,2,8]","[-0.8101580142974854,-1.2463213205337524,-0.04109712317585945,-0.07796572893857956]",False,"[false,false,false,false]","[false,false,false,false]",pre_capture,"[1.0,0.0,0.0,0.9946666955947876,0.0,0.0,0.0,0.0,1.0,1.0,0.0,0.0,0.0,0.0,0.0,0.0,0.0,0.0,0.0,0.0,0.0,0.0,0.0,0.0,0.0,0.0,1.0,0.0,0.0,0.0,0.0,0.0,0.0,0.0,0.0,0.0,0.0,0.0,0.0,0.0,0.0,0.0,0.0,0.0,0.0,0.0,0.0,0.0,0.0,0.0]","[43.10417938232422,41.268009185791016,42.64543151855469,36.89128875732422]","[45.87721252441406,42.479007720947266,39.41700744628906,38.13670349121094]","[132.0647263991283,111.5206696268378,0.24197211339049446,83.55330807501426]","[62.88238525390625,39.983089447021484,31.14922523498535,35.97148895263672]","[62.88238525390625,39.983089447021484,31.14922523498535,35.97148895263672]"
2,16,pre_capture,"[""coverage"",""coverage"",""coverage"",""coverage""]","[1.0,0.0,0.0,0.9946666955947876,0.0,0.0,0.0,0.0,1.0,1.0,0.0,0.0,0.0,0.0,0.0,0.0,0.0,0.0,0.0,0.0,0.0,0.0,0.0,0.0,0.0,0.0,1.0,0.0,0.0,0.0,0.0,0.0,0.0,0.0,0.0,0.0,0.0,0.0,0.0,0.0,0.0,0.0,0.0,0.0,0.0,0.0,0.0,0.0,0.0,0.0]","[8,6,3,8]","[-0.7712224721908569,-1.1833436489105225,-0.042290251702070236,-0.09246442466974258]",False,"[false,false,false,false]","[false,false,false,false]",pre_capture,"[1.0,0.0,0.0,0.9943333268165588,0.0,0.0,0.0,0.0,1.0,1.0,0.0,0.0,0.0,0.0,0.0,0.0,0.0,0.0,0.0,0.0,0.0,0.0,0.0,0.0,0.0,0.0,1.0,0.0,0.0,0.0,0.0,0.0,0.0,0.0,0.0,0.0,0.0,0.0,0.0,0.0,0.0,0.0,0.0,0.0,0.0,0.0,0.0,0.0,0.0,0.0]","[45.87721252441406,42.479007720947266,39.41700744628906,38.13670349121094]","[46.78004455566406,44.56166076660156,39.54961395263672,38.7122802734375]","[134.21705496305634,113.90605146199147,0.28592852178419587,84.47603414540691]","[65.30741119384766,41.602020263671875,31.088970184326172,36.322898864746094]","[65.30741119384766,41.602020263671875,31.088970184326172,36.322898864746094]"
2,17,pre_capture,"[""coverage"",""coverage"",""coverage"",""coverage""]","[1.0,0.0,0.0,0.9943333268165588,0.0,0.0,0.0,0.0,1.0,1.0,0.0,0.0,0.0,0.0,0.0,0.0,0.0,0.0,0.0,0.0,0.0,0.0,0.0,0.0,0.0,0.0,1.0,0.0,0.0,0.0,0.0,0.0,0.0,0.0,0.0,0.0,0.0,0.0,0.0,0.0,0.0,0.0,0.0,0.0,0.0,0.0,0.0,0.0,0.0,0.0]","[6,8,2,2]","[-0.7256240844726562,-1.121490478515625,-0.03927725553512573,-0.10244230180978775]",False,"[false,false,false,false]","[false,false,false,false]",pre_capture,"[1.0,0.0,0.0,0.9940000176429749,0.0,0.0,0.0,0.0,1.0,1.0,0.0,0.0,0.0,0.0,0.0,0.0,0.0,0.0,0.0,0.0,0.0,0.0,0.0,0.0,0.0,0.0,1.0,0.0,0.0,0.0,0.0,0.0,0.0,0.0,0.0,0.0,0.0,0.0,0.0,0.0,0.0,0.0,0.0,0.0,0.0,0.0,0.0,0.0,0.0,0.0]","[46.78004455566406,44.56166076660156,39.54961395263672,38.7122802734375]","[49.56446075439453,45.63983154296875,38.439693450927734,37.657066345214844]","[136.35179538913857,116.25191425343635,0.331534114632592,85.42272582836026]","[67.79693603515625,43.14679718017578,31.019197463989258,36.68166732788086]","[67.79693603515625,43.14679718017578,31.019197463989258,36.68166732788086]"
2,18,pre_capture,"[""coverage"",""coverage"",""coverage"",""coverage""]","[1.0,0.0,0.0,0.9940000176429749,0.0,0.0,0.0,0.0,1.0,1.0,0.0,0.0,0.0,0.0,0.0,0.0,0.0,0.0,0.0,0.0,0.0,0.0,0.0,0.0,0.0,0.0,1.0,0.0,0.0,0.0,0.0,0.0,0.0,0.0,0.0,0.0,0.0,0.0,0.0,0.0,0.0,0.0,0.0,0.0,0.0,0.0,0.0,0.0,0.0,0.0]","[8,6,6,2]","[-0.7091242074966431,-1.0548820495605469,-0.03867942467331886,-0.12052436172962189]",False,"[false,false,false,false]","[false,false,false,false]",pre_capture,"[1.0,0.0,0.0,0.9936666488647461,0.0,0.0,0.0,0.0,1.0,1.0,0.0,0.0,0.0,0.0,0.0,0.0,0.0,0.0,0.0,0.0,0.0,0.0,0.0,0.0,0.0,0.0,1.0,0.0,0.0,0.0,0.0,0.0,0.0,0.0,0.0,0.0,0.0,0.0,0.0,0.0,0.0,0.0,0.0,0.0,0.0,0.0,0.0,0.0,0.0,0.0]","[49.56446075439453,45.63983154296875,38.439693450927734,37.657066345214844]","[50.149417877197266,47.803138732910156,39.279632568359375,35.40660858154297]","[138.46203987233457,118.55899467873937,0.3745569395633513,86.38905871734347]","[70.2489242553711,44.666786193847656,31.000221252441406,37.129276275634766]","[70.2489242553711,44.666786193847656,31.000221252441406,37.129276275634766]"
2,19,pre_capture,"[""coverage"",""coverage"",""coverage"",""coverage""]","[1.0,0.0,0.0,0.9936666488647461,0.0,0.0,0.0,0.0,1.0,1.0,0.0,0.0,0.0,0.0,0.0,0.0,0.0,0.0,0.0,0.0,0.0,0.0,0.0,0.0,0.0,0.0,1.0,0.0,0.0,0.0,0.0,0.0,0.0,0.0,0.0,0.0,0.0,0.0,0.0,0.0,0.0,0.0,0.0,0.0,0.0,0.0,0.0,0.0,0.0,0.0]","[6,8,6,3]","[-0.671816885471344,-0.9950811862945557,-0.03752177581191063,-0.13862863183021545]",False,"[false,false,false,false]","[false,false,false,false]",pre_capture,"[1.0,0.0,0.0,0.9933333396911621,0.0,0.0,0.0,0.0,1.0,1.0,0.0,0.0,0.0,0.0,0.0,0.0,0.0,0.0,0.0,0.0,0.0,0.0,0.0,0.0,0.0,0.0,1.0,0.0,0.0,0.0,0.0,0.0,0.0,0.0,0.0,0.0,0.0,0.0,0.0,0.0,0.0,0.0,0.0,0.0,0.0,0.0,0.0,0.0,0.0,0.0]","[50.149417877197266,47.803138732910156,39.279632568359375,35.40660858154297]","[51.561004638671875,47.69465637207031,40.015953063964844,36.315528869628906]","[140.57693341397092,120.82209770535344,0.4174104689259294,87.38341725158898]","[72.8077163696289,46.09825897216797,30.935203552246094,37.74287414550781]","[72.8077163696289,46.09825897216797,30.935203552246094,37.74287414550781]"
2,20,pre_capture,"[""coverage"",""coverage"",""coverage"",""coverage""]","[1.0,0.0,0.0,0.9933333396911621,0.0,0.0,0.0,0.0,1.0,1.0,0.0,0.0,0.0,0.0,0.0,0.0,0.0,0.0,0.0,0.0,0.0,0.0,0.0,0.0,0.0,0.0,1.0,0.0,0.0,0.0,0.0,0.0,0.0,0.0,0.0,0.0,0.0,0.0,0.0,0.0,0.0,0.0,0.0,0.0,0.0,0.0,0.0,0.0,0.0,0.0]","[8,8,8,2]","[-0.6588355898857117,-0.9353717565536499,-0.03871674835681915,-0.14929544925689697]",False,"[false,false,false,false]","[false,false,false,false]",pre_capture,"[1.0,0.0,0.0,0.9929999709129333,0.0,0.0,0.0,0.0,1.0,1.0,0.0,0.0,0.0,0.0,0.0,0.0,0.0,0.0,0.0,0.0,0.0,0.0,0.0,0.0,0.0,0.0,1.0,0.0,0.0,0.0,0.0,0.0,0.0,0.0,0.0,0.0,0.0,0.0,0.0,0.0,0.0,0.0,0.0,0.0,0.0,0.0,0.0,0.0,0.0,0.0]","[51.561004638671875,47.69465637207031,40.015953063964844,36.315528869628906]","[54.19778060913086,51.54295349121094,42.06150817871094,35.583614349365234]","[142.67550535297198,123.04765544610909,0.4595275199372122,88.40610695294869]","[75.41442108154297,47.56242370605469,30.826087951660156,38.36670684814453]","[75.41442108154297,47.56242370605469,30.826087951660156,38.36670684814453]"
2,21,pre_capture,"[""coverage"",""coverage"",""coverage"",""coverage""]","[1.0,0.0,0.0,0.9929999709129333,0.0,0.0,0.0,0.0,1.0,1.0,0.0,0.0,0.0,0.0,0.0,0.0,0.0,0.0,0.0,0.0,0.0,0.0,0.0,0.0,0.0,0.0,1.0,0.0,0.0,0.0,0.0,0.0,0.0,0.0,0.0,0.0,0.0,0.0,0.0,0.0,0.0,0.0,0.0,0.0,0.0,0.0,0.0,0.0,0.0,0.0]","[6,6,3,8]","[-0.6388165950775146,-0.8841657042503357,-0.040252767503261566,-0.15699918568134308]",False,"[false,false,false,false]","[false,false,false,false]",pre_capture,"[1.0,0.0,0.0,0.9926666617393494,0.0,0.0,0.0,0.0,1.0,1.0,0.0,0.0,0.0,0.0,0.0,0.0,0.0,0.0,0.0,0.0,0.0,0.0,0.0,0.0,0.0,0.0,1.0,0.0,0.0,0.0,0.0,0.0,0.0,0.0,0.0,0.0,0.0,0.0,0.0,0.0,0.0,0.0,0.0,0.0,0.0,0.0,0.0,0.0,0.0,0.0]","[54.19778060913086,51.54295349121094,42.06150817871094,35.583614349365234]","[54.414241790771484,51.3031005859375,41.34632110595703,34.388065338134766]","[144.78216256854313,125.23538101279065,0.5032770386808397,89.44990141636929]","[78.03345489501953,48.85318374633789,30.60367774963379,39.079864501953125]","[78.03345489501953,48.85318374633789,30.60367774963379,39.079864501953125]"
2,22,pre_capture,"[""coverage"",""coverage"",""coverage"",""coverage""]","[1.0,0.0,0.0,0.9926666617393494,0.0,0.0,0.0,0.0,1.0,1.0,0.0,0.0,0.0,0.0,0.0,0.0,0.0,0.0,0.0,0.0,0.0,0.0,0.0,0.0,0.0,0.0,1.0,0.0,0.0,0.0,0.0,0.0,0.0,0.0,0.0,0.0,0.0,0.0,0.0,0.0,0.0,0.0,0.0,0.0,0.0,0.0,0.0,0.0,0.0,0.0]","[8,6,3,2]","[-0.6011786460876465,-0.8254262804985046,-0.03859537094831467,-0.1686600297689438]",False,"[false,false,false,false]","[false,false,false,false]",pre_capture,"[1.0,0.0,0.0,0.9923333525657654,0.0,0.0,0.0,0.0,1.0,1.0,0.0,0.0,0.0,0.0,0.0,0.0,0.0,0.0,0.0,0.0,0.0,0.0,0.0,0.0,0.0,0.0,1.0,0.0,0.0,0.0,0.0,0.0,0.0,0.0,0.0,0.0,0.0,0.0,0.0,0.0,0.0,0.0,0.0,0.0,0.0,0.0,0.0,0.0,0.0,0.0]","[54.414241790771484,51.3031005859375,41.34632110595703,34.388065338134766]","[54.19345474243164,51.98462677001953,40.80370330810547,32.62202835083008]","[146.88987794305115,127.39348153236463,0.549020006246567,90.51202081015215]","[80.78550720214844,50.18378448486328,30.40647315979004,39.90925216674805]","[80.78550720214844,50.18378448486328,30.40647315979004,39.90925216674805]"
2,23,pre_capture,"[""coverage"",""coverage"",""coverage"",""coverage""]","[1.0,0.0,0.0,0.9923333525657654,0.0,0.0,0.0,0.0,1.0,1.0,0.0,0.0,0.0,0.0,0.0,0.0,0.0,0.0,0.0,0.0,0.0,0.0,0.0,0.0,0.0,0.0,1.0,0.0,0.0,0.0,0.0,0.0,0.0,0.0,0.0,0.0,0.0,0.0,0.0,0.0,0.0,0.0,0.0,0.0,0.0,0.0,0.0,0.0,0.0,0.0]","[6,8,3,8]","[-0.5812615752220154,-0.7652332186698914,-0.03981222212314606,-0.18334421515464783]",False,"[false,false,false,false]","[false,false,false,false]",pre_capture,"[1.0,0.0,0.0,0.9919999837875366,0.0,0.0,0.0,0.0,1.0,1.0,0.0,0.0,0.0,0.0,0.0,0.0,0.0,0.0,0.0,0.0,0.0,0.0,0.0,0.0,0.0,0.0,1.0,0.0,0.0,0.0,0.0,0.0,0.0,0.0,0.0,0.0,0.0,0.0,0.0,0.0,0.0,0.0,0.0,0.0,0.0,0.0,0.0,0.0,0.0,0.0]","[54.19345474243164,51.98462677001953,40.80370330810547,32.62202835083008]","[54.58976745605469,51.05530548095703,39.97578430175781,31.981731414794922]","[148.98086524155434,129.51404829582134,0.593550886055436,91.5966473130516]","[83.68325805664062,51.5002326965332,30.223588943481445,40.896461486816406]","[83.68325805664062,51.5002326965332,30.223588943481445,40.896461486816406]"
2,24,pre_capture,"[""coverage"",""coverage"",""coverage"",""coverage""]","[1.0,0.0,0.0,0.9919999837875366,0.0,0.0,0.0,0.0,1.0,1.0,0.0,0.0,0.0,0.0,0.0,0.0,0.0,0.0,0.0,0.0,0.0,0.0,0.0,0.0,0.0,0.0,1.0,0.0,0.0,0.0,0.0,0.0,0.0,0.0,0.0,0.0,0.0,0.0,0.0,0.0,0.0,0.0,0.0,0.0,0.0,0.0,0.0,0.0,0.0,0.0]","[8,8,3,8]","[-0.5482879281044006,-0.7200335264205933,-0.03864235803484917,-0.17357520759105682]",False,"[false,false,false,false]","[false,false,false,false]",pre_capture,"[1.0,0.0,0.0,0.9916666746139526,0.0,0.0,0.0,0.0,1.0,1.0,0.0,0.0,0.0,0.0,0.0,0.0,0.0,0.0,0.0,0.0,0.0,0.0,0.0,0.0,0.0,0.0,1.0,0.0,0.0,0.0,0.0,0.0,0.0,0.0,0.0,0.0,0.0,0.0,0.0,0.0,0.0,0.0,0.0,0.0,0.0,0.0,0.0,0.0,0.0,0.0]","[54.58976745605469,51.05530548095703,39.97578430175781,31.981731414794922]","[55.0269889831543,52.64201736450195,39.72057342529297,32.04502868652344]","[151.07285537048116,131.59523385302145,0.6397607153319012,92.70706214970329]","[86.72230529785156,52.8848762512207,30.074005126953125,41.99543762207031]","[86.72230529785156,52.8848762512207,30.074005126953125,41.99543762207031]"
2,25,pre_capture,"[""coverage"",""coverage"",""coverage"",""coverage""]","[1.0,0.0,0.0,0.9916666746139526,0.0,0.0,0.0,0.0,1.0,1.0,0.0,0.0,0.0,0.0,0.0,0.0,0.0,0.0,0.0,0.0,0.0,0.0,0.0,0.0,0.0,0.0,1.0,0.0,0.0,0.0,0.0,0.0,0.0,0.0,0.0,0.0,0.0,0.0,0.0,0.0,0.0,0.0,0.0,0.0,0.0,0.0,0.0,0.0,0.0,0.0]","[6,6,3,8]","[-0.5152526497840881,-0.6533486843109131,-0.03841375559568405,-0.17297004163265228]",False,"[false,false,false,false]","[false,false,false,false]",pre_capture,"[1.0,0.0,0.0,0.9913333058357239,0.0,0.0,0.0,0.0,1.0,1.0,0.0,0.0,0.0,0.0,0.0,0.0,0.0,0.0,0.0,0.0,0.0,0.0,0.0,0.0,0.0,0.0,1.0,0.0,0.0,0.0,0.0,0.0,0.0,0.0,0.0,0.0,0.0,0.0,0.0,0.0,0.0,0.0,0.0,0.0,0.0,0.0,0.0,0.0,0.0,0.0]","[55.0269889831543,52.64201736450195,39.72057342529297,32.04502868652344]","[53.605255126953125,51.00033950805664,37.61912536621094,31.063798904418945]","[153.15266999857127,133.65178523175965,0.6852556296633842,93.81882561342863]","[89.89553833007812,54.225547790527344,29.92714500427246,43.15021896362305]","[89.89553833007812,54.225547790527344,29.92714500427246,43.15021896362305]"
2,26,pre_capture,"[""coverage"",""coverage"",""coverage"",""coverage""]","[1.0,0.0,0.0,0.9913333058357239,0.0,0.0,0.0,0.0,1.0,1.0,0.0,0.0,0.0,0.0,0.0,0.0,0.0,0.0,0.0,0.0,0.0,0.0,0.0,0.0,0.0,0.0,1.0,0.0,0.0,0.0,0.0,0.0,0.0,0.0,0.0,0.0,0.0,0.0,0.0,0.0,0.0,0.0,0.0,0.0,0.0,0.0,0.0,0.0,0.0,0.0]","[8,6,3,8]","[-0.4920191764831543,-0.6116990447044373,-0.03283821791410446,-0.17920319736003876]",False,"[false,false,false,false]","[false,false,false,false]",pre_capture,"[1.0,0.0,0.0,0.9909999966621399,0.0,0.0,0.0,0.0,1.0,1.0,0.0,0.0,0.0,0.0,0.0,0.0,0.0,0.0,0.0,0.0,0.0,0.0,0.0,0.0,0.0,0.0,1.0,0.0,0.0,0.0,0.0,0.0,0.0,0.0,0.0,0.0,0.0,0.0,0.0,0.0,0.0,0.0,0.0,0.0,0.0,0.0,0.0,0.0,0.0,0.0]","[53.605255126953125,51.00033950805664,37.61912536621094,31.063798904418945]","[52.1942138671875,50.3114013671875,36.240943908691406,30.55145263671875]","[155.22012388722763,135.6617514303743,0.7309791770293619,94.94120773238514]","[93.3092269897461,55.666534423828125,29.881351470947266,44.42906188964844]","[93.3092269897461,55.666534423828125,29.881351470947266,44.42906188964844]"
2,27,pre_capture,"[""coverage"",""coverage"",""coverage"",""coverage""]","[1.0,0.0,0.0,0.9909999966621399,0.0,0.0,0.0,0.0,1.0,1.0,0.0,0.0,0.0,0.0,0.0,0.0,0.0,0.0,0.0,0.0,0.0,0.0,0.0,0.0,0.0,0.0,1.0,0.0,0.0,0.0,0.0,0.0,0.0,0.0,0.0,0.0,0.0,0.0,0.0,0.0,0.0,0.0,0.0,0.0,0.0,0.0,0.0,0.0,0.0,0.0]","[8,8,6,8]","[-0.4680144786834717,-0.5337000489234924,-0.0341191366314888,-0.17830662429332733]",False,"[false,false,false,false]","[false,false,false,false]",pre_capture,"[1.0,0.0,0.0,0.9906666874885559,0.0,0.0,0.0,0.0,1.0,1.0,0.0,0.0,0.0,0.0,0.0,0.0,0.0,0.0,0.0,0.0,0.0,0.0,0.0,0.0,0.0,0.0,1.0,0.0,0.0,0.0,0.0,0.0,0.0,0.0,0.0,0.0,0.0,0.0,0.0,0.0,0.0,0.0,0.0,0.0,0.0,0.0,0.0,0.0,0.0,0.0]","[52.1942138671875,50.3114013671875,36.240943908691406,30.55145263671875]","[52.649993896484375,50.213199615478516,35.83549499511719,30.562023162841797]","[157.28499299364725,137.649949974827,0.7715327221651175,96.08122316135876]","[96.98844909667969,57.1906623840332,29.89926528930664,45.8223991394043]","[96.98844909667969,57.1906623840332,29.89926528930664,45.8223991394043]"
2,28,pre_capture,"[""coverage"",""coverage"",""coverage"",""coverage""]","[1.0,0.0,0.0,0.9906666874885559,0.0,0.0,0.0,0.0,1.0,1.0,0.0,0.0,0.0,0.0,0.0,0.0,0.0,0.0,0.0,0.0,0.0,0.0,0.0,0.0,0.0,0.0,1.0,0.0,0.0,0.0,0.0,0.0,0.0,0.0,0.0,0.0,0.0,0.0,0.0,0.0,0.0,0.0,0.0,0.0,0.0,0.0,0.0,0.0,0.0,0.0]","[6,6,6,8]","[-0.4351506531238556,-0.490176796913147,-0.03015291690826416,-0.16677920520305634]",False,"[false,false,false,false]","[false,false,false,false]",pre_capture,"[1.0,0.0,0.0,0.9903333187103271,0.0,0.0,0.0,0.0,1.0,1.0,0.0,0.0,0.0,0.0,0.0,0.0,0.0,0.0,0.0,0.0,0.0,0.0,0.0,0.0,0.0,0.0,1.0,0.0,0.0,0.0,0.0,0.0,0.0,0.0,0.0,0.0,0.0,0.0,0.0,0.0,0.0,0.0,0.0,0.0,0.0,0.0,0.0,0.0,0.0,0.0]","[52.649993896484375,50.213199615478516,35.83549499511719,30.562023162841797]","[51.30064392089844,49.58827590942383,34.595794677734375,30.842674255371094]","[159.34647219427345,139.57944446843484,0.8137897563602083,97.23184826833544]","[100.85091400146484,58.73344802856445,29.941020965576172,47.30237579345703]","[100.85091400146484,58.73344802856445,29.941020965576172,47.30237579345703]"
2,29,pre_capture,"[""coverage"",""coverage"",""coverage"",""coverage""]","[1.0,0.0,0.0,0.9903333187103271,0.0,0.0,0.0,0.0,1.0,1.0,0.0,0.0,0.0,0.0,0.0,0.0,0.0,0.0,0.0,0.0,0.0,0.0,0.0,0.0,0.0,0.0,1.0,0.0,0.0,0.0,0.0,0.0,0.0,0.0,0.0,0.0,0.0,0.0,0.0,0.0,0.0,0.0,0.0,0.0,0.0,0.0,0.0,0.0,0.0,0.0]","[8,8,6,6]","[-0.40648216009140015,-0.4338516891002655,-0.027030520141124725,-0.15924935042858124]",False,"[false,false,false,false]","[false,false,false,false]",pre_capture,"[1.0,0.0,0.0,0.9900000095367432,0.0,0.0,0.0,0.0,1.0,1.0,0.0,0.0,0.0,0.0,0.0,0.0,0.0,0.0,0.0,0.0,0.0,0.0,0.0,0.0,0.0,0.0,1.0,0.0,0.0,0.0,0.0,0.0,0.0,0.0,0.0,0.0,0.0,0.0,0.0,0.0,0.0,0.0,0.0,0.0,0.0,0.0,0.0,0.0,0.0,0.0]","[51.30064392089844,49.58827590942383,34.595794677734375,30.842674255371094]","[52.88530349731445,50.75602340698242,35.829410552978516,32.22388458251953]","[161.39557863373466,141.48446592459393,0.8524673467358308,98.38245199347323]","[104.99381256103516,60.36045455932617,30.046443939208984,48.84895324707031]","[104.99381256103516,60.36045455932617,30.046443939208984,48.84895324707031]"
2,30,pre_capture,"[""coverage"",""coverage"",""coverage"",""coverage""]","[1.0,0.0,0.0,0.9900000095367432,0.0,0.0,0.0,0.0,1.0,1.0,0.0,0.0,0.0,0.0,0.0,0.0,0.0,0.0,0.0,0.0,0.0,0.0,0.0,0.0,0.0,0.0,1.0,0.0,0.0,0.0,0.0,0.0,0.0,0.0,0.0,0.0,0.0,0.0,0.0,0.0,0.0,0.0,0.0,0.0,0.0,0.0,0.0,0.0,0.0,0.0]","[8,8,8,8]","[-0.37499526143074036,-0.3932979702949524,-0.023439865559339523,-0.15472975373268127]",False,"[false,false,false,false]","[false,false,false,false]",pre_capture,"[1.0,0.0,0.0,0.9896666407585144,0.0,0.0,0.0,0.0,1.0,1.0,0.0,0.0,0.0,0.0,0.0,0.0,0.0,0.0,0.0,0.0,0.0,0.0,0.0,0.0,0.0,0.0,1.0,0.0,0.0,0.0,0.0,0.0,0.0,0.0,0.0,0.0,0.0,0.0,0.0,0.0,0.0,0.0,0.0,0.0,0.0,0.0,0.0,0.0,0.0,0.0]","[52.88530349731445,50.75602340698242,35.829410552978516,32.22388458251953]","[54.16584777832031,52.225608825683594,38.25082015991211,34.22081756591797]","[163.43642504426876,143.35183597342848,0.8883816837140965,99.53707206454727]","[109.28492736816406,61.96904373168945,30.090293884277344,50.41267395019531]","[109.28492736816406,61.96904373168945,30.090293884277344,50.41267395019531]"
2,31,pre_capture,"[""coverage"",""coverage"",""coverage"",""coverage""]","[1.0,0.0,0.0,0.9896666407585144,0.0,0.0,0.0,0.0,1.0,1.0,0.0,0.0,0.0,0.0,0.0,0.0,0.0,0.0,0.0,0.0,0.0,0.0,0.0,0.0,0.0,0.0,1.0,0.0,0.0,0.0,0.0,0.0,0.0,0.0,0.0,0.0,0.0,0.0,0.0,0.0,0.0,0.0,0.0,0.0,0.0,0.0,0.0,0.0,0.0,0.0]","[3,6,6,8]","[-0.34328263998031616,-0.33396631479263306,-0.029645321890711784,-0.1443539559841156]",False,"[false,false,false,false]","[false,false,false,false]",pre_capture,"[1.0,0.0,0.0,0.9893333315849304,0.0,0.0,0.0,0.0,1.0,1.0,1.0,0.0,0.0,0.0,1.0,0.0,0.0,0.0,0.0,0.0,0.0,0.0,0.0,0.0,0.0,0.0,1.0,0.0,0.0,0.0,0.0,0.0,0.0,0.0,0.0,0.0,0.0,0.0,0.0,0.0,0.0,0.0,0.0,0.0,0.0,0.0,0.0,0.0,0.0,0.0]","[54.16584777832031,52.225608825683594,38.25082015991211,34.22081756591797]","[95.73302459716797,51.746578216552734,39.05363464355469,35.68352508544922]","[165.4660811168682,145.19710499366002,0.9210318679529658,100.6987897154343]","[113.74663543701172,63.558929443359375,30.005653381347656,51.965415954589844]","[113.74663543701172,63.558929443359375,30.005653381347656,51.965415954589844]"
2,32,pre_capture,"[""capture"",""support"",""coverage"",""support""]","[1.0,0.0,0.0,0.9893333315849304,0.0,0.0,0.0,0.0,1.0,1.0,1.0,0.0,0.0,0.0,1.0,0.0,0.0,0.0,0.0,0.0,0.0,0.0,0.0,0.0,0.0,0.0,1.0,0.0,0.0,0.0,0.0,0.0,0.0,0.0,0.0,0.0,0.0,0.0,0.0,0.0,0.0,0.0,0.0,0.0,0.0,0.0,0.0,0.0,0.0,0.0]","[6,6,3,8]","[2.092792272567749,-0.0839824378490448,-0.0310417078435421,0.0024534466210752726]",False,"[false,false,false,false]","[false,false,false,false]",pre_capture,"[1.0,0.0,0.0,0.9890000224113464,0.0,0.0,0.0,0.0,1.0,1.0,1.0,0.0,0.0,0.0,1.0,0.0,0.0,0.0,0.0,0.0,0.0,0.0,0.0,0.0,0.0,0.0,1.0,0.0,0.0,0.0,0.0,0.0,0.0,0.0,0.0,0.0,0.0,0.0,0.0,0.0,0.0,0.0,0.0,0.0,0.0,0.0,0.0,0.0,0.0,0.0]","[95.73302459716797,51.746578216552734,39.05363464355469,35.68352508544922]","[94.32610321044922,51.77665328979492,37.305686950683594,37.703460693359375]","[167.4842058149985,147.00108212975016,0.9602799897410884,101.86176128426102]","[116.26914978027344,65.2115249633789,29.8800048828125,53.52837371826172]","[116.26914978027344,65.2115249633789,29.8800048828125,53.52837371826172]"
2,33,pre_capture,"[""capture"",""support"",""coverage"",""support""]","[1.0,0.0,0.0,0.9890000224113464,0.0,0.0,0.0,0.0,1.0,1.0,1.0,0.0,0.0,0.0,1.0,0.0,0.0,0.0,0.0,0.0,0.0,0.0,0.0,0.0,0.0,0.0,1.0,0.0,0.0,0.0,0.0,0.0,0.0,0.0,0.0,0.0,0.0,0.0,0.0,0.0,0.0,0.0,0.0,0.0,0.0,0.0,0.0,0.0,0.0,0.0]","[6,6,6,8]","[2.3388986587524414,0.05579114332795143,-0.007783984765410423,0.10165541619062424]",False,"[false,false,false,false]","[false,false,false,false]",pre_capture,"[1.0,0.0,0.0,0.9886666536331177,0.0,0.0,0.0,0.0,1.0,1.0,1.0,0.0,0.0,0.0,1.0,0.0,0.0,0.0,0.0,0.0,0.0,0.0,0.0,0.0,0.0,0.0,1.0,0.0,0.0,0.0,0.0,0.0,0.0,0.0,0.0,0.0,0.0,0.0,0.0,0.0,0.0,0.0,0.0,0.0,0.0,0.0,0.0,0.0,0.0,0.0]","[94.32610321044922,51.77665328979492,37.305686950683594,37.703460693359375]","[93.10198974609375,51.628108978271484,37.81578826904297,39.348350524902344]","[167.06203388124317,148.57077229050424,1.0013350480652834,102.88818973498985]","[116.43510437011719,66.70127868652344,29.839889526367188,54.92780303955078]","[116.43510437011719,66.70127868652344,29.839889526367188,54.92780303955078]"
2,34,pre_capture,"[""capture"",""support"",""coverage"",""support""]","[1.0,0.0,0.0,0.9886666536331177,0.0,0.0,0.0,0.0,1.0,1.0,1.0,0.0,0.0,0.0,1.0,0.0,0.0,0.0,0.0,0.0,0.0,0.0,0.0,0.0,0.0,0.0,1.0,0.0,0.0,0.0,0.0,0.0,0.0,0.0,0.0,0.0,0.0,0.0,0.0,0.0,0.0,0.0,0.0,0.0,0.0,0.0,0.0,0.0,0.0,0.0]","[6,6,3,8]","[2.5008738040924072,0.21212631464004517,-0.015543362125754356,0.21054920554161072]",False,"[false,false,false,false]","[false,false,false,false]",pre_capture,"[1.0,0.0,0.0,0.9883333444595337,0.0,0.0,0.0,0.0,1.0,1.0,1.0,0.0,0.0,0.0,1.0,0.0,0.0,0.0,0.0,0.0,0.0,0.0,0.0,0.0,0.0,0.0,1.0,0.0,0.0,0.0,0.0,0.0,0.0,0.0,0.0,0.0,0.0,0.0,0.0,0.0,0.0,0.0,0.0,0.0,0.0,0.0,0.0,0.0,0.0,0.0]","[93.10198974609375,51.628108978271484,37.81578826904297,39.348350524902344]","[92.5404052734375,52.408660888671875,36.16454315185547,41.367401123046875]","[166.38700527524315,150.01513247189524,1.0193121543744381,103.82478214020124]","[116.41431427001953,68.14450073242188,29.74566078186035,56.22371292114258]","[116.41431427001953,68.14450073242188,29.74566078186035,56.22371292114258]"
2,35,pre_capture,"[""capture"",""support"",""coverage"",""support""]","[1.0,0.0,0.0,0.9883333444595337,0.0,0.0,0.0,0.0,1.0,1.0,1.0,0.0,0.0,0.0,1.0,0.0,0.0,0.0,0.0,0.0,0.0,0.0,0.0,0.0,0.0,0.0,1.0,0.0,0.0,0.0,0.0,0.0,0.0,0.0,0.0,0.0,0.0,0.0,0.0,0.0,0.0,0.0,0.0,0.0,0.0,0.0,0.0,0.0,0.0,0.0]","[7,6,6,8]","[2.562530994415283,0.28383830189704895,-0.011925472877919674,0.2825639545917511]",False,"[false,false,false,false]","[false,false,false,false]",pre_capture,"[1.0,0.0,0.0,0.9879999756813049,0.0,0.0,0.0,0.0,1.0,1.0,1.0,0.0,0.0,0.0,1.0,0.0,0.0,0.0,0.0,0.0,0.0,0.0,0.0,0.0,0.0,0.0,1.0,0.0,0.0,0.0,0.0,0.0,0.0,0.0,0.0,0.0,0.0,0.0,0.0,0.0,0.0,0.0,0.0,0.0,0.0,0.0,0.0,0.0,0.0,0.0]","[92.5404052734375,52.408660888671875,36.16454315185547,41.367401123046875]","[93.78821563720703,55.886680603027344,38.86553192138672,45.36308288574219]","[165.54154694055632,151.3161678356113,1.045308602525447,104.66084134814103]","[116.24952697753906,69.47171020507812,29.74062728881836,57.37956237792969]","[116.24952697753906,69.47171020507812,29.74062728881836,57.37956237792969]"
2,36,pre_capture,"[""capture"",""support"",""coverage"",""support""]","[1.0,0.0,0.0,0.9879999756813049,0.0,0.0,0.0,0.0,1.0,1.0,1.0,0.0,0.0,0.0,1.0,0.0,0.0,0.0,0.0,0.0,0.0,0.0,0.0,0.0,0.0,0.0,1.0,0.0,0.0,0.0,0.0,0.0,0.0,0.0,0.0,0.0,0.0,0.0,0.0,0.0,0.0,0.0,0.0,0.0,0.0,0.0,0.0,0.0,0.0,0.0]","[7,7,3,8]","[2.5836644172668457,0.32016393542289734,-0.008463619276881218,0.29933828115463257]",False,"[false,false,false,false]","[false,false,false,false]",pre_capture,"[1.0,0.0,0.0,0.987666666507721,0.0,0.0,0.0,0.0,1.0,1.0,1.0,0.0,0.0,0.0,1.0,0.0,0.0,0.0,0.0,0.0,0.0,0.0,0.0,0.0,0.0,0.0,1.0,0.0,0.0,0.0,0.0,0.0,0.0,0.0,0.0,0.0,0.0,0.0,0.0,0.0,0.0,0.0,0.0,0.0,0.0,0.0,0.0,0.0,0.0,0.0]","[93.78821563720703,55.886680603027344,38.86553192138672,45.36308288574219]","[96.24823760986328,58.4644889831543,39.17961120605469,49.864418029785156]","[164.6252686324657,152.5579086199134,1.067913207478148,105.43260342782756]","[115.9430923461914,70.62358093261719,29.589271545410156,58.32166290283203]","[115.9430923461914,70.62358093261719,29.589271545410156,58.32166290283203]"
2,37,pre_capture,"[""capture"",""support"",""coverage"",""support""]","[1.0,0.0,0.0,0.987666666507721,0.0,0.0,0.0,0.0,1.0,1.0,1.0,0.0,0.0,0.0,1.0,0.0,0.0,0.0,0.0,0.0,0.0,0.0,0.0,0.0,0.0,0.0,1.0,0.0,0.0,0.0,0.0,0.0,0.0,0.0,0.0,0.0,0.0,0.0,0.0,0.0,0.0,0.0,0.0,0.0,0.0,0.0,0.0,0.0,0.0,0.0]","[7,7,6,7]","[2.610917568206787,0.3000211715698242,-0.004968256689608097,0.27706459164619446]",False,"[false,false,false,false]","[false,false,false,false]",pre_capture,"[1.0,0.0,0.0,0.987333357334137,0.0,0.0,0.0,0.0,1.0,1.0,1.0,0.0,0.0,0.0,1.0,0.0,0.0,0.0,0.0,0.0,0.0,0.0,0.0,0.0,0.0,0.0,1.0,0.0,0.0,0.0,0.0,0.0,0.0,0.0,0.0,0.0,0.0,0.0,0.0,0.0,0.0,0.0,0.0,0.0,0.0,0.0,0.0,0.0,0.0,0.0]","[96.24823760986328,58.4644889831543,39.17961120605469,49.864418029785156]","[96.8589859008789,59.00371170043945,40.571712493896484,51.20746612548828]","[163.67838809616046,153.77549968130356,1.0872493199545752,106.19521731987165]","[115.46532440185547,71.67402648925781,29.408130645751953,59.0686149597168]","[115.46532440185547,71.67402648925781,29.408130645751953,59.0686149597168]"
2,38,pre_capture,"[""capture"",""support"",""coverage"",""support""]","[1.0,0.0,0.0,0.987333357334137,0.0,0.0,0.0,0.0,1.0,1.0,1.0,0.0,0.0,0.0,1.0,0.0,0.0,0.0,0.0,0.0,0.0,0.0,0.0,0.0,0.0,0.0,1.0,0.0,0.0,0.0,0.0,0.0,0.0,0.0,0.0,0.0,0.0,0.0,0.0,0.0,0.0,0.0,0.0,0.0,0.0,0.0,0.0,0.0,0.0,0.0]","[7,7,6,8]","[2.642057180404663,0.2938007712364197,-0.003708864562213421,0.24387982487678528]",False,"[false,false,false,false]","[false,false,false,false]",pre_capture,"[1.0,0.0,0.0,0.9869999885559082,0.0,0.0,0.0,0.0,1.0,1.0,1.0,0.0,0.0,0.0,1.0,0.0,0.0,0.0,0.0,0.0,0.0,0.0,0.0,0.0,0.0,0.0,1.0,0.0,0.0,0.0,0.0,0.0,0.0,0.0,0.0,0.0,0.0,0.0,0.0,0.0,0.0,0.0,0.0,0.0,0.0,0.0,0.0,0.0,0.0,0.0]","[96.8589859008789,59.00371170043945,40.571712493896484,51.20746612548828]","[98.02737426757812,59.29233932495117,42.21150207519531,53.01554489135742]","[162.69441467470068,155.0257358684179,1.103250077418367,106.98803305881358]","[114.89620971679688,72.78396606445312,29.138540267944336,59.815818786621094]","[114.89620971679688,72.78396606445312,29.138540267944336,59.815818786621094]"
2,39,pre_capture,"[""capture"",""support"",""coverage"",""support""]","[1.0,0.0,0.0,0.9869999885559082,0.0,0.0,0.0,0.0,1.0,1.0,1.0,0.0,0.0,0.0,1.0,0.0,0.0,0.0,0.0,0.0,0.0,0.0,0.0,0.0,0.0,0.0,1.0,0.0,0.0,0.0,0.0,0.0,0.0,0.0,0.0,0.0,0.0,0.0,0.0,0.0,0.0,0.0,0.0,0.0,0.0,0.0,0.0,0.0,0.0,0.0]","[7,7,6,7]","[2.6669931411743164,0.3492725193500519,-0.002960984129458666,0.2309473305940628]",False,"[false,false,false,false]","[false,false,false,false]",pre_capture,"[1.0,0.0,0.0,0.9866666793823242,0.0,0.0,0.0,0.0,1.0,1.0,1.0,0.0,0.0,0.0,1.0,0.0,0.0,0.0,0.0,0.0,0.0,0.0,0.0,0.0,0.0,0.0,1.0,0.0,0.0,0.0,0.0,0.0,0.0,0.0,0.0,0.0,0.0,0.0,0.0,0.0,0.0,0.0,0.0,0.0,0.0,0.0,0.0,0.0,0.0,0.0]","[98.02737426757812,59.29233932495117,42.21150207519531,53.01554489135742]","[97.63597106933594,58.18599319458008,42.36614990234375,52.57695007324219]","[161.66904797403637,156.29488393654697,1.1181403454349297,107.82237700397657]","[114.19648742675781,73.95555114746094,28.764251708984375,60.5504150390625]","[114.19648742675781,73.95555114746094,28.764251708984375,60.5504150390625]"
2,40,pre_capture,"[""capture"",""support"",""coverage"",""support""]","[1.0,0.0,0.0,0.9866666793823242,0.0,0.0,0.0,0.0,1.0,1.0,1.0,0.0,0.0,0.0,1.0,0.0,0.0,0.0,0.0,0.0,0.0,0.0,0.0,0.0,0.0,0.0,1.0,0.0,0.0,0.0,0.0,0.0,0.0,0.0,0.0,0.0,0.0,0.0,0.0,0.0,0.0,0.0,0.0,0.0,0.0,0.0,0.0,0.0,0.0,0.0]","[7,6,6,6]","[2.671189069747925,0.40154507756233215,-0.003861364210024476,0.19226282835006714]",False,"[false,false,false,false]","[false,false,false,false]",pre_capture,"[1.0,0.0,0.0,0.9863333106040955,0.0,0.0,0.0,0.0,1.0,1.0,1.0,0.0,0.0,0.0,1.0,0.0,0.0,0.0,0.0,0.0,0.0,0.0,0.0,0.0,0.0,0.0,1.0,0.0,0.0,0.0,0.0,0.0,0.0,0.0,0.0,0.0,0.0,0.0,0.0,0.0,0.0,0.0,0.0,0.0,0.0,0.0,0.0,0.0,0.0,0.0]","[97.63597106933594,58.18599319458008,42.36614990234375,52.57695007324219]","[95.35594177246094,56.78260803222656,41.00672149658203,49.557796478271484]","[160.60813619481016,157.52081961333022,1.132425585418574,108.67821179129547]","[113.44657897949219,75.20050048828125,28.357349395751953,61.368324279785156]","[113.44657897949219,75.20050048828125,28.357349395751953,61.368324279785156]"
2,41,pre_capture,"[""capture"",""support"",""coverage"",""support""]","[1.0,0.0,0.0,0.9863333106040955,0.0,0.0,0.0,0.0,1.0,1.0,1.0,0.0,0.0,0.0,1.0,0.0,0.0,0.0,0.0,0.0,0.0,0.0,0.0,0.0,0.0,0.0,1.0,0.0,0.0,0.0,0.0,0.0,0.0,0.0,0.0,0.0,0.0,0.0,0.0,0.0,0.0,0.0,0.0,0.0,0.0,0.0,0.0,0.0,0.0,0.0]","[6,8,6,8]","[2.5345277786254883,0.45748603343963623,-0.006053561810404062,0.17106933891773224]",False,"[false,false,false,false]","[false,false,false,false]",pre_capture,"[1.0,0.0,0.0,0.9860000014305115,0.0,0.0,0.0,0.0,1.0,1.0,1.0,0.0,0.0,0.0,1.0,0.0,0.0,0.0,0.0,0.0,0.0,0.0,0.0,0.0,0.0,0.0,1.0,0.0,0.0,0.0,0.0,0.0,0.0,0.0,0.0,0.0,0.0,0.0,0.0,0.0,0.0,0.0,0.0,0.0,0.0,0.0,0.0,0.0,0.0,0.0]","[95.35594177246094,56.78260803222656,41.00672149658203,49.557796478271484]","[95.96915435791016,53.839603424072266,40.87217712402344,49.531795501708984]","[159.5322698232952,158.70633791491707,1.1477645955844429,109.58176662923778]","[112.76477813720703,76.54248809814453,27.997211456298828,62.438011169433594]","[112.76477813720703,76.54248809814453,27.997211456298828,62.438011169433594]"
2,42,pre_capture,"[""capture"",""support"",""coverage"",""support""]","[1.0,0.0,0.0,0.9860000014305115,0.0,0.0,0.0,0.0,1.0,1.0,1.0,0.0,0.0,0.0,1.0,0.0,0.0,0.0,0.0,0.0,0.0,0.0,0.0,0.0,0.0,0.0,1.0,0.0,0.0,0.0,0.0,0.0,0.0,0.0,0.0,0.0,0.0,0.0,0.0,0.0,0.0,0.0,0.0,0.0,0.0,0.0,0.0,0.0,0.0,0.0]","[7,6,6,6]","[2.1767995357513428,0.5185250639915466,-0.01183364074677229,0.1960028111934662]",False,"[false,false,false,false]","[false,false,false,false]",pre_capture,"[1.0,0.0,0.0,0.9856666922569275,0.0,0.0,0.0,0.0,1.0,1.0,1.0,0.0,0.0,0.0,1.0,0.0,0.0,0.0,0.0,0.0,0.0,0.0,0.0,0.0,0.0,0.0,1.0,0.0,0.0,0.0,0.0,0.0,0.0,0.0,0.0,0.0,0.0,0.0,0.0,0.0,0.0,0.0,0.0,0.0,0.0,0.0,0.0,0.0,0.0,0.0]","[95.96915435791016,53.839603424072266,40.87217712402344,49.531795501708984]","[93.11581420898438,52.711265563964844,39.50362777709961,46.35283660888672]","[158.5835778228987,159.84732513280548,1.165472886257421,110.51585584880813]","[112.15287780761719,78.0647964477539,27.623703002929688,63.59927749633789]","[112.15287780761719,78.0647964477539,27.623703002929688,63.59927749633789]"
2,43,pre_capture,"[""capture"",""support"",""coverage"",""support""]","[1.0,0.0,0.0,0.9856666922569275,0.0,0.0,0.0,0.0,1.0,1.0,1.0,0.0,0.0,0.0,1.0,0.0,0.0,0.0,0.0,0.0,0.0,0.0,0.0,0.0,0.0,0.0,1.0,0.0,0.0,0.0,0.0,0.0,0.0,0.0,0.0,0.0,0.0,0.0,0.0,0.0,0.0,0.0,0.0,0.0,0.0,0.0,0.0,0.0,0.0,0.0]","[8,7,6,7]","[2.096876859664917,0.5967397689819336,-0.0167723149061203,0.2075127214193344]",False,"[false,false,false,false]","[false,false,false,false]",pre_capture,"[1.0,0.0,0.0,0.9853333234786987,0.0,0.0,0.0,0.0,1.0,1.0,1.0,0.0,0.0,0.0,1.0,0.0,0.0,0.0,0.0,0.0,0.0,0.0,0.0,0.0,0.0,0.0,1.0,0.0,0.0,0.0,0.0,0.0,0.0,0.0,0.0,0.0,0.0,0.0,0.0,0.0,0.0,0.0,0.0,0.0,0.0,0.0,0.0,0.0,0.0,0.0]","[93.11581420898438,52.711265563964844,39.50362777709961,46.35283660888672]","[92.83528137207031,52.88801193237305,40.5717658996582,46.94710922241211]","[157.98664473449227,160.93818188769083,1.1891985121254478,111.43419498748956]","[112.03279876708984,79.67790222167969,27.304737091064453,64.97480773925781]","[112.03279876708984,79.67790222167969,27.304737091064453,64.97480773925781]"
2,44,pre_capture,"[""capture"",""support"",""coverage"",""support""]","[1.0,0.0,0.0,0.9853333234786987,0.0,0.0,0.0,0.0,1.0,1.0,1.0,0.0,0.0,0.0,1.0,0.0,0.0,0.0,0.0,0.0,0.0,0.0,0.0,0.0,0.0,0.0,1.0,0.0,0.0,0.0,0.0,0.0,0.0,0.0,0.0,0.0,0.0,0.0,0.0,0.0,0.0,0.0,0.0,0.0,0.0,0.0,0.0,0.0,0.0,0.0]","[7,7,6,7]","[2.15852689743042,0.6223828196525574,-0.023630643263459206,0.21402797102928162]",False,"[false,false,false,false]","[false,false,false,false]",pre_capture,"[1.0,0.0,0.0,0.9850000143051147,0.0,0.0,0.0,0.0,1.0,1.0,1.0,0.0,0.0,0.0,1.0,0.0,0.0,0.0,0.0,0.0,0.0,0.0,0.0,0.0,0.0,0.0,1.0,0.0,0.0,0.0,0.0,0.0,0.0,0.0,0.0,0.0,0.0,0.0,0.0,0.0,0.0,0.0,0.0,0.0,0.0,0.0,0.0,0.0,0.0,0.0]","[92.83528137207031,52.88801193237305,40.5717658996582,46.94710922241211]","[92.6670150756836,52.61357498168945,40.813961029052734,46.89844512939453]","[157.4644119947751,161.9610526451605,1.2181523505369374,112.35018410714164]","[112.00486755371094,81.30059051513672,26.914627075195312,66.39385223388672]","[112.00486755371094,81.30059051513672,26.914627075195312,66.39385223388672]"
2,45,pre_capture,"[""capture"",""support"",""coverage"",""support""]","[1.0,0.0,0.0,0.9850000143051147,0.0,0.0,0.0,0.0,1.0,1.0,1.0,0.0,0.0,0.0,1.0,0.0,0.0,0.0,0.0,0.0,0.0,0.0,0.0,0.0,0.0,0.0,1.0,0.0,0.0,0.0,0.0,0.0,0.0,0.0,0.0,0.0,0.0,0.0,0.0,0.0,0.0,0.0,0.0,0.0,0.0,0.0,0.0,0.0,0.0,0.0]","[7,8,6,7]","[1.948146939277649,0.6400703191757202,-0.031525466591119766,0.21956297755241394]",False,"[false,false,false,false]","[false,false,false,false]",pre_capture,"[1.0,0.0,0.0,0.984666645526886,0.0,0.0,0.0,0.0,1.0,1.0,1.0,0.0,0.0,0.0,1.0,0.0,0.0,0.0,0.0,0.0,0.0,0.0,0.0,0.0,0.0,0.0,1.0,0.0,0.0,0.0,0.0,0.0,0.0,0.0,0.0,0.0,0.0,0.0,0.0,0.0,0.0,0.0,0.0,0.0,0.0,0.0,0.0,0.0,0.0,0.0]","[92.6670150756836,52.61357498168945,40.813961029052734,46.89844512939453]","[93.16130828857422,50.773563385009766,41.55836868286133,47.59060287475586]","[156.8746314114593,162.96835335909893,1.254326256364037,113.26884458193167]","[111.91846466064453,83.01310729980469,26.494384765625,67.89830017089844]","[111.91846466064453,83.01310729980469,26.494384765625,67.89830017089844]"
2,46,pre_capture,"[""capture"",""support"",""coverage"",""support""]","[1.0,0.0,0.0,0.984666645526886,0.0,0.0,0.0,0.0,1.0,1.0,1.0,0.0,0.0,0.0,1.0,0.0,0.0,0.0,0.0,0.0,0.0,0.0,0.0,0.0,0.0,0.0,1.0,0.0,0.0,0.0,0.0,0.0,0.0,0.0,0.0,0.0,0.0,0.0,0.0,0.0,0.0,0.0,0.0,0.0,0.0,0.0,0.0,0.0,0.0,0.0]","[7,7,6,7]","[1.6836698055267334,0.6440497040748596,-0.03635556995868683,0.24886783957481384]",False,"[false,false,false,false]","[false,false,false,false]",pre_capture,"[1.0,0.0,0.0,0.984333336353302,0.0,0.0,0.0,0.0,1.0,1.0,1.0,0.0,0.0,0.0,1.0,0.0,0.0,0.0,0.0,0.0,0.0,0.0,0.0,0.0,0.0,0.0,1.0,0.0,0.0,0.0,0.0,0.0,0.0,0.0,0.0,0.0,0.0,0.0,0.0,0.0,0.0,0.0,0.0,0.0,0.0,0.0,0.0,0.0,0.0,0.0]","[93.16130828857422,50.773563385009766,41.55836868286133,47.59060287475586]","[92.92769622802734,51.298343658447266,41.88372039794922,47.8895263671875]","[156.49139845674912,163.9679626665891,1.298840124197128,114.19119353977703]","[112.0242691040039,84.91201782226562,26.016769409179688,69.45561218261719]","[112.0242691040039,84.91201782226562,26.016769409179688,69.45561218261719]"
2,47,pre_capture,"[""capture"",""support"",""coverage"",""support""]","[1.0,0.0,0.0,0.984333336353302,0.0,0.0,0.0,0.0,1.0,1.0,1.0,0.0,0.0,0.0,1.0,0.0,0.0,0.0,0.0,0.0,0.0,0.0,0.0,0.0,0.0,0.0,1.0,0.0,0.0,0.0,0.0,0.0,0.0,0.0,0.0,0.0,0.0,0.0,0.0,0.0,0.0,0.0,0.0,0.0,0.0,0.0,0.0,0.0,0.0,0.0]","[8,7,3,7]","[1.6457431316375732,0.6767135262489319,-0.04703867807984352,0.2600470781326294]",False,"[false,false,false,false]","[false,false,false,false]",pre_capture,"[1.0,0.0,0.0,0.984000027179718,0.0,0.0,0.0,0.0,1.0,1.0,1.0,0.0,0.0,0.0,1.0,0.0,0.0,0.0,0.0,0.0,0.0,0.0,0.0,0.0,0.0,0.0,1.0,0.0,0.0,0.0,0.0,0.0,0.0,0.0,0.0,0.0,0.0,0.0,0.0,0.0,0.0,0.0,0.0,0.0,0.0,0.0,0.0,0.0,0.0,0.0]","[92.92769622802734,51.298343658447266,41.88372039794922,47.8895263671875]","[92.5329818725586,51.66424560546875,39.667564392089844,48.437007904052734]","[156.37144308204282,164.9736494570851,1.3486825193493077,115.09325828303254]","[112.43028259277344,86.89920043945312,25.4969482421875,71.06454467773438]","[112.43028259277344,86.89920043945312,25.4969482421875,71.06454467773438]"
2,48,pre_capture,"[""capture"",""support"",""coverage"",""support""]","[1.0,0.0,0.0,0.984000027179718,0.0,0.0,0.0,0.0,1.0,1.0,1.0,0.0,0.0,0.0,1.0,0.0,0.0,0.0,0.0,0.0,0.0,0.0,0.0,0.0,0.0,0.0,1.0,0.0,0.0,0.0,0.0,0.0,0.0,0.0,0.0,0.0,0.0,0.0,0.0,0.0,0.0,0.0,0.0,0.0,0.0,0.0,0.0,0.0,0.0,0.0]","[7,7,6,8]","[1.6713122129440308,0.7061828970909119,-0.04546055942773819,0.2933836877346039]",False,"[false,false,false,false]","[false,false,false,false]",pre_capture,"[1.0,0.0,0.0,0.9836666584014893,0.0,0.0,0.0,0.0,1.0,1.0,1.0,0.0,0.0,0.0,1.0,0.0,0.0,0.0,0.0,0.0,0.0,0.0,0.0,0.0,0.0,0.0,1.0,0.0,0.0,0.0,0.0,0.0,0.0,0.0,0.0,0.0,0.0,0.0,0.0,0.0,0.0,0.0,0.0,0.0,0.0,0.0,0.0,0.0,0.0,0.0]","[92.5329818725586,51.66424560546875,39.667564392089844,48.437007904052734]","[93.4739990234375,52.53610610961914,40.241668701171875,50.231231689453125]","[156.28858580849015,165.95650094023856,1.409819391342577,115.99314263121204]","[112.92308044433594,88.95811462402344,25.072242736816406,72.73457336425781]","[112.92308044433594,88.95811462402344,25.072242736816406,72.73457336425781]"
2,49,pre_capture,"[""capture"",""support"",""coverage"",""support""]","[1.0,0.0,0.0,0.9836666584014893,0.0,0.0,0.0,0.0,1.0,1.0,1.0,0.0,0.0,0.0,1.0,0.0,0.0,0.0,0.0,0.0,0.0,0.0,0.0,0.0,0.0,0.0,1.0,0.0,0.0,0.0,0.0,0.0,0.0,0.0,0.0,0.0,0.0,0.0,0.0,0.0,0.0,0.0,0.0,0.0,0.0,0.0,0.0,0.0,0.0,0.0]","[8,7,3,6]","[1.6246789693832397,0.7222974300384521,-0.049362894147634506,0.3274848163127899]",False,"[false,false,false,false]","[false,false,false,false]",pre_capture,"[1.0,0.0,0.0,0.9833333492279053,0.0,0.0,0.0,0.0,1.0,1.0,1.0,0.0,0.0,0.0,1.0,0.0,0.0,0.0,0.0,0.0,0.0,0.0,0.0,0.0,0.0,0.0,1.0,0.0,0.0,0.0,0.0,0.0,0.0,0.0,0.0,0.0,0.0,0.0,0.0,0.0,0.0,0.0,0.0,0.0,0.0,0.0,0.0,0.0,0.0,0.0]","[93.4739990234375,52.53610610961914,40.241668701171875,50.231231689453125]","[91.32665252685547,51.47706604003906,37.20879364013672,48.906402587890625]","[156.1790642379254,166.91951317489662,1.4699797482528436,116.86844337724993]","[113.3703384399414,91.07005310058594,24.58877182006836,74.38037872314453]","[113.3703384399414,91.07005310058594,24.58877182006836,74.38037872314453]"
2,50,pre_capture,"[""capture"",""support"",""coverage"",""support""]","[1.0,0.0,0.0,0.9833333492279053,0.0,0.0,0.0,0.0,1.0,1.0,1.0,0.0,0.0,0.0,1.0,0.0,0.0,0.0,0.0,0.0,0.0,0.0,0.0,0.0,0.0,0.0,1.0,0.0,0.0,0.0,0.0,0.0,0.0,0.0,0.0,0.0,0.0,0.0,0.0,0.0,0.0,0.0,0.0,0.0,0.0,0.0,0.0,0.0,0.0,0.0]","[8,7,3,8]","[1.9058243036270142,0.7456199526786804,-0.04802398756146431,0.33542466163635254]",False,"[false,false,false,false]","[false,false,false,false]",pre_capture,"[1.0,0.0,0.0,0.9829999804496765,0.0,0.0,0.0,0.0,1.0,1.0,1.0,0.0,0.0,0.0,1.0,0.0,0.0,0.0,0.0,0.0,0.0,0.0,0.0,0.0,0.0,0.0,1.0,0.0,0.0,0.0,0.0,0.0,0.0,0.0,0.0,0.0,0.0,0.0,0.0,0.0,0.0,0.0,0.0,0.0,0.0,0.0,0.0,0.0,0.0,0.0]","[91.32665252685547,51.47706604003906,37.20879364013672,48.906402587890625]","[91.75379943847656,52.169525146484375,35.29871368408203,50.29840850830078]","[156.1155406752951,167.87597549985674,1.5346895377782608,117.71813996054257]","[114.00849914550781,93.35421752929688,24.23849105834961,76.16377258300781]","[114.00849914550781,93.35421752929688,24.23849105834961,76.16377258300781]"
2,51,pre_capture,"[""capture"",""support"",""coverage"",""support""]","[1.0,0.0,0.0,0.9829999804496765,0.0,0.0,0.0,0.0,1.0,1.0,1.0,0.0,0.0,0.0,1.0,0.0,0.0,0.0,0.0,0.0,0.0,0.0,0.0,0.0,0.0,0.0,1.0,0.0,0.0,0.0,0.0,0.0,0.0,0.0,0.0,0.0,0.0,0.0,0.0,0.0,0.0,0.0,0.0,0.0,0.0,0.0,0.0,0.0,0.0,0.0]","[3,7,8,7]","[1.6177767515182495,0.7653639316558838,-0.04907245561480522,0.38207173347473145]",False,"[false,false,false,false]","[false,false,false,false]",pre_capture,"[1.0,0.0,0.0,0.9826666712760925,0.0,0.0,0.0,0.0,1.0,1.0,1.0,0.0,0.0,0.0,1.0,0.0,0.0,0.0,0.0,0.0,0.0,0.0,0.0,0.0,0.0,0.0,1.0,0.0,0.0,0.0,0.0,0.0,0.0,0.0,0.0,0.0,0.0,0.0,0.0,0.0,0.0,0.0,0.0,0.0,0.0,0.0,0.0,0.0,0.0,0.0]","[91.75379943847656,52.169525146484375,35.29871368408203,50.29840850830078]","[93.52029418945312,52.92551040649414,36.483726501464844,51.250282287597656]","[155.7673902744122,168.81854095674552,1.598700530646187,118.56839929182446]","[114.36560821533203,95.72164916992188,23.965152740478516,77.97827911376953]","[114.36560821533203,95.72164916992188,23.965152740478516,77.97827911376953]"
2,52,pre_capture,"[""capture"",""support"",""coverage"",""support""]","[1.0,0.0,0.0,0.9826666712760925,0.0,0.0,0.0,0.0,1.0,1.0,1.0,0.0,0.0,0.0,1.0,0.0,0.0,0.0,0.0,0.0,0.0,0.0,0.0,0.0,0.0,0.0,1.0,0.0,0.0,0.0,0.0,0.0,0.0,0.0,0.0,0.0,0.0,0.0,0.0,0.0,0.0,0.0,0.0,0.0,0.0,0.0,0.0,0.0,0.0,0.0]","[8,7,3,7]","[1.1768845319747925,0.7575985193252563,-0.05223808437585831,0.38868841528892517]",False,"[false,false,false,false]","[false,false,false,false]",pre_capture,"[1.0,0.0,0.0,0.9823333621025085,0.0,0.0,0.0,0.0,1.0,1.0,1.0,0.0,0.0,0.0,1.0,0.0,0.0,0.0,0.0,0.0,0.0,0.0,0.0,0.0,0.0,0.0,1.0,0.0,0.0,0.0,0.0,0.0,0.0,0.0,0.0,0.0,0.0,0.0,0.0,0.0,0.0,0.0,0.0,0.0,0.0,0.0,0.0,0.0,0.0,0.0]","[93.52029418945312,52.92551040649414,36.483726501464844,51.250282287597656]","[92.4770736694336,52.97038650512695,34.907737731933594,51.47554397583008]","[155.70668032615552,169.75068386372692,1.664417157839386,119.38012884681791]","[114.9586181640625,98.17805480957031,23.613269805908203,79.8078842163086]","[114.9586181640625,98.17805480957031,23.613269805908203,79.8078842163086]"
2,53,pre_capture,"[""capture"",""support"",""coverage"",""support""]","[1.0,0.0,0.0,0.9823333621025085,0.0,0.0,0.0,0.0,1.0,1.0,1.0,0.0,0.0,0.0,1.0,0.0,0.0,0.0,0.0,0.0,0.0,0.0,0.0,0.0,0.0,0.0,1.0,0.0,0.0,0.0,0.0,0.0,0.0,0.0,0.0,0.0,0.0,0.0,0.0,0.0,0.0,0.0,0.0,0.0,0.0,0.0,0.0,0.0,0.0,0.0]","[7,7,3,8]","[1.3414509296417236,0.7322160601615906,-0.04686504974961281,0.3940656781196594]",False,"[false,false,false,false]","[false,false,false,false]",pre_capture,"[1.0,0.0,0.0,0.9819999933242798,0.0,0.0,0.0,0.0,1.0,1.0,1.0,0.0,0.0,0.0,1.0,0.0,0.0,0.0,0.0,0.0,0.0,0.0,0.0,0.0,0.0,0.0,1.0,0.0,0.0,0.0,0.0,0.0,0.0,0.0,0.0,0.0,0.0,0.0,0.0,0.0,0.0,0.0,0.0,0.0,0.0,0.0,0.0,0.0,0.0,0.0]","[92.4770736694336,52.97038650512695,34.907737731933594,51.47554397583008]","[92.59776306152344,53.31706619262695,33.150455474853516,52.496002197265625]","[156.09070282240478,170.70008620646632,1.7339951941568126,120.1933741732616]","[116.11282348632812,100.7957763671875,23.325435638427734,81.7343521118164]","[116.11282348632812,100.7957763671875,23.325435638427734,81.7343521118164]"
2,54,pre_capture,"[""capture"",""support"",""coverage"",""support""]","[1.0,0.0,0.0,0.9819999933242798,0.0,0.0,0.0,0.0,1.0,1.0,1.0,0.0,0.0,0.0,1.0,0.0,0.0,0.0,0.0,0.0,0.0,0.0,0.0,0.0,0.0,0.0,1.0,0.0,0.0,0.0,0.0,0.0,0.0,0.0,0.0,0.0,0.0,0.0,0.0,0.0,0.0,0.0,0.0,0.0,0.0,0.0,0.0,0.0,0.0,0.0]","[8,7,8,7]","[1.4588875770568848,0.7220518589019775,-0.04487035796046257,0.3875047564506531]",False,"[false,false,false,false]","[false,false,false,false]",pre_capture,"[1.0,0.0,0.0,0.9816666841506958,0.0,0.0,0.0,0.0,1.0,1.0,1.0,0.0,0.0,0.0,1.0,0.0,0.0,0.0,0.0,0.0,0.0,0.0,0.0,0.0,0.0,0.0,1.0,0.0,0.0,0.0,0.0,0.0,0.0,0.0,0.0,0.0,0.0,0.0,0.0,0.0,0.0,0.0,0.0,0.0,0.0,0.0,0.0,0.0,0.0,0.0]","[92.59776306152344,53.31706619262695,33.150455474853516,52.496002197265625]","[94.45377349853516,54.92036437988281,34.75679016113281,54.235416412353516]","[156.3123756492556,171.68471731949973,1.7988487312186114,121.0094025203454]","[117.15872192382812,103.58784484863281,23.106170654296875,83.7232666015625]","[117.15872192382812,103.58784484863281,23.106170654296875,83.7232666015625]"
2,55,pre_capture,"[""capture"",""support"",""coverage"",""support""]","[1.0,0.0,0.0,0.9816666841506958,0.0,0.0,0.0,0.0,1.0,1.0,1.0,0.0,0.0,0.0,1.0,0.0,0.0,0.0,0.0,0.0,0.0,0.0,0.0,0.0,0.0,0.0,1.0,0.0,0.0,0.0,0.0,0.0,0.0,0.0,0.0,0.0,0.0,0.0,0.0,0.0,0.0,0.0,0.0,0.0,0.0,0.0,0.0,0.0,0.0,0.0]","[7,7,7,7]","[1.64822518825531,0.7139003276824951,-0.047649968415498734,0.3660562336444855]",False,"[false,false,false,false]","[false,false,false,false]",pre_capture,"[1.0,0.0,0.0,0.981333315372467,0.0,0.0,0.0,0.0,1.0,1.0,1.0,0.0,0.0,0.0,1.0,0.0,0.0,0.0,0.0,0.0,0.0,0.0,0.0,0.0,0.0,0.0,1.0,0.0,0.0,0.0,0.0,0.0,0.0,0.0,0.0,0.0,0.0,0.0,0.0,0.0,0.0,0.0,0.0,0.0,0.0,0.0,0.0,0.0,0.0,0.0]","[94.45377349853516,54.92036437988281,34.75679016113281,54.235416412353516]","[95.02853393554688,55.499576568603516,36.35945510864258,54.892005920410156]","[156.41766471939266,172.68956107131086,1.862342514322297,121.84030077161086]","[118.04824829101562,106.48296356201172,22.786365509033203,85.75343322753906]","[118.04824829101562,106.48296356201172,22.786365509033203,85.75343322753906]"
2,56,pre_capture,"[""capture"",""support"",""coverage"",""support""]","[1.0,0.0,0.0,0.981333315372467,0.0,0.0,0.0,0.0,1.0,1.0,1.0,0.0,0.0,0.0,1.0,0.0,0.0,0.0,0.0,0.0,0.0,0.0,0.0,0.0,0.0,0.0,1.0,0.0,0.0,0.0,0.0,0.0,0.0,0.0,0.0,0.0,0.0,0.0,0.0,0.0,0.0,0.0,0.0,0.0,0.0,0.0,0.0,0.0,0.0,0.0]","[8,7,8,7]","[1.7759212255477905,0.6876259446144104,-0.05177852138876915,0.35201671719551086]",False,"[false,false,false,false]","[false,false,false,false]",pre_capture,"[1.0,0.0,0.0,0.9810000061988831,0.0,0.0,0.0,0.0,1.0,1.0,1.0,0.0,0.0,0.0,1.0,0.0,0.0,0.0,0.0,0.0,0.0,0.0,0.0,0.0,0.0,0.0,1.0,0.0,0.0,0.0,0.0,0.0,0.0,0.0,0.0,0.0,0.0,0.0,0.0,0.0,0.0,0.0,0.0,0.0,0.0,0.0,0.0,0.0,0.0,0.0]","[95.02853393554688,55.499576568603516,36.35945510864258,54.892005920410156]","[97.12345123291016,57.045372009277344,38.733604431152344,56.508033752441406]","[156.33276720316906,173.71278862992764,1.9292853360987836,122.70125710905694]","[118.7624740600586,109.5394287109375,22.36493682861328,87.90029907226562]","[118.7624740600586,109.5394287109375,22.36493682861328,87.90029907226562]"
2,57,pre_capture,"[""capture"",""support"",""coverage"",""support""]","[1.0,0.0,0.0,0.9810000061988831,0.0,0.0,0.0,0.0,1.0,1.0,1.0,0.0,0.0,0.0,1.0,0.0,0.0,0.0,0.0,0.0,0.0,0.0,0.0,0.0,0.0,0.0,1.0,0.0,0.0,0.0,0.0,0.0,0.0,0.0,0.0,0.0,0.0,0.0,0.0,0.0,0.0,0.0,0.0,0.0,0.0,0.0,0.0,0.0,0.0,0.0]","[7,7,3,8]","[1.96668541431427,0.6845580339431763,-0.053493764251470566,0.36208009719848633]",False,"[false,false,false,false]","[false,false,false,false]",pre_capture,"[1.0,0.0,0.0,0.9806666374206543,0.0,0.0,0.0,0.0,1.0,1.0,1.0,0.0,0.0,0.0,1.0,0.0,0.0,0.0,0.0,0.0,0.0,0.0,0.0,0.0,0.0,0.0,1.0,0.0,0.0,0.0,0.0,0.0,0.0,0.0,0.0,0.0,0.0,0.0,0.0,0.0,0.0,0.0,0.0,0.0,0.0,0.0,0.0,0.0,0.0,0.0]","[97.12345123291016,57.045372009277344,38.733604431152344,56.508033752441406]","[96.1208267211914,57.00376892089844,36.95406723022461,56.658172607421875]","[156.1180262400215,174.7728916013265,2.0010746035227807,123.58509130491053]","[119.2758560180664,112.73583984375,21.796279907226562,90.11283874511719]","[119.2758560180664,112.73583984375,21.796279907226562,90.11283874511719]"
2,58,pre_capture,"[""capture"",""support"",""coverage"",""support""]","[1.0,0.0,0.0,0.9806666374206543,0.0,0.0,0.0,0.0,1.0,1.0,1.0,0.0,0.0,0.0,1.0,0.0,0.0,0.0,0.0,0.0,0.0,0.0,0.0,0.0,0.0,0.0,1.0,0.0,0.0,0.0,0.0,0.0,0.0,0.0,0.0,0.0,0.0,0.0,0.0,0.0,0.0,0.0,0.0,0.0,0.0,0.0,0.0,0.0,0.0,0.0]","[2,7,3,7]","[1.725754737854004,0.690820038318634,-0.04995112493634224,0.3620466887950897]",False,"[false,false,false,false]","[false,false,false,false]",pre_capture,"[1.0,0.0,0.0,0.9803333282470703,0.0,0.0,0.0,0.0,1.0,1.0,1.0,0.0,0.0,0.0,1.0,0.0,0.0,0.0,0.0,0.0,0.0,0.0,0.0,0.0,0.0,0.0,1.0,0.0,0.0,0.0,0.0,0.0,0.0,0.0,0.0,0.0,0.0,0.0,0.0,0.0,0.0,0.0,0.0,0.0,0.0,0.0,0.0,0.0,0.0,0.0]","[96.1208267211914,57.00376892089844,36.95406723022461,56.658172607421875]","[96.15205383300781,56.61362838745117,34.498817443847656,56.596012115478516]","[155.70842507647194,175.8468015832155,2.075321583610355,124.46768808859802]","[119.6716537475586,116.13992309570312,21.287132263183594,92.44676208496094]","[119.6716537475586,116.13992309570312,21.287132263183594,92.44676208496094]"
2,59,pre_capture,"[""capture"",""support"",""coverage"",""support""]","[1.0,0.0,0.0,0.9803333282470703,0.0,0.0,0.0,0.0,1.0,1.0,1.0,0.0,0.0,0.0,1.0,0.0,0.0,0.0,0.0,0.0,0.0,0.0,0.0,0.0,0.0,0.0,1.0,0.0,0.0,0.0,0.0,0.0,0.0,0.0,0.0,0.0,0.0,0.0,0.0,0.0,0.0,0.0,0.0,0.0,0.0,0.0,0.0,0.0,0.0,0.0]","[7,7,2,7]","[1.7541528940200806,0.6437806487083435,-0.051340650767087936,0.3932354748249054]",False,"[false,false,false,false]","[false,false,false,false]",pre_capture,"[1.0,0.0,0.0,0.9800000190734863,0.0,0.0,0.0,0.0,1.0,1.0,1.0,0.0,0.0,0.0,1.0,0.0,0.0,0.0,0.0,0.0,0.0,0.0,0.0,0.0,0.0,0.0,1.0,0.0,0.0,0.0,0.0,0.0,0.0,0.0,0.0,0.0,0.0,0.0,0.0,0.0,0.0,0.0,0.0,0.0,0.0,0.0,0.0,0.0,0.0,0.0]","[96.15205383300781,56.61362838745117,34.498817443847656,56.596012115478516]","[97.64627075195312,57.8564338684082,31.398283004760742,57.77573013305664]","[155.5380508470888,176.9252338837342,2.1467401096431287,125.35923373717468]","[120.34701538085938,119.77323150634766,20.871227264404297,94.93164825439453]","[120.34701538085938,119.77323150634766,20.871227264404297,94.93164825439453]"
2,60,pre_capture,"[""capture"",""support"",""coverage"",""support""]","[1.0,0.0,0.0,0.9800000190734863,0.0,0.0,0.0,0.0,1.0,1.0,1.0,0.0,0.0,0.0,1.0,0.0,0.0,0.0,0.0,0.0,0.0,0.0,0.0,0.0,0.0,0.0,1.0,0.0,0.0,0.0,0.0,0.0,0.0,0.0,0.0,0.0,0.0,0.0,0.0,0.0,0.0,0.0,0.0,0.0,0.0,0.0,0.0,0.0,0.0,0.0]","[8,7,8,7]","[1.6851009130477905,0.6332212090492249,-0.05551215261220932,0.39332059025764465]",False,"[false,false,false,false]","[false,false,false,false]",pre_capture,"[1.0,0.0,0.0,0.9796666502952576,0.0,0.0,0.0,0.0,1.0,1.0,1.0,0.0,0.0,0.0,1.0,0.0,0.0,0.0,0.0,0.0,0.0,0.0,0.0,0.0,0.0,0.0,1.0,0.0,0.0,0.0,0.0,0.0,0.0,0.0,0.0,0.0,0.0,0.0,0.0,0.0,0.0,0.0,0.0,0.0,0.0,0.0,0.0,0.0,0.0,0.0]","[97.64627075195312,57.8564338684082,31.398283004760742,57.77573013305664]","[99.73880767822266,59.23201370239258,33.234962463378906,59.17515563964844]","[155.3372706596654,178.0620739747736,2.2202835963739562,126.22828107308058]","[120.95626831054688,123.62100219726562,20.593673706054688,97.47848510742188]","[120.95626831054688,123.62100219726562,20.593673706054688,97.47848510742188]"
2,61,pre_capture,"[""capture"",""support"",""coverage"",""support""]","[1.0,0.0,0.0,0.9796666502952576,0.0,0.0,0.0,0.0,1.0,1.0,1.0,0.0,0.0,0.0,1.0,0.0,0.0,0.0,0.0,0.0,0.0,0.0,0.0,0.0,0.0,0.0,1.0,0.0,0.0,0.0,0.0,0.0,0.0,0.0,0.0,0.0,0.0,0.0,0.0,0.0,0.0,0.0,0.0,0.0,0.0,0.0,0.0,0.0,0.0,0.0]","[7,7,3,7]","[1.858464241027832,0.6128026247024536,-0.058301832526922226,0.4046541750431061]",False,"[false,false,false,false]","[false,false,false,false]",pre_capture,"[1.0,0.0,0.0,0.9793333411216736,0.0,0.0,0.0,0.0,1.0,1.0,1.0,0.0,0.0,0.0,1.0,0.0,0.0,0.0,0.0,0.0,0.0,0.0,0.0,0.0,0.0,0.0,1.0,0.0,0.0,0.0,0.0,0.0,0.0,0.0,0.0,0.0,0.0,0.0,0.0,0.0,0.0,0.0,0.0,0.0,0.0,0.0,0.0,0.0,0.0,0.0]","[99.73880767822266,59.23201370239258,33.234962463378906,59.17515563964844]","[98.241943359375,58.979244232177734,31.92450714111328,59.059654235839844]","[155.2042118652703,179.2210633997216,2.298783584834511,127.10602068972014]","[121.56735229492188,127.65103149414062,20.206329345703125,100.1126937866211]","[121.56735229492188,127.65103149414062,20.206329345703125,100.1126937866211]"
2,62,pre_capture,"[""capture"",""support"",""coverage"",""support""]","[1.0,0.0,0.0,0.9793333411216736,0.0,0.0,0.0,0.0,1.0,1.0,1.0,0.0,0.0,0.0,1.0,0.0,0.0,0.0,0.0,0.0,0.0,0.0,0.0,0.0,0.0,0.0,1.0,0.0,0.0,0.0,0.0,0.0,0.0,0.0,0.0,0.0,0.0,0.0,0.0,0.0,0.0,0.0,0.0,0.0,0.0,0.0,0.0,0.0,0.0,0.0]","[8,6,8,7]","[1.7863669395446777,0.5811822414398193,-0.06024562567472458,0.4170468747615814]",False,"[false,false,false,false]","[false,false,false,false]",pre_capture,"[1.0,0.0,0.0,0.9789999723434448,0.0,0.0,0.0,0.0,1.0,1.0,1.0,0.0,0.0,0.0,1.0,0.0,0.0,0.0,0.0,0.0,0.0,0.0,0.0,0.0,0.0,0.0,1.0,0.0,0.0,0.0,0.0,0.0,0.0,0.0,0.0,0.0,0.0,0.0,0.0,0.0,0.0,0.0,0.0,0.0,0.0,0.0,0.0,0.0,0.0,0.0]","[98.241943359375,58.979244232177734,31.92450714111328,59.059654235839844]","[99.11038208007812,60.98023223876953,33.30731964111328,59.59972381591797]","[154.8946945699419,180.41238462123147,2.3808943609711446,127.98117829765357]","[122.1115493774414,131.9710235595703,19.86642074584961,102.90758514404297]","[122.1115493774414,131.9710235595703,19.86642074584961,102.90758514404297]"
2,63,pre_capture,"[""capture"",""support"",""coverage"",""support""]","[1.0,0.0,0.0,0.9789999723434448,0.0,0.0,0.0,0.0,1.0,1.0,1.0,0.0,0.0,0.0,1.0,0.0,0.0,0.0,0.0,0.0,0.0,0.0,0.0,0.0,0.0,0.0,1.0,0.0,0.0,0.0,0.0,0.0,0.0,0.0,0.0,0.0,0.0,0.0,0.0,0.0,0.0,0.0,0.0,0.0,0.0,0.0,0.0,0.0,0.0,0.0]","[7,7,3,7]","[1.9552110433578491,0.5494554042816162,-0.06613285094499588,0.4066917896270752]",False,"[false,false,false,false]","[false,false,false,false]",pre_capture,"[1.0,0.0,0.0,0.9786666631698608,0.0,0.0,0.0,0.0,1.0,1.0,1.0,0.0,0.0,0.0,1.0,0.0,0.0,0.0,0.0,0.0,0.0,0.0,0.0,0.0,0.0,0.0,1.0,0.0,0.0,0.0,0.0,0.0,0.0,0.0,0.0,0.0,0.0,0.0,0.0,0.0,0.0,0.0,0.0,0.0,0.0,0.0,0.0,0.0,0.0,0.0]","[99.11038208007812,60.98023223876953,33.30731964111328,59.59972381591797]","[98.10125732421875,60.76791763305664,32.164329528808594,59.81434631347656]","[154.65487639434062,181.64767917150672,2.465797966308959,128.8526580029212]","[122.72112274169922,136.49264526367188,19.434293746948242,105.83769226074219]","[122.72112274169922,136.49264526367188,19.434293746948242,105.83769226074219]"
2,64,pre_capture,"[""capture"",""support"",""coverage"",""support""]","[1.0,0.0,0.0,0.9786666631698608,0.0,0.0,0.0,0.0,1.0,1.0,1.0,0.0,0.0,0.0,1.0,0.0,0.0,0.0,0.0,0.0,0.0,0.0,0.0,0.0,0.0,0.0,1.0,0.0,0.0,0.0,0.0,0.0,0.0,0.0,0.0,0.0,0.0,0.0,0.0,0.0,0.0,0.0,0.0,0.0,0.0,0.0,0.0,0.0,0.0,0.0]","[7,7,6,7]","[1.6484239101409912,0.4792584180831909,-0.06227155029773712,0.4272960126399994]",False,"[false,false,false,false]","[false,false,false,false]",pre_capture,"[1.0,0.0,0.0,0.9783333539962769,0.0,0.0,0.0,0.0,1.0,1.0,1.0,0.0,0.0,0.0,1.0,0.0,0.0,0.0,0.0,0.0,0.0,0.0,0.0,0.0,0.0,0.0,1.0,0.0,0.0,0.0,0.0,0.0,0.0,0.0,0.0,0.0,0.0,0.0,0.0,0.0,0.0,0.0,0.0,0.0,0.0,0.0,0.0,0.0,0.0,0.0]","[98.10125732421875,60.76791763305664,32.164329528808594,59.81434631347656]","[97.48486328125,61.32261276245117,33.046043395996094,60.48111343383789]","[154.2420862131139,182.92749875477284,2.557505876014096,129.74340021544862]","[123.24285125732422,141.34521484375,19.041248321533203,108.95288848876953]","[123.24285125732422,141.34521484375,19.041248321533203,108.95288848876953]"
2,65,pre_capture,"[""capture"",""support"",""coverage"",""support""]","[1.0,0.0,0.0,0.9783333539962769,0.0,0.0,0.0,0.0,1.0,1.0,1.0,0.0,0.0,0.0,1.0,0.0,0.0,0.0,0.0,0.0,0.0,0.0,0.0,0.0,0.0,0.0,1.0,0.0,0.0,0.0,0.0,0.0,0.0,0.0,0.0,0.0,0.0,0.0,0.0,0.0,0.0,0.0,0.0,0.0,0.0,0.0,0.0,0.0,0.0,0.0]","[2,6,6,8]","[1.3834038972854614,0.43016526103019714,-0.05905371531844139,0.45543724298477173]",False,"[false,false,false,false]","[false,false,false,false]",pre_capture,"[1.0,0.0,0.0,0.9779999852180481,0.0,0.0,0.0,0.0,1.0,1.0,1.0,1.0,0.0,0.0,1.0,1.0,0.0,0.0,0.0,0.0,0.0,0.0,0.0,0.0,0.0,0.0,1.0,0.0,0.0,0.0,0.0,0.0,0.0,0.0,0.0,0.0,0.0,0.0,0.0,0.0,0.0,0.0,0.0,0.0,0.0,0.0,0.0,0.0,0.0,0.0]","[97.48486328125,61.32261276245117,33.046043395996094,60.48111343383789]","[98.47879028320312,101.1043701171875,33.63803482055664,59.724788665771484]","[154.13501242724539,184.29115185524208,2.6462398245574072,130.62232747758446]","[124.15621948242188,146.5502166748047,18.57282257080078,112.20816040039062]","[124.15621948242188,146.5502166748047,18.57282257080078,112.20816040039062]"
2,66,pre_capture,"[""capture"",""capture"",""support"",""support""]","[1.0,0.0,0.0,0.9779999852180481,0.0,0.0,0.0,0.0,1.0,1.0,1.0,1.0,0.0,0.0,1.0,1.0,0.0,0.0,0.0,0.0,0.0,0.0,0.0,0.0,0.0,0.0,1.0,0.0,0.0,0.0,0.0,0.0,0.0,0.0,0.0,0.0,0.0,0.0,0.0,0.0,0.0,0.0,0.0,0.0,0.0,0.0,0.0,0.0,0.0,0.0]","[2,6,6,7]","[1.497573971748352,2.7742953300476074,0.6234267950057983,0.3589024543762207]",False,"[false,false,false,false]","[false,false,false,false]",pre_capture,"[1.0,0.0,0.0,0.9776666760444641,0.0,0.0,0.0,0.0,1.0,1.0,1.0,1.0,0.0,0.0,1.0,1.0,0.0,0.0,0.0,0.0,0.0,0.0,0.0,0.0,0.0,0.0,1.0,0.0,0.0,0.0,0.0,0.0,0.0,0.0,0.0,0.0,0.0,0.0,0.0,0.0,0.0,0.0,0.0,0.0,0.0,0.0,0.0,0.0,0.0,0.0]","[98.47879028320312,101.1043701171875,33.63803482055664,59.724788665771484]","[99.35782623291016,100.07017517089844,34.11594009399414,59.176780700683594]","[154.29455407066658,185.7181682769817,2.732619737248332,131.48170730767646]","[125.35684204101562,150.0429229736328,18.040185928344727,115.67926025390625]","[125.35684204101562,150.0429229736328,18.040185928344727,115.67926025390625]"
2,67,pre_capture,"[""capture"",""capture"",""support"",""support""]","[1.0,0.0,0.0,0.9776666760444641,0.0,0.0,0.0,0.0,1.0,1.0,1.0,1.0,0.0,0.0,1.0,1.0,0.0,0.0,0.0,0.0,0.0,0.0,0.0,0.0,0.0,0.0,1.0,0.0,0.0,0.0,0.0,0.0,0.0,0.0,0.0,0.0,0.0,0.0,0.0,0.0,0.0,0.0,0.0,0.0,0.0,0.0,0.0,0.0,0.0,0.0]","[2,6,6,7]","[1.50657320022583,2.9329416751861572,0.6504486799240112,0.33233878016471863]",False,"[false,false,false,false]","[false,false,false,false]",pre_capture,"[1.0,0.0,0.0,0.9773333072662354,0.0,0.0,0.0,0.0,1.0,1.0,1.0,1.0,0.0,1.0,1.0,1.0,0.0,1.0,0.0,0.0,0.0,0.0,0.0,0.0,0.0,0.0,1.0,0.0,0.0,0.0,0.0,0.0,0.0,0.0,0.0,0.0,0.0,0.0,0.0,0.0,0.0,0.0,0.0,0.0,0.0,0.0,0.0,0.0,0.0,0.0]","[99.35782623291016,100.07017517089844,34.11594009399414,59.176780700683594]","[101.2947006225586,100.02842712402344,35.92523193359375,98.6333999633789]","[154.34038393830124,184.79179085548898,2.1304979214571045,132.44727762959621]","[126.46576690673828,151.31861877441406,16.723039627075195,119.5014419555664]","[126.46576690673828,151.31861877441406,16.723039627075195,119.5014419555664]"
2,68,pre_capture,"[""capture"",""capture"",""support"",""capture""]","[1.0,0.0,0.0,0.9773333072662354,0.0,0.0,0.0,0.0,1.0,1.0,1.0,1.0,0.0,1.0,1.0,1.0,0.0,1.0,0.0,0.0,0.0,0.0,0.0,0.0,0.0,0.0,1.0,0.0,0.0,0.0,0.0,0.0,0.0,0.0,0.0,0.0,0.0,0.0,0.0,0.0,0.0,0.0,0.0,0.0,0.0,0.0,0.0,0.0,0.0,0.0]","[2,7,2,6]","[1.3211232423782349,2.9691855907440186,0.6059299111366272,2.7908082008361816]",False,"[false,false,false,false]","[false,false,false,false]",pre_capture,"[1.0,0.0,0.0,0.9769999980926514,0.0,0.0,0.0,0.0,1.0,1.0,1.0,1.0,0.0,1.0,1.0,1.0,0.0,1.0,0.0,0.0,0.0,0.0,0.0,0.0,0.0,0.0,1.0,0.0,0.0,0.0,0.0,0.0,0.0,0.0,0.0,0.0,0.0,0.0,0.0,0.0,0.0,0.0,0.0,0.0,0.0,0.0,0.0,0.0,0.0,0.0]","[101.2947006225586,100.02842712402344,35.92523193359375,98.6333999633789]","[104.35507202148438,101.39309692382812,33.79401397705078,100.06941223144531]","[154.37758660411657,183.69580725283114,1.4949992338718117,133.44943318124393]","[127.53334045410156,152.50851440429688,15.198610305786133,121.51701354980469]","[127.53334045410156,152.50851440429688,15.198610305786133,121.51701354980469]"
2,69,pre_capture,"[""capture"",""capture"",""support"",""capture""]","[1.0,0.0,0.0,0.9769999980926514,0.0,0.0,0.0,0.0,1.0,1.0,1.0,1.0,0.0,1.0,1.0,1.0,0.0,1.0,0.0,0.0,0.0,0.0,0.0,0.0,0.0,0.0,1.0,0.0,0.0,0.0,0.0,0.0,0.0,0.0,0.0,0.0,0.0,0.0,0.0,0.0,0.0,0.0,0.0,0.0,0.0,0.0,0.0,0.0,0.0,0.0]","[8,7,3,6]","[1.27424156665802,2.9711055755615234,0.5111848711967468,2.8593690395355225]",False,"[false,false,false,false]","[false,false,false,false]",pre_capture,"[1.0,0.0,0.0,0.9766666889190674,0.0,0.0,0.0,0.0,1.0,1.0,1.0,1.0,0.0,1.0,1.0,1.0,0.0,1.0,0.0,0.0,0.0,0.0,0.0,0.0,0.0,0.0,1.0,0.0,0.0,0.0,0.0,0.0,0.0,0.0,0.0,0.0,0.0,0.0,0.0,0.0,0.0,0.0,0.0,0.0,0.0,0.0,0.0,0.0,0.0,0.0]","[104.35507202148438,101.39309692382812,33.79401397705078,100.06941223144531]","[102.74742889404297,100.06623077392578,32.18976593017578,98.26771545410156]","[154.60248824418014,182.5521430930173,0.8980498209446309,131.97840907111893]","[128.70455932617188,153.66334533691406,13.737241744995117,120.97052001953125]","[128.70455932617188,153.66334533691406,13.737241744995117,120.97052001953125]"
2,70,pre_capture,"[""capture"",""capture"",""support"",""capture""]","[1.0,0.0,0.0,0.9766666889190674,0.0,0.0,0.0,0.0,1.0,1.0,1.0,1.0,0.0,1.0,1.0,1.0,0.0,1.0,0.0,0.0,0.0,0.0,0.0,0.0,0.0,0.0,1.0,0.0,0.0,0.0,0.0,0.0,0.0,0.0,0.0,0.0,0.0,0.0,0.0,0.0,0.0,0.0,0.0,0.0,0.0,0.0,0.0,0.0,0.0,0.0]","[8,7,2,7]","[1.429138422012329,2.972567558288574,0.43134334683418274,2.873270034790039]",False,"[false,false,false,false]","[false,false,false,false]",pre_capture,"[1.0,0.0,0.0,0.9763333201408386,0.0,0.0,0.0,0.0,1.0,1.0,1.0,1.0,0.0,1.0,1.0,1.0,0.0,1.0,0.0,0.0,0.0,0.0,0.0,0.0,0.0,0.0,1.0,0.0,0.0,0.0,0.0,0.0,0.0,0.0,0.0,0.0,0.0,0.0,0.0,0.0,0.0,0.0,0.0,0.0,0.0,0.0,0.0,0.0,0.0,0.0]","[102.74742889404297,100.06623077392578,32.18976593017578,98.26771545410156]","[102.52570343017578,100.95101928710938,29.888830184936523,99.11019897460938]","[154.87701684598193,181.39498739136945,0.3907726765130142,130.42327275917515]","[130.08433532714844,154.95901489257812,12.368593215942383,120.41136932373047]","[130.08433532714844,154.95901489257812,12.368593215942383,120.41136932373047]"
2,71,pre_capture,"[""capture"",""capture"",""support"",""capture""]","[1.0,0.0,0.0,0.9763333201408386,0.0,0.0,0.0,0.0,1.0,1.0,1.0,1.0,0.0,1.0,1.0,1.0,0.0,1.0,0.0,0.0,0.0,0.0,0.0,0.0,0.0,0.0,1.0,0.0,0.0,0.0,0.0,0.0,0.0,0.0,0.0,0.0,0.0,0.0,0.0,0.0,0.0,0.0,0.0,0.0,0.0,0.0,0.0,0.0,0.0,0.0]","[8,7,6,6]","[1.5378361940383911,2.9739315509796143,0.3844849765300751,2.870898723602295]",False,"[false,false,false,false]","[false,false,false,false]",pre_capture,"[1.0,0.0,0.0,0.9760000109672546,0.0,0.0,0.0,0.0,1.0,1.0,1.0,1.0,0.0,1.0,1.0,1.0,0.0,1.0,0.0,0.0,0.0,0.0,0.0,0.0,0.0,0.0,1.0,0.0,0.0,0.0,0.0,0.0,0.0,0.0,0.0,0.0,0.0,0.0,0.0,0.0,0.0,0.0,0.0,0.0,0.0,0.0,0.0,0.0,0.0,0.0]","[102.52570343017578,100.95101928710938,29.888830184936523,99.11019897460938]","[100.16655731201172,99.58832550048828,30.680145263671875,97.0202407836914]","[154.9978569939087,180.2246664980615,-0.0409804750718874,128.838386590288]","[131.39837646484375,156.28854370117188,11.119354248046875,119.75773620605469]","[131.39837646484375,156.28854370117188,11.119354248046875,119.75773620605469]"
2,72,pre_capture,"[""capture"",""capture"",""support"",""capture""]","[1.0,0.0,0.0,0.9760000109672546,0.0,0.0,0.0,0.0,1.0,1.0,1.0,1.0,0.0,1.0,1.0,1.0,0.0,1.0,0.0,0.0,0.0,0.0,0.0,0.0,0.0,0.0,1.0,0.0,0.0,0.0,0.0,0.0,0.0,0.0,0.0,0.0,0.0,0.0,0.0,0.0,0.0,0.0,0.0,0.0,0.0,0.0,0.0,0.0,0.0,0.0]","[8,3,6,7]","[1.6199713945388794,2.867502450942993,0.3835207223892212,2.892202138900757]",False,"[false,false,false,false]","[false,false,false,false]",pre_capture,"[1.0,0.0,0.0,0.9756666421890259,0.0,0.0,0.0,0.0,1.0,1.0,1.0,1.0,0.0,1.0,1.0,1.0,0.0,1.0,0.0,0.0,0.0,0.0,0.0,0.0,0.0,0.0,1.0,0.0,0.0,0.0,0.0,0.0,0.0,0.0,0.0,0.0,0.0,0.0,0.0,0.0,0.0,0.0,0.0,0.0,0.0,0.0,0.0,0.0,0.0,0.0]","[100.16655731201172,99.58832550048828,30.680145263671875,97.0202407836914]","[97.8497085571289,98.64910125732422,31.639331817626953,96.051025390625]","[155.010122020071,179.04114641119384,-0.42976308242622474,127.23988673402594]","[132.80413818359375,157.77244567871094,9.799257278442383,119.17526245117188]","[132.80413818359375,157.77244567871094,9.799257278442383,119.17526245117188]"
2,73,pre_capture,"[""capture"",""capture"",""support"",""capture""]","[1.0,0.0,0.0,0.9756666421890259,0.0,0.0,0.0,0.0,1.0,1.0,1.0,1.0,0.0,1.0,1.0,1.0,0.0,1.0,0.0,0.0,0.0,0.0,0.0,0.0,0.0,0.0,1.0,0.0,0.0,0.0,0.0,0.0,0.0,0.0,0.0,0.0,0.0,0.0,0.0,0.0,0.0,0.0,0.0,0.0,0.0,0.0,0.0,0.0,0.0,0.0]","[8,7,2,7]","[-8.28872299194336,2.700836181640625,0.35983097553253174,2.8646950721740723]",False,"[false,false,false,false]","[false,false,false,false]",pre_capture,"[1.0,0.0,0.0,0.9753333330154419,0.0,0.0,0.0,0.0,1.0,1.0,1.0,1.0,0.0,1.0,1.0,1.0,0.0,1.0,0.0,0.0,0.0,0.0,0.0,0.0,0.0,0.0,1.0,0.0,0.0,0.0,0.0,0.0,0.0,0.0,0.0,0.0,0.0,0.0,0.0,0.0,0.0,0.0,0.0,0.0,0.0,0.0,0.0,0.0,0.0,0.0]","[97.8497085571289,98.64910125732422,31.639331817626953,96.051025390625]","[96.45354461669922,98.32821655273438,29.02716827392578,95.97968292236328]","[154.9395460863961,177.9531757174251,-0.8214987927428747,125.60372181325776]","[134.33343505859375,159.51283264160156,8.346187591552734,118.58429718017578]","[134.33343505859375,159.51283264160156,8.346187591552734,118.58429718017578]"
2,74,pre_capture,"[""capture"",""capture"",""support"",""capture""]","[1.0,0.0,0.0,0.9753333330154419,0.0,0.0,0.0,0.0,1.0,1.0,1.0,1.0,0.0,1.0,1.0,1.0,0.0,1.0,0.0,0.0,0.0,0.0,0.0,0.0,0.0,0.0,1.0,0.0,0.0,0.0,0.0,0.0,0.0,0.0,0.0,0.0,0.0,0.0,0.0,0.0,0.0,0.0,0.0,0.0,0.0,0.0,0.0,0.0,0.0,0.0]","[2,3,6,7]","[-8.388373374938965,2.5248427391052246,0.34264492988586426,2.627058744430542]",False,"[false,false,false,false]","[false,false,false,false]",pre_capture,"[1.0,0.0,0.0,0.9750000238418579,0.0,0.0,0.0,0.0,1.0,1.0,1.0,1.0,0.0,1.0,1.0,1.0,0.0,1.0,0.0,0.0,0.0,0.0,0.0,0.0,0.0,0.0,1.0,0.0,0.0,0.0,0.0,0.0,0.0,0.0,0.0,0.0,0.0,0.0,0.0,0.0,0.0,0.0,0.0,0.0,0.0,0.0,0.0,0.0,0.0,0.0]","[96.45354461669922,98.32821655273438,29.02716827392578,95.97968292236328]","[98.10720825195312,98.17131042480469,30.13583755493164,96.6231918334961]","[164.87703947307014,177.0225651876611,-1.1932623921973804,123.97881488998352]","[146.56854248046875,161.55740356445312,6.963861465454102,117.98895263671875]","[146.56854248046875,161.55740356445312,6.963861465454102,117.98895263671875]"
2,75,pre_capture,"[""capture"",""capture"",""support"",""capture""]","[1.0,0.0,0.0,0.9750000238418579,0.0,0.0,0.0,0.0,1.0,1.0,1.0,1.0,0.0,1.0,1.0,1.0,0.0,1.0,0.0,0.0,0.0,0.0,0.0,0.0,0.0,0.0,1.0,0.0,0.0,0.0,0.0,0.0,0.0,0.0,0.0,0.0,0.0,0.0,0.0,0.0,0.0,0.0,0.0,0.0,0.0,0.0,0.0,0.0,0.0,0.0]","[7,2,2,7]","[1.498130440711975,2.3973827362060547,0.3023605942726135,2.0748932361602783]",False,"[false,false,false,false]","[false,false,false,false]",pre_capture,"[1.0,0.0,0.0,0.9746666550636292,0.0,0.0,0.0,0.0,1.0,1.0,1.0,1.0,0.0,1.0,1.0,1.0,0.0,1.0,0.0,0.0,0.0,0.0,0.0,0.0,0.0,0.0,1.0,0.0,0.0,0.0,0.0,0.0,0.0,0.0,0.0,0.0,0.0,0.0,0.0,0.0,0.0,0.0,0.0,0.0,0.0,0.0,0.0,0.0,0.0,0.0]","[98.10720825195312,98.17131042480469,30.13583755493164,96.6231918334961]","[100.14732360839844,102.71007537841797,30.240333557128906,99.0285415649414]","[175.01556853334253,176.260325705612,-1.5514215374578229,122.57753146015453]","[159.5966033935547,163.92672729492188,5.454004287719727,117.57473754882812]","[159.5966033935547,163.92672729492188,5.454004287719727,117.57473754882812]"
2,76,pre_capture,"[""capture"",""capture"",""support"",""capture""]","[1.0,0.0,0.0,0.9746666550636292,0.0,0.0,0.0,0.0,1.0,1.0,1.0,1.0,0.0,1.0,1.0,1.0,0.0,1.0,0.0,0.0,0.0,0.0,0.0,0.0,0.0,0.0,1.0,0.0,0.0,0.0,0.0,0.0,0.0,0.0,0.0,0.0,0.0,0.0,0.0,0.0,0.0,0.0,0.0,0.0,0.0,0.0,0.0,0.0,0.0,0.0]","[3,3,8,6]","[1.5036625862121582,2.0309197902679443,0.2304525375366211,-8.579954147338867]",False,"[false,false,false,false]","[false,false,false,false]",pre_capture,"[1.0,0.0,0.0,0.9743333458900452,0.0,0.0,0.0,0.0,1.0,1.0,1.0,1.0,0.0,1.0,1.0,1.0,0.0,1.0,0.0,0.0,0.0,0.0,0.0,0.0,0.0,0.0,1.0,0.0,0.0,0.0,0.0,0.0,0.0,0.0,0.0,0.0,0.0,0.0,0.0,0.0,0.0,0.0,0.0,0.0,0.0,0.0,0.0,0.0,0.0,0.0]","[100.14732360839844,102.71007537841797,30.240333557128906,99.0285415649414]","[103.92613220214844,104.43822479248047,32.0921745300293,99.67461395263672]","[175.27013948750562,175.61913431253126,-1.8725072037681176,121.71983658989319]","[162.8295440673828,166.3425750732422,3.8859615325927734,117.59483337402344]","[162.8295440673828,166.3425750732422,3.8859615325927734,117.59483337402344]"
2,77,pre_capture,"[""capture"",""capture"",""support"",""capture""]","[1.0,0.0,0.0,0.9743333458900452,0.0,0.0,0.0,0.0,1.0,1.0,1.0,1.0,0.0,1.0,1.0,1.0,0.0,1.0,0.0,0.0,0.0,0.0,0.0,0.0,0.0,0.0,1.0,0.0,0.0,0.0,0.0,0.0,0.0,0.0,0.0,0.0,0.0,0.0,0.0,0.0,0.0,0.0,0.0,0.0,0.0,0.0,0.0,0.0,0.0,0.0]","[2,8,0,6]","[1.324212908744812,1.9986506700515747,0.16065998375415802,-9.331028938293457]",False,"[false,false,false,false]","[false,false,false,false]",pre_capture,"[1.0,0.0,0.0,0.9739999771118164,0.0,0.0,0.0,0.0,1.0,1.0,1.0,1.0,0.0,1.0,1.0,1.0,0.0,1.0,0.0,0.0,0.0,0.0,0.0,0.0,0.0,0.0,1.0,0.0,0.0,0.0,0.0,0.0,0.0,0.0,0.0,0.0,0.0,0.0,0.0,0.0,0.0,0.0,0.0,0.0,0.0,0.0,0.0,0.0,0.0,0.0]","[103.92613220214844,104.43822479248047,32.0921745300293,99.67461395263672]","[103.49848937988281,103.81119537353516,31.71002960205078,97.36836242675781]","[175.52169383969036,175.34163083056902,-2.1242017588936757,131.61595023962835]","[166.06224060058594,169.2099609375,2.1977100372314453,128.91110229492188]","[166.06224060058594,169.2099609375,2.1977100372314453,128.91110229492188]"
2,78,pre_capture,"[""capture"",""capture"",""support"",""capture""]","[1.0,0.0,0.0,0.9739999771118164,0.0,0.0,0.0,0.0,1.0,1.0,1.0,1.0,0.0,1.0,1.0,1.0,0.0,1.0,0.0,0.0,0.0,0.0,0.0,0.0,0.0,0.0,1.0,0.0,0.0,0.0,0.0,0.0,0.0,0.0,0.0,0.0,0.0,0.0,0.0,0.0,0.0,0.0,0.0,0.0,0.0,0.0,0.0,0.0,0.0,0.0]","[2,2,3,6]","[0.9804221987724304,1.99537992477417,0.08352498710155487,-8.554512023925781]",False,"[false,false,false,false]","[false,false,false,false]",pre_capture,"[1.0,0.0,0.0,0.9736666679382324,0.0,0.0,0.0,0.0,1.0,1.0,1.0,1.0,0.0,1.0,1.0,1.0,0.0,1.0,0.0,0.0,0.0,0.0,0.0,0.0,0.0,0.0,1.0,0.0,0.0,0.0,0.0,0.0,0.0,0.0,0.0,0.0,0.0,0.0,0.0,0.0,0.0,0.0,0.0,0.0,0.0,0.0,0.0,0.0,0.0,0.0]","[103.49848937988281,103.81119537353516,31.71002960205078,97.36836242675781]","[103.31678771972656,106.20944213867188,32.64417266845703,96.10816192626953]","[175.95705144539954,175.09391935405802,-2.3079411541897312,142.37068603830485]","[169.71275329589844,172.3260498046875,0.4969749450683594,141.86326599121094]","[169.71275329589844,172.3260498046875,0.4969749450683594,141.86326599121094]"
2,79,pre_capture,"[""capture"",""capture"",""support"",""capture""]","[1.0,0.0,0.0,0.9736666679382324,0.0,0.0,0.0,0.0,1.0,1.0,1.0,1.0,0.0,1.0,1.0,1.0,0.0,1.0,0.0,0.0,0.0,0.0,0.0,0.0,0.0,0.0,1.0,0.0,0.0,0.0,0.0,0.0,0.0,0.0,0.0,0.0,0.0,0.0,0.0,0.0,0.0,0.0,0.0,0.0,0.0,0.0,0.0,0.0,0.0,0.0]","[3,8,2,6]","[0.8726222515106201,1.6712183952331543,0.024817651137709618,-9.020645141601562]",False,"[false,false,false,false]","[false,false,false,false]",pre_capture,"[1.0,0.0,0.0,0.9733333587646484,0.0,0.0,0.0,0.0,1.0,1.0,1.0,1.0,0.0,1.0,1.0,1.0,0.0,1.0,0.0,0.0,0.0,0.0,0.0,0.0,0.0,0.0,1.0,0.0,0.0,0.0,0.0,0.0,0.0,0.0,0.0,0.0,0.0,0.0,0.0,0.0,0.0,0.0,0.0,0.0,0.0,0.0,0.0,0.0,0.0,0.0]","[103.31678771972656,106.20944213867188,32.64417266845703,96.10816192626953]","[106.00226593017578,106.42904663085938,32.486236572265625,94.80867767333984]","[176.744069946088,174.84700952452914,-2.415622364940693,152.44969501235417]","[173.96932983398438,175.51654052734375,-1.2785072326660156,154.87551879882812]","[173.96932983398438,175.51654052734375,-1.2785072326660156,154.87551879882812]"
2,80,pre_capture,"[""capture"",""capture"",""support"",""capture""]","[1.0,0.0,0.0,0.9733333587646484,0.0,0.0,0.0,0.0,1.0,1.0,1.0,1.0,0.0,1.0,1.0,1.0,0.0,1.0,0.0,0.0,0.0,0.0,0.0,0.0,0.0,0.0,1.0,0.0,0.0,0.0,0.0,0.0,0.0,0.0,0.0,0.0,0.0,0.0,0.0,0.0,0.0,0.0,0.0,0.0,0.0,0.0,0.0,0.0,0.0,0.0]","[2,7,2,3]","[184.8757781982422,185.48892211914062,-0.016034390777349472,186.16175842285156]",True,"[false,false,false,false]","[false,false,false,false]",post_capture,"[0.0,1.0,0.0,0.9729999899864197,0.0,1.0,0.0,0.0,1.0,1.0,0.0,0.0,0.0,0.0,0.0,0.0,0.0,0.0,0.0,0.0,0.0,0.0,0.0,0.0,0.0,0.0,1.0,0.0,0.0,0.0,0.0,0.0,0.0,0.0,1.0,0.0,0.0,0.0,0.0,0.0,0.0,0.0,0.0,0.0,0.0,0.0,0.0,0.0,0.0,0.0]","[106.00226593017578,106.42904663085938,32.486236572265625,94.80867767333984]","[-0.9693202972412109,3.5537681579589844,-3.557201385498047,-0.7112464904785156]","[177.64792696421958,174.92504154474344,-2.46509092533172,163.10135369086439]","[178.4684600830078,179.24197387695312,-3.0955810546875,169.27499389648438]","[178.4684600830078,179.24197387695312,-3.0955810546875,169.27499389648438]"
2,81,post_capture,"[""coverage"",""coverage"",""coverage"",""coverage""]","[0.0,1.0,0.0,0.9729999899864197,0.0,1.0,0.0,0.0,1.0,1.0,0.0,0.0,0.0,0.0,0.0,0.0,0.0,0.0,0.0,0.0,0.0,0.0,0.0,0.0,0.0,0.0,1.0,0.0,0.0,0.0,0.0,0.0,0.0,0.0,1.0,0.0,0.0,0.0,0.0,0.0,0.0,0.0,0.0,0.0,0.0,0.0,0.0,0.0,0.0,0.0]","[8,3,8,6]","[-0.35832855105400085,-0.6036245822906494,-0.03560658171772957,-1.5620962381362915]",False,"[false,false,false,false]","[false,false,false,false]",post_capture,"[0.0,1.0,0.0,0.9726666808128357,1.0,0.9980000257492065,0.0,0.0,1.0,1.0,0.0,0.0,0.0,0.0,0.0,0.0,0.0,0.0,0.0,0.0,0.0,0.0,0.0,0.0,0.0,0.0,1.0,0.0,0.0,0.0,0.0,0.0,0.0,0.0,1.0,0.0,0.0,0.0,0.0,0.0,0.0,0.0,0.0,0.0,0.0,0.0,0.0,0.0,0.0,0.0]","[-0.9693202972412109,3.5537681579589844,-3.557201385498047,-0.7112464904785156]","[-1.4843711853027344,3.434514045715332,-2.835935592651367,-1.8620872497558594]","[-7.300859832346065,-10.670586438785033,-2.4737944793478492,-23.29333811311835]","[-6.761659145355225,-6.8292036056518555,-3.0871520042419434,-17.91767120361328]","[-6.761659145355225,-6.8292036056518555,-3.0871520042419434,-17.91767120361328]"
2,82,post_capture,"[""coverage"",""coverage"",""coverage"",""coverage""]","[0.0,1.0,0.0,0.9726666808128357,1.0,0.9980000257492065,0.0,0.0,1.0,1.0,0.0,0.0,0.0,0.0,0.0,0.0,0.0,0.0,0.0,0.0,0.0,0.0,0.0,0.0,0.0,0.0,1.0,0.0,0.0,0.0,0.0,0.0,0.0,0.0,1.0,0.0,0.0,0.0,0.0,0.0,0.0,0.0,0.0,0.0,0.0,0.0,0.0,0.0,0.0,0.0]","[8,6,6,6]","[-0.3506372272968292,-0.5984472632408142,-0.031086178496479988,-1.5832467079162598]",False,"[false,false,false,false]","[false,false,false,false]",post_capture,"[0.0,1.0,0.0,0.9723333120346069,1.0,0.9959999918937683,0.0,0.0,1.0,1.0,0.0,0.0,0.0,0.0,0.0,0.0,0.0,0.0,0.0,0.0,0.0,0.0,0.0,0.0,0.0,0.0,1.0,0.0,0.0,0.0,0.0,0.0,0.0,0.0,1.0,0.0,0.0,0.0,0.0,0.0,0.0,0.0,0.0,0.0,0.0,0.0,0.0,0.0,0.0,0.0]","[-1.4843711853027344,3.434514045715332,-2.835935592651367,-1.8620872497558594]","[-2.1505889892578125,2.0728044509887695,-2.633739471435547,-2.8397483825683594]","[-7.0126578598909735,-10.168648339893316,-2.4628160582122423,-21.950749368668745]","[-6.730307579040527,-6.800198554992676,-3.095339298248291,-17.29229164123535]","[-6.730307579040527,-6.800198554992676,-3.095339298248291,-17.29229164123535]"
2,83,post_capture,"[""coverage"",""coverage"",""coverage"",""coverage""]","[0.0,1.0,0.0,0.9723333120346069,1.0,0.9959999918937683,0.0,0.0,1.0,1.0,0.0,0.0,0.0,0.0,0.0,0.0,0.0,0.0,0.0,0.0,0.0,0.0,0.0,0.0,0.0,0.0,1.0,0.0,0.0,0.0,0.0,0.0,0.0,0.0,1.0,0.0,0.0,0.0,0.0,0.0,0.0,0.0,0.0,0.0,0.0,0.0,0.0,0.0,0.0,0.0]","[8,6,8,6]","[-0.37141290307044983,-0.5805150866508484,-0.02856281027197838,-1.5651178359985352]",False,"[false,false,false,false]","[false,false,false,false]",post_capture,"[0.0,1.0,0.0,0.972000002861023,1.0,0.9940000176429749,0.0,0.0,1.0,1.0,0.0,0.0,0.0,0.0,0.0,0.0,0.0,0.0,0.0,0.0,0.0,0.0,0.0,0.0,0.0,0.0,1.0,0.0,0.0,0.0,0.0,0.0,0.0,0.0,1.0,0.0,0.0,0.0,0.0,0.0,0.0,0.0,0.0,0.0,0.0,0.0,0.0,0.0,0.0,0.0]","[-2.1505889892578125,2.0728044509887695,-2.633739471435547,-2.8397483825683594]","[-2.6715145111083984,0.7818737030029297,-2.353055953979492,-3.6305103302001953]","[-6.729313770297115,-9.666869774396467,-2.4562928077936994,-20.573235010861097]","[-6.67008638381958,-6.703195571899414,-3.119492530822754,-16.553403854370117]","[-6.67008638381958,-6.703195571899414,-3.119492530822754,-16.553403854370117]"
2,84,post_capture,"[""coverage"",""coverage"",""coverage"",""coverage""]","[0.0,1.0,0.0,0.972000002861023,1.0,0.9940000176429749,0.0,0.0,1.0,1.0,0.0,0.0,0.0,0.0,0.0,0.0,0.0,0.0,0.0,0.0,0.0,0.0,0.0,0.0,0.0,0.0,1.0,0.0,0.0,0.0,0.0,0.0,0.0,0.0,1.0,0.0,0.0,0.0,0.0,0.0,0.0,0.0,0.0,0.0,0.0,0.0,0.0,0.0,0.0,0.0]","[8,6,6,8]","[-0.38100460171699524,-0.5221565961837769,-0.023838888853788376,-1.5422288179397583]",False,"[false,false,false,false]","[false,false,false,false]",post_capture,"[0.0,1.0,0.0,0.971666693687439,1.0,0.9919999837875366,0.0,0.0,1.0,1.0,0.0,0.0,0.0,0.0,0.0,0.0,0.0,0.0,0.0,0.0,0.0,0.0,0.0,0.0,0.0,0.0,1.0,0.0,0.0,0.0,0.0,0.0,0.0,0.0,1.0,0.0,0.0,0.0,0.0,0.0,0.0,0.0,0.0,0.0,0.0,0.0,0.0,0.0,0.0,0.0]","[-2.6715145111083984,0.7818737030029297,-2.353055953979492,-3.6305103302001953]","[-2.664865493774414,-0.3216056823730469,-2.057781219482422,-3.0649890899658203]","[-6.422122088107743,-9.178136048227898,-2.4522525227492133,-19.200118358447032]","[-6.556548118591309,-6.551178455352783,-3.162630081176758,-15.745428085327148]","[-6.556548118591309,-6.551178455352783,-3.162630081176758,-15.745428085327148]"
2,85,post_capture,"[""coverage"",""coverage"",""coverage"",""coverage""]","[0.0,1.0,0.0,0.971666693687439,1.0,0.9919999837875366,0.0,0.0,1.0,1.0,0.0,0.0,0.0,0.0,0.0,0.0,0.0,0.0,0.0,0.0,0.0,0.0,0.0,0.0,0.0,0.0,1.0,0.0,0.0,0.0,0.0,0.0,0.0,0.0,1.0,0.0,0.0,0.0,0.0,0.0,0.0,0.0,0.0,0.0,0.0,0.0,0.0,0.0,0.0,0.0]","[8,6,8,6]","[-0.40396755933761597,-0.4540669322013855,-0.02050955593585968,-1.4728933572769165]",False,"[false,false,false,false]","[false,false,false,false]",post_capture,"[0.0,1.0,0.0,0.9713333249092102,1.0,0.9900000095367432,0.0,0.0,1.0,1.0,0.0,0.0,0.0,0.0,0.0,0.0,0.0,0.0,0.0,0.0,0.0,0.0,0.0,0.0,0.0,0.0,1.0,0.0,0.0,0.0,0.0,0.0,0.0,0.0,1.0,0.0,0.0,0.0,0.0,0.0,0.0,0.0,0.0,0.0,0.0,0.0,0.0,0.0,0.0,0.0]","[-2.664865493774414,-0.3216056823730469,-2.057781219482422,-3.0649890899658203]","[-2.9143333435058594,-1.6415653228759766,-2.3733482360839844,-3.7599945068359375]","[-6.1021388751421695,-8.743413587923355,-2.4529430645408334,-17.836252061118458]","[-6.42597770690918,-6.393516540527344,-3.229059934616089,-14.940437316894531]","[-6.42597770690918,-6.393516540527344,-3.229059934616089,-14.940437316894531]"
2,86,post_capture,"[""coverage"",""coverage"",""coverage"",""coverage""]","[0.0,1.0,0.0,0.9713333249092102,1.0,0.9900000095367432,0.0,0.0,1.0,1.0,0.0,0.0,0.0,0.0,0.0,0.0,0.0,0.0,0.0,0.0,0.0,0.0,0.0,0.0,0.0,0.0,1.0,0.0,0.0,0.0,0.0,0.0,0.0,0.0,1.0,0.0,0.0,0.0,0.0,0.0,0.0,0.0,0.0,0.0,0.0,0.0,0.0,0.0,0.0,0.0]","[8,6,6,6]","[-0.4016503095626831,-0.4399856626987457,-0.013719442300498486,-1.4314788579940796]",False,"[false,false,false,false]","[false,false,false,false]",post_capture,"[0.0,1.0,0.0,0.9710000157356262,1.0,0.9879999756813049,0.0,0.0,1.0,1.0,0.0,0.0,0.0,0.0,0.0,0.0,0.0,0.0,0.0,0.0,0.0,0.0,0.0,0.0,0.0,0.0,1.0,0.0,0.0,0.0,0.0,0.0,0.0,0.0,1.0,0.0,0.0,0.0,0.0,0.0,0.0,0.0,0.0,0.0,0.0,0.0,0.0,0.0,0.0,0.0]","[-2.9143333435058594,-1.6415653228759766,-2.3733482360839844,-3.7599945068359375]","[-3.1610851287841797,-2.4698333740234375,-2.0074596405029297,-4.161314010620117]","[-5.755728601822781,-8.37307743002219,-2.457003544045428,-16.528645155395495]","[-6.249602317810059,-6.2288055419921875,-3.28662371635437,-14.121663093566895]","[-6.249602317810059,-6.2288055419921875,-3.28662371635437,-14.121663093566895]"
2,87,post_capture,"[""coverage"",""coverage"",""coverage"",""coverage""]","[0.0,1.0,0.0,0.9710000157356262,1.0,0.9879999756813049,0.0,0.0,1.0,1.0,0.0,0.0,0.0,0.0,0.0,0.0,0.0,0.0,0.0,0.0,0.0,0.0,0.0,0.0,0.0,0.0,1.0,0.0,0.0,0.0,0.0,0.0,0.0,0.0,1.0,0.0,0.0,0.0,0.0,0.0,0.0,0.0,0.0,0.0,0.0,0.0,0.0,0.0,0.0,0.0]","[8,6,8,8]","[-0.421869158744812,-0.36106443405151367,-0.013497065752744675,-1.4041310548782349]",False,"[false,false,false,false]","[false,false,false,false]",post_capture,"[0.0,1.0,0.0,0.9706666469573975,1.0,0.9860000014305115,0.0,0.0,1.0,1.0,0.0,0.0,0.0,0.0,0.0,0.0,0.0,0.0,0.0,0.0,0.0,0.0,0.0,0.0,0.0,0.0,1.0,0.0,0.0,0.0,0.0,0.0,0.0,0.0,1.0,0.0,0.0,0.0,0.0,0.0,0.0,0.0,0.0,0.0,0.0,0.0,0.0,0.0,0.0,0.0]","[-3.1610851287841797,-2.4698333740234375,-2.0074596405029297,-4.161314010620117]","[-3.269094467163086,-2.8015480041503906,-2.10345458984375,-3.869304656982422]","[-5.408159891171817,-8.013224007397419,-2.4679637391362927,-15.249662926668094]","[-6.051545143127441,-6.02505350112915,-3.3743062019348145,-13.274002075195312]","[-6.051545143127441,-6.02505350112915,-3.3743062019348145,-13.274002075195312]"
2,88,post_capture,"[""coverage"",""coverage"",""coverage"",""coverage""]","[0.0,1.0,0.0,0.9706666469573975,1.0,0.9860000014305115,0.0,0.0,1.0,1.0,0.0,0.0,0.0,0.0,0.0,0.0,0.0,0.0,0.0,0.0,0.0,0.0,0.0,0.0,0.0,0.0,1.0,0.0,0.0,0.0,0.0,0.0,0.0,0.0,1.0,0.0,0.0,0.0,0.0,0.0,0.0,0.0,0.0,0.0,0.0,0.0,0.0,0.0,0.0,0.0]","[8,6,3,6]","[-0.3809089958667755,-0.3360954523086548,-0.009506598114967346,-1.2610533237457275]",False,"[false,false,false,false]","[false,false,false,false]",post_capture,"[0.0,1.0,0.0,0.9703333377838135,1.0,0.984000027179718,0.0,0.0,1.0,1.0,0.0,0.0,0.0,0.0,0.0,0.0,0.0,0.0,0.0,0.0,0.0,0.0,0.0,0.0,0.0,0.0,1.0,0.0,0.0,0.0,0.0,0.0,0.0,0.0,1.0,0.0,0.0,0.0,0.0,0.0,0.0,0.0,0.0,0.0,0.0,0.0,0.0,0.0,0.0,0.0]","[-3.269094467163086,-2.8015480041503906,-2.10345458984375,-3.869304656982422]","[-3.440675735473633,-3.077901840209961,-1.7873306274414062,-4.146064758300781]","[-5.036657305481823,-7.729454114490813,-2.479259266043988,-13.985385729080665]","[-5.813775062561035,-5.874866962432861,-3.462719678878784,-12.417160987854004]","[-5.813775062561035,-5.874866962432861,-3.462719678878784,-12.417160987854004]"
2,89,post_capture,"[""coverage"",""coverage"",""coverage"",""coverage""]","[0.0,1.0,0.0,0.9703333377838135,1.0,0.984000027179718,0.0,0.0,1.0,1.0,0.0,0.0,0.0,0.0,0.0,0.0,0.0,0.0,0.0,0.0,0.0,0.0,0.0,0.0,0.0,0.0,1.0,0.0,0.0,0.0,0.0,0.0,0.0,0.0,1.0,0.0,0.0,0.0,0.0,0.0,0.0,0.0,0.0,0.0,0.0,0.0,0.0,0.0,0.0,0.0]","[8,8,3,8]","[-0.36925214529037476,-0.2943798899650574,-0.010264785960316658,-1.2810169458389282]",False,"[false,false,false,false]","[false,false,false,false]",post_capture,"[0.0,1.0,0.0,0.9700000286102295,1.0,0.9819999933242798,0.0,0.0,1.0,1.0,0.0,0.0,0.0,0.0,0.0,0.0,0.0,0.0,0.0,0.0,0.0,0.0,0.0,0.0,0.0,0.0,1.0,0.0,0.0,0.0,0.0,0.0,0.0,0.0,1.0,0.0,0.0,0.0,0.0,0.0,0.0,0.0,0.0,0.0,0.0,0.0,0.0,0.0,0.0,0.0]","[-3.440675735473633,-3.077901840209961,-1.7873306274414062,-4.146064758300781]","[-3.4718761444091797,-3.2068424224853516,-1.7498493194580078,-3.9315261840820312]","[-4.7027760703182295,-7.46803905270925,-2.4946996645747683,-12.852861015489836]","[-5.595483779907227,-5.727182388305664,-3.5776078701019287,-11.643675804138184]","[-5.595483779907227,-5.727182388305664,-3.5776078701019287,-11.643675804138184]"
2,90,post_capture,"[""coverage"",""coverage"",""coverage"",""coverage""]","[0.0,1.0,0.0,0.9700000286102295,1.0,0.9819999933242798,0.0,0.0,1.0,1.0,0.0,0.0,0.0,0.0,0.0,0.0,0.0,0.0,0.0,0.0,0.0,0.0,0.0,0.0,0.0,0.0,1.0,0.0,0.0,0.0,0.0,0.0,0.0,0.0,1.0,0.0,0.0,0.0,0.0,0.0,0.0,0.0,0.0,0.0,0.0,0.0,0.0,0.0,0.0,0.0]","[8,6,2,6]","[-0.3577984571456909,-0.26820871233940125,-0.011953133158385754,-1.1286648511886597]",False,"[false,false,false,false]","[false,false,false,false]",post_capture,"[0.0,1.0,0.0,0.9696666598320007,1.0,0.9800000190734863,0.0,0.0,1.0,1.0,0.0,0.0,0.0,0.0,0.0,0.0,0.0,0.0,0.0,0.0,0.0,0.0,0.0,0.0,0.0,0.0,1.0,0.0,0.0,0.0,0.0,0.0,0.0,0.0,1.0,0.0,0.0,0.0,0.0,0.0,0.0,0.0,0.0,0.0,0.0,0.0,0.0,0.0,0.0,0.0]","[-3.4718761444091797,-3.2068424224853516,-1.7498493194580078,-3.9315261840820312]","[-3.447540283203125,-2.969867706298828,-2.1366920471191406,-4.066295623779297]","[-4.3772968939675305,-7.246120366408276,-2.509530180418638,-11.688731383485765]","[-5.374134540557861,-5.607723236083984,-3.7009310722351074,-10.811321258544922]","[-5.374134540557861,-5.607723236083984,-3.7009310722351074,-10.811321258544922]"
2,91,post_capture,"[""coverage"",""coverage"",""coverage"",""coverage""]","[0.0,1.0,0.0,0.9696666598320007,1.0,0.9800000190734863,0.0,0.0,1.0,1.0,0.0,0.0,0.0,0.0,0.0,0.0,0.0,0.0,0.0,0.0,0.0,0.0,0.0,0.0,0.0,0.0,1.0,0.0,0.0,0.0,0.0,0.0,0.0,0.0,1.0,0.0,0.0,0.0,0.0,0.0,0.0,0.0,0.0,0.0,0.0,0.0,0.0,0.0,0.0,0.0]","[8,8,2,6]","[-0.3630997836589813,-0.23961693048477173,-0.01287824660539627,-1.0746114253997803]",False,"[false,false,false,false]","[false,false,false,false]",post_capture,"[0.0,1.0,0.0,0.9693333506584167,1.0,0.9779999852180481,0.0,0.0,1.0,1.0,0.0,0.0,0.0,0.0,0.0,0.0,0.0,0.0,0.0,0.0,0.0,0.0,0.0,0.0,0.0,0.0,1.0,0.0,0.0,0.0,0.0,0.0,0.0,0.0,1.0,0.0,0.0,0.0,0.0,0.0,0.0,0.0,0.0,0.0,0.0,0.0,0.0,0.0,0.0,0.0]","[-3.447540283203125,-2.969867706298828,-2.1366920471191406,-4.066295623779297]","[-3.3744640350341797,-3.1461257934570312,-2.5629215240478516,-4.197151184082031]","[-4.060099431133171,-7.04839561017058,-2.5228050982426793,-10.666733871007176]","[-5.152241230010986,-5.521006107330322,-3.8099005222320557,-10.081207275390625]","[-5.152241230010986,-5.521006107330322,-3.8099005222320557,-10.081207275390625]"
2,92,post_capture,"[""coverage"",""coverage"",""coverage"",""coverage""]","[0.0,1.0,0.0,0.9693333506584167,1.0,0.9779999852180481,0.0,0.0,1.0,1.0,0.0,0.0,0.0,0.0,0.0,0.0,0.0,0.0,0.0,0.0,0.0,0.0,0.0,0.0,0.0,0.0,1.0,0.0,0.0,0.0,0.0,0.0,0.0,0.0,1.0,0.0,0.0,0.0,0.0,0.0,0.0,0.0,0.0,0.0,0.0,0.0,0.0,0.0,0.0,0.0]","[8,3,3,8]","[-0.3197585940361023,-0.23430122435092926,-0.017146773636341095,-0.9760048389434814]",False,"[false,false,false,false]","[false,false,false,false]",post_capture,"[0.0,1.0,0.0,0.968999981880188,1.0,0.9760000109672546,0.0,0.0,1.0,1.0,0.0,0.0,0.0,0.0,0.0,0.0,0.0,0.0,0.0,0.0,0.0,0.0,0.0,0.0,0.0,0.0,1.0,0.0,0.0,0.0,0.0,0.0,0.0,0.0,1.0,0.0,0.0,0.0,0.0,0.0,0.0,0.0,0.0,0.0,0.0,0.0,0.0,0.0,0.0,0.0]","[-3.3744640350341797,-3.1461257934570312,-2.5629215240478516,-4.197151184082031]","[-3.093515396118164,-3.088459014892578,-2.5012893676757812,-4.112573623657227]","[-3.7343430782567575,-6.877554221904857,-2.535279648118468,-9.689012571320601]","[-4.914519309997559,-5.449926376342773,-3.9023475646972656,-9.355487823486328]","[-4.914519309997559,-5.449926376342773,-3.9023475646972656,-9.355487823486328]"
2,93,post_capture,"[""coverage"",""coverage"",""coverage"",""coverage""]","[0.0,1.0,0.0,0.968999981880188,1.0,0.9760000109672546,0.0,0.0,1.0,1.0,0.0,0.0,0.0,0.0,0.0,0.0,0.0,0.0,0.0,0.0,0.0,0.0,0.0,0.0,0.0,0.0,1.0,0.0,0.0,0.0,0.0,0.0,0.0,0.0,1.0,0.0,0.0,0.0,0.0,0.0,0.0,0.0,0.0,0.0,0.0,0.0,0.0,0.0,0.0,0.0]","[8,8,2,6]","[-0.3278948962688446,-0.20469094812870026,-0.01726173795759678,-0.9523964524269104]",False,"[false,false,false,false]","[false,false,false,false]",post_capture,"[0.0,1.0,0.0,0.968666672706604,1.0,0.9739999771118164,0.0,0.0,1.0,1.0,0.0,0.0,0.0,0.0,0.0,0.0,0.0,0.0,0.0,0.0,0.0,0.0,0.0,0.0,0.0,0.0,1.0,0.0,0.0,0.0,0.0,0.0,0.0,0.0,1.0,0.0,0.0,0.0,0.0,0.0,0.0,0.0,0.0,0.0,0.0,0.0,0.0,0.0,0.0,0.0]","[-3.093515396118164,-3.088459014892578,-2.5012893676757812,-4.112573623657227]","[-3.054128646850586,-3.541606903076172,-3.9652786254882812,-4.262298583984375]","[-3.4490752365865203,-6.710356563185786,-2.5435685600829565,-8.80101791149204]","[-4.722627639770508,-5.383037090301514,-3.9993481636047363,-8.693153381347656]","[-4.722627639770508,-5.383037090301514,-3.9993481636047363,-8.693153381347656]"
2,94,post_capture,"[""coverage"",""coverage"",""coverage"",""coverage""]","[0.0,1.0,0.0,0.968666672706604,1.0,0.9739999771118164,0.0,0.0,1.0,1.0,0.0,0.0,0.0,0.0,0.0,0.0,0.0,0.0,0.0,0.0,0.0,0.0,0.0,0.0,0.0,0.0,1.0,0.0,0.0,0.0,0.0,0.0,0.0,0.0,1.0,0.0,0.0,0.0,0.0,0.0,0.0,0.0,0.0,0.0,0.0,0.0,0.0,0.0,0.0,0.0]","[6,8,3,8]","[-0.29073792695999146,-0.21714232861995697,-0.025546524673700333,-0.8667412996292114]",False,"[false,false,false,false]","[false,false,false,false]",post_capture,"[0.0,1.0,0.0,0.9683333039283752,1.0,0.972000002861023,0.0,0.0,1.0,1.0,0.0,0.0,0.0,0.0,0.0,0.0,0.0,0.0,0.0,0.0,0.0,0.0,0.0,0.0,0.0,0.0,1.0,0.0,0.0,0.0,0.0,0.0,0.0,0.0,1.0,0.0,0.0,0.0,0.0,0.0,0.0,0.0,0.0,0.0,0.0,0.0,0.0,0.0,0.0,0.0]","[-3.054128646850586,-3.541606903076172,-3.9652786254882812,-4.262298583984375]","[-2.8188533782958984,-3.3289737701416016,-4.001953125,-3.999635696411133]","[-3.1527074144622986,-6.571379409148571,-2.551825072853899,-7.927900463702152]","[-4.512018203735352,-5.319549560546875,-4.02531099319458,-8.006138801574707]","[-4.512018203735352,-5.319549560546875,-4.02531099319458,-8.006138801574707]"
2,95,post_capture,"[""coverage"",""coverage"",""coverage"",""coverage""]","[0.0,1.0,0.0,0.9683333039283752,1.0,0.972000002861023,0.0,0.0,1.0,1.0,0.0,0.0,0.0,0.0,0.0,0.0,0.0,0.0,0.0,0.0,0.0,0.0,0.0,0.0,0.0,0.0,1.0,0.0,0.0,0.0,0.0,0.0,0.0,0.0,1.0,0.0,0.0,0.0,0.0,0.0,0.0,0.0,0.0,0.0,0.0,0.0,0.0,0.0,0.0,0.0]","[6,6,3,6]","[-0.299521803855896,-0.1998855173587799,-0.028093324974179268,-0.7758640050888062]",False,"[false,false,false,false]","[false,false,false,false]",post_capture,"[0.0,1.0,0.0,0.9679999947547913,1.0,0.9700000286102295,0.0,0.0,1.0,1.0,0.0,0.0,0.0,0.0,0.0,0.0,0.0,0.0,0.0,0.0,0.0,0.0,0.0,0.0,0.0,0.0,1.0,0.0,0.0,0.0,0.0,0.0,0.0,0.0,1.0,0.0,0.0,0.0,0.0,0.0,0.0,0.0,0.0,0.0,0.0,0.0,0.0,0.0,0.0,0.0]","[-2.8188533782958984,-3.3289737701416016,-4.001953125,-3.999635696411133]","[-2.788248062133789,-3.0034923553466797,-3.8504104614257812,-3.821949005126953]","[-2.8908782702043507,-6.418421293463247,-2.551796513313332,-7.132484004114082]","[-4.339975833892822,-5.249998092651367,-4.042177200317383,-7.380558013916016]","[-4.339975833892822,-5.249998092651367,-4.042177200317383,-7.380558013916016]"
2,96,post_capture,"[""coverage"",""coverage"",""coverage"",""coverage""]","[0.0,1.0,0.0,0.9679999947547913,1.0,0.9700000286102295,0.0,0.0,1.0,1.0,0.0,0.0,0.0,0.0,0.0,0.0,0.0,0.0,0.0,0.0,0.0,0.0,0.0,0.0,0.0,0.0,1.0,0.0,0.0,0.0,0.0,0.0,0.0,0.0,1.0,0.0,0.0,0.0,0.0,0.0,0.0,0.0,0.0,0.0,0.0,0.0,0.0,0.0,0.0,0.0]","[8,8,3,6]","[-0.28324493765830994,-0.18939177691936493,-0.030999457463622093,-0.7089506983757019]",False,"[false,false,false,false]","[false,false,false,false]",post_capture,"[0.0,1.0,0.0,0.9676666855812073,1.0,0.9679999947547913,0.0,0.0,1.0,1.0,0.0,0.0,0.0,0.0,0.0,0.0,0.0,0.0,0.0,0.0,0.0,0.0,0.0,0.0,0.0,0.0,1.0,0.0,0.0,0.0,0.0,0.0,0.0,0.0,1.0,0.0,0.0,0.0,0.0,0.0,0.0,0.0,0.0,0.0,0.0,0.0,0.0,0.0,0.0,0.0]","[-2.788248062133789,-3.0034923553466797,-3.8504104614257812,-3.821949005126953]","[-3.173349380493164,-3.590940475463867,-4.154567718505859,-4.094213485717773]","[-2.6175317841903585,-6.281349268792391,-2.5491951397365176,-6.420828281843713]","[-4.149320125579834,-5.211524963378906,-4.065378665924072,-6.821379661560059]","[-4.149320125579834,-5.211524963378906,-4.065378665924072,-6.821379661560059]"
2,97,post_capture,"[""coverage"",""coverage"",""coverage"",""coverage""]","[0.0,1.0,0.0,0.9676666855812073,1.0,0.9679999947547913,0.0,0.0,1.0,1.0,0.0,0.0,0.0,0.0,0.0,0.0,0.0,0.0,0.0,0.0,0.0,0.0,0.0,0.0,0.0,0.0,1.0,0.0,0.0,0.0,0.0,0.0,0.0,0.0,1.0,0.0,0.0,0.0,0.0,0.0,0.0,0.0,0.0,0.0,0.0,0.0,0.0,0.0,0.0,0.0]","[3,3,3,8]","[-0.2306007742881775,-0.17709414660930634,-0.03678489103913307,-0.6389706134796143]",False,"[false,false,false,false]","[false,false,false,false]",post_capture,"[0.0,1.0,0.0,0.9673333168029785,1.0,0.9660000205039978,0.0,0.0,1.0,1.0,0.0,0.0,0.0,0.0,0.0,0.0,0.0,0.0,0.0,0.0,0.0,0.0,0.0,0.0,0.0,0.0,1.0,0.0,0.0,0.0,0.0,0.0,0.0,0.0,1.0,0.0,0.0,0.0,0.0,0.0,0.0,0.0,0.0,0.0,0.0,0.0,0.0,0.0,0.0,0.0]","[-3.173349380493164,-3.590940475463867,-4.154567718505859,-4.094213485717773]","[-3.027141571044922,-3.4206008911132812,-4.224775314331055,-4.058586120605469]","[-2.357865501547524,-6.15349241603336,-2.543632002295854,-5.769573316634355]","[-3.943641185760498,-5.150857925415039,-4.070949554443359,-6.283642292022705]","[-3.943641185760498,-5.150857925415039,-4.070949554443359,-6.283642292022705]"
2,98,post_capture,"[""coverage"",""coverage"",""coverage"",""coverage""]","[0.0,1.0,0.0,0.9673333168029785,1.0,0.9660000205039978,0.0,0.0,1.0,1.0,0.0,0.0,0.0,0.0,0.0,0.0,0.0,0.0,0.0,0.0,0.0,0.0,0.0,0.0,0.0,0.0,1.0,0.0,0.0,0.0,0.0,0.0,0.0,0.0,1.0,0.0,0.0,0.0,0.0,0.0,0.0,0.0,0.0,0.0,0.0,0.0,0.0,0.0,0.0,0.0]","[8,8,8,6]","[-0.23078185319900513,-0.1705426722764969,-0.04741957411170006,-0.5785872340202332]",False,"[false,false,false,false]","[false,false,false,false]",post_capture,"[0.0,1.0,0.0,0.9670000076293945,1.0,0.9639999866485596,0.0,0.0,1.0,1.0,0.0,0.0,0.0,0.0,0.0,0.0,0.0,0.0,0.0,0.0,0.0,0.0,0.0,0.0,0.0,0.0,1.0,0.0,0.0,0.0,0.0,0.0,0.0,0.0,1.0,0.0,0.0,0.0,0.0,0.0,0.0,0.0,0.0,0.0,0.0,0.0,0.0,0.0,0.0,0.0]","[-3.027141571044922,-3.4206008911132812,-4.224775314331055,-4.058586120605469]","[-3.1889915466308594,-3.743986129760742,-3.1061229705810547,-3.9242000579833984]","[-2.1487522497569156,-6.036765928711165,-2.532168799249213,-5.182426972883576]","[-3.7886195182800293,-5.10839319229126,-4.067026138305664,-5.788167476654053]","[-3.7886195182800293,-5.10839319229126,-4.067026138305664,-5.788167476654053]"
2,99,post_capture,"[""coverage"",""coverage"",""coverage"",""coverage""]","[0.0,1.0,0.0,0.9670000076293945,1.0,0.9639999866485596,0.0,0.0,1.0,1.0,0.0,0.0,0.0,0.0,0.0,0.0,0.0,0.0,0.0,0.0,0.0,0.0,0.0,0.0,0.0,0.0,1.0,0.0,0.0,0.0,0.0,0.0,0.0,0.0,1.0,0.0,0.0,0.0,0.0,0.0,0.0,0.0,0.0,0.0,0.0,0.0,0.0,0.0,0.0,0.0]","[8,6,8,8]","[-0.2141021490097046,-0.1655595600605011,-0.05415816977620125,-0.5189080834388733]",False,"[false,false,false,false]","[false,false,false,false]",post_capture,"[0.0,1.0,0.0,0.9666666388511658,1.0,0.9620000123977661,0.0,0.0,1.0,1.0,0.0,0.0,0.0,0.0,0.0,0.0,0.0,0.0,0.0,0.0,0.0,0.0,0.0,0.0,0.0,0.0,1.0,0.0,0.0,0.0,0.0,0.0,0.0,0.0,1.0,0.0,0.0,0.0,0.0,0.0,0.0,0.0,0.0,0.0,0.0,0.0,0.0,0.0,0.0,0.0]","[-3.1889915466308594,-3.743986129760742,-3.1061229705810547,-3.9242000579833984]","[-3.0424137115478516,-3.4626026153564453,-2.4235973358154297,-3.9909744262695312]","[-1.93734383490698,-5.925478036802695,-2.509847702159104,-4.650343170569033]","[-3.615079879760742,-5.053187370300293,-4.110423564910889,-5.332623481750488]","[-3.615079879760742,-5.053187370300293,-4.110423564910889,-5.332623481750488]"
2,100,post_capture,"[""coverage"",""coverage"",""coverage"",""coverage""]","[0.0,1.0,0.0,0.9666666388511658,1.0,0.9620000123977661,0.0,0.0,1.0,1.0,0.0,0.0,0.0,0.0,0.0,0.0,0.0,0.0,0.0,0.0,0.0,0.0,0.0,0.0,0.0,0.0,1.0,0.0,0.0,0.0,0.0,0.0,0.0,0.0,1.0,0.0,0.0,0.0,0.0,0.0,0.0,0.0,0.0,0.0,0.0,0.0,0.0,0.0,0.0,0.0]","[6,8,2,6]","[-0.19637736678123474,-0.16003599762916565,-0.06200210750102997,-0.4605202376842499]",False,"[false,false,false,false]","[false,false,false,false]",post_capture,"[0.0,1.0,0.0,0.9663333296775818,1.0,0.9599999785423279,0.0,0.0,1.0,1.0,0.0,0.0,0.0,0.0,0.0,0.0,0.0,0.0,0.0,0.0,0.0,0.0,0.0,0.0,0.0,0.0,1.0,0.0,0.0,0.0,0.0,0.0,0.0,0.0,1.0,0.0,0.0,0.0,0.0,0.0,0.0,0.0,0.0,0.0,0.0,0.0,0.0,0.0,0.0,0.0]","[-3.0424137115478516,-3.4626026153564453,-2.4235973358154297,-3.9909744262695312]","[-2.5853652954101562,-3.445850372314453,-3.3442039489746094,-3.4545764923095703]","[-1.7406481675730054,-5.818099471456762,-2.4804944771544473,-4.173166754676929]","[-3.4560108184814453,-5.0145978927612305,-4.185324192047119,-4.908199787139893]","[-3.4560108184814453,-5.0145978927612305,-4.185324192047119,-4.908199787139893]"
2,101,post_capture,"[""coverage"",""coverage"",""coverage"",""coverage""]","[0.0,1.0,0.0,0.9663333296775818,1.0,0.9599999785423279,0.0,0.0,1.0,1.0,0.0,0.0,0.0,0.0,0.0,0.0,0.0,0.0,0.0,0.0,0.0,0.0,0.0,0.0,0.0,0.0,1.0,0.0,0.0,0.0,0.0,0.0,0.0,0.0,1.0,0.0,0.0,0.0,0.0,0.0,0.0,0.0,0.0,0.0,0.0,0.0,0.0,0.0,0.0,0.0]","[8,8,3,6]","[-0.17958813905715942,-0.16412320733070374,-0.06914688646793365,-0.4028131365776062]",False,"[false,false,false,false]","[false,false,false,false]",post_capture,"[0.0,1.0,0.0,0.9660000205039978,1.0,0.9580000042915344,0.0,0.0,1.0,1.0,0.0,0.0,0.0,0.0,0.0,0.0,0.0,0.0,0.0,0.0,0.0,0.0,0.0,0.0,0.0,0.0,1.0,0.0,0.0,0.0,0.0,0.0,0.0,0.0,1.0,0.0,0.0,0.0,0.0,0.0,0.0,0.0,0.0,0.0,0.0,0.0,0.0,0.0,0.0,0.0]","[-2.5853652954101562,-3.445850372314453,-3.3442039489746094,-3.4545764923095703]","[-2.838563919067383,-3.5797500610351562,-3.5639915466308594,-3.487600326538086]","[-1.5598694957492634,-5.715215630128885,-2.4429215855085022,-3.7501479969623026]","[-3.329779863357544,-4.980320930480957,-4.208169937133789,-4.547238349914551]","[-3.329779863357544,-4.980320930480957,-4.208169937133789,-4.547238349914551]"
2,102,post_capture,"[""coverage"",""coverage"",""coverage"",""coverage""]","[0.0,1.0,0.0,0.9660000205039978,1.0,0.9580000042915344,0.0,0.0,1.0,1.0,0.0,0.0,0.0,0.0,0.0,0.0,0.0,0.0,0.0,0.0,0.0,0.0,0.0,0.0,0.0,0.0,1.0,0.0,0.0,0.0,0.0,0.0,0.0,0.0,1.0,0.0,0.0,0.0,0.0,0.0,0.0,0.0,0.0,0.0,0.0,0.0,0.0,0.0,0.0,0.0]","[3,3,8,8]","[-0.16840042173862457,-0.1605692356824875,-0.07820822298526764,-0.35053548216819763]",False,"[false,false,false,false]","[false,false,false,false]",post_capture,"[0.0,1.0,0.0,0.965666651725769,1.0,0.9559999704360962,0.0,0.0,1.0,1.0,0.0,0.0,0.0,0.0,0.0,0.0,0.0,0.0,0.0,0.0,0.0,0.0,0.0,0.0,0.0,0.0,1.0,0.0,0.0,0.0,0.0,0.0,0.0,0.0,1.0,0.0,0.0,0.0,0.0,0.0,0.0,0.0,0.0,0.0,0.0,0.0,0.0,0.0,0.0,0.0]","[-2.838563919067383,-3.5797500610351562,-3.5639915466308594,-3.487600326538086]","[-2.5838966369628906,-3.27093505859375,-2.5981178283691406,-3.4383163452148438]","[-1.3942235926182869,-5.607164063432506,-2.3977522212530995,-3.3811463236209054]","[-3.2000880241394043,-4.932482719421387,-4.213296413421631,-4.2230610847473145]","[-3.2000880241394043,-4.932482719421387,-4.213296413421631,-4.2230610847473145]"
2,103,post_capture,"[""coverage"",""coverage"",""coverage"",""coverage""]","[0.0,1.0,0.0,0.965666651725769,1.0,0.9559999704360962,0.0,0.0,1.0,1.0,0.0,0.0,0.0,0.0,0.0,0.0,0.0,0.0,0.0,0.0,0.0,0.0,0.0,0.0,0.0,0.0,1.0,0.0,0.0,0.0,0.0,0.0,0.0,0.0,1.0,0.0,0.0,0.0,0.0,0.0,0.0,0.0,0.0,0.0,0.0,0.0,0.0,0.0,0.0,0.0]","[3,6,2,8]","[-0.1472712904214859,-0.13487166166305542,-0.08615913987159729,-0.30667728185653687]",False,"[false,false,false,false]","[false,false,false,false]",post_capture,"[0.0,1.0,0.0,0.9653333425521851,1.0,0.9539999961853027,0.0,0.0,1.0,1.0,0.0,0.0,0.0,0.0,0.0,0.0,0.0,0.0,0.0,0.0,0.0,0.0,0.0,0.0,0.0,0.0,1.0,0.0,0.0,0.0,0.0,0.0,0.0,0.0,1.0,0.0,0.0,0.0,0.0,0.0,0.0,0.0,0.0,0.0,0.0,0.0,0.0,0.0,0.0,0.0]","[-2.5838966369628906,-3.27093505859375,-2.5981178283691406,-3.4383163452148438]","[-2.465890884399414,-2.94610595703125,-3.634716033935547,-3.1211605072021484]","[-1.23820522311077,-5.501610937121232,-2.3429737356240725,-3.061223072174452]","[-3.0874900817871094,-4.901650428771973,-4.259948253631592,-3.936553955078125]","[-3.0874900817871094,-4.901650428771973,-4.259948253631592,-3.936553955078125]"
2,104,post_capture,"[""coverage"",""coverage"",""coverage"",""coverage""]","[0.0,1.0,0.0,0.9653333425521851,1.0,0.9539999961853027,0.0,0.0,1.0,1.0,0.0,0.0,0.0,0.0,0.0,0.0,0.0,0.0,0.0,0.0,0.0,0.0,0.0,0.0,0.0,0.0,1.0,0.0,0.0,0.0,0.0,0.0,0.0,0.0,1.0,0.0,0.0,0.0,0.0,0.0,0.0,0.0,0.0,0.0,0.0,0.0,0.0,0.0,0.0,0.0]","[8,8,2,6]","[-0.1345445066690445,-0.12483289837837219,-0.09599420428276062,-0.2592586278915405]",False,"[false,false,false,false]","[false,false,false,false]",post_capture,"[0.0,1.0,0.0,0.9649999737739563,1.0,0.9520000219345093,0.0,0.0,1.0,1.0,0.0,0.0,0.0,0.0,0.0,0.0,0.0,0.0,0.0,0.0,0.0,0.0,0.0,0.0,0.0,0.0,1.0,0.0,0.0,0.0,0.0,0.0,0.0,0.0,1.0,0.0,0.0,0.0,0.0,0.0,0.0,0.0,0.0,0.0,0.0,0.0,0.0,0.0,0.0,0.0]","[-2.465890884399414,-2.94610595703125,-3.634716033935547,-3.1211605072021484]","[-2.833963394165039,-3.4733200073242188,-5.106382369995117,-3.0016098022460938]","[-1.1019534673629132,-5.420948763089067,-2.279610702780278,-2.7823694851696117]","[-2.996445655822754,-4.913287162780762,-4.24653959274292,-3.6952462196350098]","[-2.996445655822754,-4.913287162780762,-4.24653959274292,-3.6952462196350098]"
2,105,post_capture,"[""coverage"",""coverage"",""coverage"",""coverage""]","[0.0,1.0,0.0,0.9649999737739563,1.0,0.9520000219345093,0.0,0.0,1.0,1.0,0.0,0.0,0.0,0.0,0.0,0.0,0.0,0.0,0.0,0.0,0.0,0.0,0.0,0.0,0.0,0.0,1.0,0.0,0.0,0.0,0.0,0.0,0.0,0.0,1.0,0.0,0.0,0.0,0.0,0.0,0.0,0.0,0.0,0.0,0.0,0.0,0.0,0.0,0.0,0.0]","[3,8,8,6]","[-0.11618294566869736,-0.11428456753492355,-0.09996391832828522,-0.2203895002603531]",False,"[false,false,false,false]","[false,false,false,false]",post_capture,"[0.0,1.0,0.0,0.9646666646003723,1.0,0.949999988079071,0.0,0.0,1.0,1.0,0.0,0.0,0.0,0.0,0.0,0.0,0.0,0.0,0.0,0.0,0.0,0.0,0.0,0.0,0.0,0.0,1.0,0.0,0.0,0.0,0.0,0.0,0.0,0.0,1.0,0.0,0.0,0.0,0.0,0.0,0.0,0.0,0.0,0.0,0.0,0.0,0.0,0.0,0.0,0.0]","[-2.833963394165039,-3.4733200073242188,-5.106382369995117,-3.0016098022460938]","[-2.6022682189941406,-3.2468128204345703,-4.5097808837890625,-2.711732864379883]","[-0.9771807683776452,-5.349611984556257,-2.205673230805573,-2.548596825533405]","[-2.893800973892212,-4.908585548400879,-4.144369602203369,-3.4953835010528564]","[-2.893800973892212,-4.908585548400879,-4.144369602203369,-3.4953835010528564]"
2,106,post_capture,"[""coverage"",""coverage"",""coverage"",""coverage""]","[0.0,1.0,0.0,0.9646666646003723,1.0,0.949999988079071,0.0,0.0,1.0,1.0,0.0,0.0,0.0,0.0,0.0,0.0,0.0,0.0,0.0,0.0,0.0,0.0,0.0,0.0,0.0,0.0,1.0,0.0,0.0,0.0,0.0,0.0,0.0,0.0,1.0,0.0,0.0,0.0,0.0,0.0,0.0,0.0,0.0,0.0,0.0,0.0,0.0,0.0,0.0,0.0]","[8,3,8,8]","[-0.09367053210735321,-0.14987018704414368,-0.10731576383113861,-0.17920750379562378]",False,"[false,false,false,false]","[false,false,false,false]",post_capture,"[0.0,1.0,0.0,0.9643333554267883,1.0,0.9480000138282776,0.0,0.0,1.0,1.0,0.0,0.0,0.0,0.0,0.0,0.0,0.0,0.0,0.0,0.0,0.0,0.0,0.0,0.0,0.0,0.0,1.0,0.0,0.0,0.0,0.0,0.0,0.0,0.0,1.0,0.0,0.0,0.0,0.0,0.0,0.0,0.0,0.0,0.0,0.0,0.0,0.0,0.0,0.0,0.0]","[-2.6022682189941406,-3.2468128204345703,-4.5097808837890625,-2.711732864379883]","[-3.177766799926758,-3.670217514038086,-4.363288879394531,-3.446256637573242]","[-0.8696947704130786,-5.288209512142761,-2.126979103512412,-2.351724570982881]","[-2.816380262374878,-4.926723480224609,-4.062914848327637,-3.339460849761963]","[-2.816380262374878,-4.926723480224609,-4.062914848327637,-3.339460849761963]"
2,107,post_capture,"[""coverage"",""coverage"",""coverage"",""coverage""]","[0.0,1.0,0.0,0.9643333554267883,1.0,0.9480000138282776,0.0,0.0,1.0,1.0,0.0,0.0,0.0,0.0,0.0,0.0,0.0,0.0,0.0,0.0,0.0,0.0,0.0,0.0,0.0,0.0,1.0,0.0,0.0,0.0,0.0,0.0,0.0,0.0,1.0,0.0,0.0,0.0,0.0,0.0,0.0,0.0,0.0,0.0,0.0,0.0,0.0,0.0,0.0,0.0]","[2,3,8,8]","[-0.07740980386734009,-0.10586794465780258,-0.1110101267695427,-0.15633906424045563]",False,"[false,false,false,false]","[false,false,false,false]",post_capture,"[0.0,1.0,0.0,0.9639999866485596,1.0,0.9459999799728394,0.0,0.0,1.0,1.0,0.0,0.0,0.0,0.0,0.0,0.0,0.0,0.0,0.0,0.0,0.0,0.0,0.0,0.0,0.0,0.0,1.0,0.0,0.0,0.0,0.0,0.0,0.0,0.0,1.0,0.0,0.0,0.0,0.0,0.0,0.0,0.0,0.0,0.0,0.0,0.0,0.0,0.0,0.0,0.0]","[-3.177766799926758,-3.670217514038086,-4.363288879394531,-3.446256637573242]","[-3.753681182861328,-4.12846565246582,-4.325445175170898,-3.7914981842041016]","[-0.7838628669754802,-5.190241742523856,-2.0400639794760336,-2.1944616840275324]","[-2.7277088165283203,-4.88588809967041,-3.9762003421783447,-3.178802251815796]","[-2.7277088165283203,-4.88588809967041,-3.9762003421783447,-3.178802251815796]"
2,108,post_capture,"[""coverage"",""coverage"",""coverage"",""coverage""]","[0.0,1.0,0.0,0.9639999866485596,1.0,0.9459999799728394,0.0,0.0,1.0,1.0,0.0,0.0,0.0,0.0,0.0,0.0,0.0,0.0,0.0,0.0,0.0,0.0,0.0,0.0,0.0,0.0,1.0,0.0,0.0,0.0,0.0,0.0,0.0,0.0,1.0,0.0,0.0,0.0,0.0,0.0,0.0,0.0,0.0,0.0,0.0,0.0,0.0,0.0,0.0,0.0]","[3,8,8,3]","[-0.0651693344116211,-0.11284266412258148,-0.11847769469022751,-0.1171136274933815]",False,"[false,false,false,false]","[false,false,false,false]",post_capture,"[0.0,1.0,0.0,0.9636666774749756,1.0,0.9440000057220459,0.0,0.0,1.0,1.0,0.0,0.0,0.0,0.0,0.0,0.0,0.0,0.0,0.0,0.0,0.0,0.0,0.0,0.0,0.0,0.0,1.0,0.0,0.0,0.0,0.0,0.0,0.0,0.0,1.0,0.0,0.0,0.0,0.0,0.0,0.0,0.0,0.0,0.0,0.0,0.0,0.0,0.0,0.0,0.0]","[-3.753681182861328,-4.12846565246582,-4.325445175170898,-3.7914981842041016]","[-3.6765499114990234,-4.541158676147461,-4.462251663208008,-3.553508758544922]","[-0.713588952634485,-5.13573110895561,-1.9485392451580719,-2.0587097169566433]","[-2.620406150817871,-4.865136623382568,-3.882063388824463,-3.0141243934631348]","[-2.620406150817871,-4.865136623382568,-3.882063388824463,-3.0141243934631348]"
2,109,post_capture,"[""coverage"",""coverage"",""coverage"",""coverage""]","[0.0,1.0,0.0,0.9636666774749756,1.0,0.9440000057220459,0.0,0.0,1.0,1.0,0.0,0.0,0.0,0.0,0.0,0.0,0.0,0.0,0.0,0.0,0.0,0.0,0.0,0.0,0.0,0.0,1.0,0.0,0.0,0.0,0.0,0.0,0.0,0.0,1.0,0.0,0.0,0.0,0.0,0.0,0.0,0.0,0.0,0.0,0.0,0.0,0.0,0.0,0.0,0.0]","[3,3,8,6]","[-0.05337082967162132,-0.10024251788854599,-0.11830452084541321,-0.10564303398132324]",False,"[false,false,false,false]","[false,false,false,false]",post_capture,"[0.0,1.0,0.0,0.9633333086967468,1.0,0.9419999718666077,0.0,0.0,1.0,1.0,0.0,0.0,0.0,0.0,0.0,0.0,0.0,0.0,0.0,0.0,0.0,0.0,0.0,0.0,0.0,0.0,1.0,0.0,0.0,0.0,0.0,0.0,0.0,0.0,1.0,0.0,0.0,0.0,0.0,0.0,0.0,0.0,0.0,0.0,0.0,0.0,0.0,0.0,0.0,0.0]","[-3.6765499114990234,-4.541158676147461,-4.462251663208008,-3.553508758544922]","[-3.5902175903320312,-4.0822906494140625,-4.77754020690918,-3.251493453979492]","[-0.6549693113362262,-5.073624691750534,-1.8485470206745902,-1.961208171175012]","[-2.5233893394470215,-4.813936233520508,-3.7668304443359375,-2.893261194229126]","[-2.5233893394470215,-4.813936233520508,-3.7668304443359375,-2.893261194229126]"
2,110,post_capture,"[""coverage"",""coverage"",""coverage"",""coverage""]","[0.0,1.0,0.0,0.9633333086967468,1.0,0.9419999718666077,0.0,0.0,1.0,1.0,0.0,0.0,0.0,0.0,0.0,0.0,0.0,0.0,0.0,0.0,0.0,0.0,0.0,0.0,0.0,0.0,1.0,0.0,0.0,0.0,0.0,0.0,0.0,0.0,1.0,0.0,0.0,0.0,0.0,0.0,0.0,0.0,0.0,0.0,0.0,0.0,0.0,0.0,0.0,0.0]","[8,3,8,6]","[-0.04521157592535019,-0.08933091163635254,-0.11444497853517532,-0.08784789592027664]",False,"[false,false,false,false]","[false,false,false,false]",post_capture,"[0.0,1.0,0.0,0.9629999995231628,1.0,0.9399999976158142,0.0,0.0,1.0,1.0,0.0,0.0,0.0,0.0,0.0,0.0,0.0,0.0,0.0,0.0,0.0,0.0,0.0,0.0,0.0,0.0,1.0,0.0,0.0,0.0,0.0,0.0,0.0,0.0,1.0,0.0,0.0,0.0,0.0,0.0,0.0,0.0,0.0,0.0,0.0,0.0,0.0,0.0,0.0,0.0]","[-3.5902175903320312,-4.0822906494140625,-4.77754020690918,-3.251493453979492]","[-3.7195701599121094,-4.047513961791992,-5.232698440551758,-3.0413589477539062]","[-0.6076752340046514,-5.0236183574363515,-1.7477196967971484,-1.8743082193875644]","[-2.437323570251465,-4.797044277191162,-3.627897262573242,-2.7928433418273926]","[-2.437323570251465,-4.797044277191162,-3.627897262573242,-2.7928433418273926]"
2,111,post_capture,"[""coverage"",""coverage"",""coverage"",""coverage""]","[0.0,1.0,0.0,0.9629999995231628,1.0,0.9399999976158142,0.0,0.0,1.0,1.0,0.0,0.0,0.0,0.0,0.0,0.0,0.0,0.0,0.0,0.0,0.0,0.0,0.0,0.0,0.0,0.0,1.0,0.0,0.0,0.0,0.0,0.0,0.0,0.0,1.0,0.0,0.0,0.0,0.0,0.0,0.0,0.0,0.0,0.0,0.0,0.0,0.0,0.0,0.0,0.0]","[8,3,8,2]","[-0.03364253416657448,-0.08282263576984406,-0.10753090679645538,-0.06795492023229599]",False,"[false,false,false,false]","[false,false,false,false]",post_capture,"[0.0,1.0,0.0,0.9626666903495789,1.0,0.9380000233650208,0.0,0.0,1.0,1.0,0.0,0.0,0.0,0.0,0.0,0.0,0.0,0.0,0.0,0.0,0.0,0.0,0.0,0.0,0.0,0.0,1.0,0.0,0.0,0.0,0.0,0.0,0.0,0.0,1.0,0.0,0.0,0.0,0.0,0.0,0.0,0.0,0.0,0.0,0.0,0.0,0.0,0.0,0.0,0.0]","[-3.7195701599121094,-4.047513961791992,-5.232698440551758,-3.0413589477539062]","[-3.7337646484375,-4.104825973510742,-5.3775787353515625,-3.9004287719726562]","[-0.5681451091710114,-4.984128733131312,-1.6497724426888618,-1.8045053772396846]","[-2.3476803302764893,-4.792516231536865,-3.460322856903076,-2.7160532474517822]","[-2.3476803302764893,-4.792516231536865,-3.460322856903076,-2.7160532474517822]"
2,112,post_capture,"[""coverage"",""coverage"",""coverage"",""coverage""]","[0.0,1.0,0.0,0.9626666903495789,1.0,0.9380000233650208,0.0,0.0,1.0,1.0,0.0,0.0,0.0,0.0,0.0,0.0,0.0,0.0,0.0,0.0,0.0,0.0,0.0,0.0,0.0,0.0,1.0,0.0,0.0,0.0,0.0,0.0,0.0,0.0,1.0,0.0,0.0,0.0,0.0,0.0,0.0,0.0,0.0,0.0,0.0,0.0,0.0,0.0,0.0,0.0]","[6,8,6,3]","[-0.027928970754146576,-0.08037251234054565,-0.10451455414295197,-0.056258197873830795]",False,"[false,false,false,false]","[false,false,false,false]",post_capture,"[0.0,1.0,0.0,0.9623333215713501,1.0,0.9359999895095825,0.0,0.0,1.0,1.0,0.0,0.0,0.0,0.0,0.0,0.0,0.0,0.0,0.0,0.0,0.0,0.0,0.0,0.0,0.0,0.0,1.0,0.0,0.0,0.0,0.0,0.0,0.0,0.0,1.0,0.0,0.0,0.0,0.0,0.0,0.0,0.0,0.0,0.0,0.0,0.0,0.0,0.0,0.0,0.0]","[-3.7337646484375,-4.104825973510742,-5.3775787353515625,-3.9004287719726562]","[-2.9573497772216797,-4.2185211181640625,-4.528829574584961,-3.0659866333007812]","[-0.5399015909135726,-4.950814239759059,-1.557819733224653,-1.754091370714534]","[-2.2639195919036865,-4.791604518890381,-3.2818732261657715,-2.610342502593994]","[-2.2639195919036865,-4.791604518890381,-3.2818732261657715,-2.610342502593994]"
2,113,post_capture,"[""coverage"",""coverage"",""coverage"",""coverage""]","[0.0,1.0,0.0,0.9623333215713501,1.0,0.9359999895095825,0.0,0.0,1.0,1.0,0.0,0.0,0.0,0.0,0.0,0.0,0.0,0.0,0.0,0.0,0.0,0.0,0.0,0.0,0.0,0.0,1.0,0.0,0.0,0.0,0.0,0.0,0.0,0.0,1.0,0.0,0.0,0.0,0.0,0.0,0.0,0.0,0.0,0.0,0.0,0.0,0.0,0.0,0.0,0.0]","[8,8,8,3]","[-0.01880694553256035,-0.08380428701639175,-0.09989476948976517,-0.04886556789278984]",False,"[false,false,false,false]","[false,false,false,false]",post_capture,"[0.0,1.0,0.0,0.9620000123977661,1.0,0.9340000152587891,0.0,0.0,1.0,1.0,0.0,0.0,0.0,0.0,0.0,0.0,0.0,0.0,0.0,0.0,0.0,0.0,0.0,0.0,0.0,0.0,1.0,0.0,0.0,0.0,0.0,0.0,0.0,0.0,1.0,0.0,0.0,0.0,0.0,0.0,0.0,0.0,0.0,0.0,0.0,0.0,0.0,0.0,0.0,0.0]","[-2.9573497772216797,-4.2185211181640625,-4.528829574584961,-3.0659866333007812]","[-3.211599349975586,-4.566677093505859,-4.927228927612305,-3.032724380493164]","[-0.517144060767097,-4.919638108503549,-1.4679850293754557,-1.7149830028693973]","[-2.2217986583709717,-4.787257194519043,-3.140012264251709,-2.5542988777160645]","[-2.2217986583709717,-4.787257194519043,-3.140012264251709,-2.5542988777160645]"
2,114,post_capture,"[""coverage"",""coverage"",""coverage"",""coverage""]","[0.0,1.0,0.0,0.9620000123977661,1.0,0.9340000152587891,0.0,0.0,1.0,1.0,0.0,0.0,0.0,0.0,0.0,0.0,0.0,0.0,0.0,0.0,0.0,0.0,0.0,0.0,0.0,0.0,1.0,0.0,0.0,0.0,0.0,0.0,0.0,0.0,1.0,0.0,0.0,0.0,0.0,0.0,0.0,0.0,0.0,0.0,0.0,0.0,0.0,0.0,0.0,0.0]","[7,8,6,8]","[-0.013770710676908493,-0.0889129564166069,-0.09384273737668991,-0.038258422166109085]",False,"[false,false,false,false]","[false,false,false,false]",post_capture,"[0.0,1.0,0.0,0.9616666436195374,1.0,0.9319999814033508,0.0,0.0,1.0,1.0,0.0,0.0,0.0,0.0,0.0,0.0,0.0,0.0,0.0,0.0,0.0,0.0,0.0,0.0,0.0,0.0,1.0,0.0,0.0,0.0,0.0,0.0,0.0,0.0,1.0,0.0,0.0,0.0,0.0,0.0,0.0,0.0,0.0,0.0,0.0,0.0,0.0,0.0,0.0,0.0]","[-3.211599349975586,-4.566677093505859,-4.927228927612305,-3.032724380493164]","[-2.975982666015625,-4.689817428588867,-4.31956672668457,-3.4485740661621094]","[-0.5033708234692289,-4.884680627764806,-1.3819093534198894,-1.6829469040167753]","[-2.173330783843994,-4.760662078857422,-2.9731197357177734,-2.5043206214904785]","[-2.173330783843994,-4.760662078857422,-2.9731197357177734,-2.5043206214904785]"
2,115,post_capture,"[""coverage"",""coverage"",""coverage"",""coverage""]","[0.0,1.0,0.0,0.9616666436195374,1.0,0.9319999814033508,0.0,0.0,1.0,1.0,0.0,0.0,0.0,0.0,0.0,0.0,0.0,0.0,0.0,0.0,0.0,0.0,0.0,0.0,0.0,0.0,1.0,0.0,0.0,0.0,0.0,0.0,0.0,0.0,1.0,0.0,0.0,0.0,0.0,0.0,0.0,0.0,0.0,0.0,0.0,0.0,0.0,0.0,0.0,0.0]","[3,3,6,8]","[-0.004530589561909437,-0.0897681936621666,-0.08978598564863205,-0.030381033197045326]",False,"[false,false,false,false]","[false,false,false,false]",post_capture,"[0.0,1.0,0.0,0.9613333344459534,1.0,0.9300000071525574,0.0,0.0,1.0,1.0,0.0,0.0,0.0,0.0,0.0,0.0,0.0,0.0,0.0,0.0,0.0,0.0,0.0,0.0,0.0,0.0,1.0,0.0,0.0,0.0,0.0,0.0,0.0,0.0,1.0,0.0,0.0,0.0,0.0,0.0,0.0,0.0,0.0,0.0,0.0,0.0,0.0,0.0,0.0,0.0]","[-2.975982666015625,-4.689817428588867,-4.31956672668457,-3.4485740661621094]","[-2.4973068237304688,-4.157758712768555,-3.739686965942383,-3.2371749877929688]","[-0.49454556847709125,-4.844209769038585,-1.3010773899426258,-1.6613014968188546]","[-2.139552116394043,-4.720471382141113,-2.8340868949890137,-2.4405720233917236]","[-2.139552116394043,-4.720471382141113,-2.8340868949890137,-2.4405720233917236]"
2,116,post_capture,"[""coverage"",""coverage"",""coverage"",""coverage""]","[0.0,1.0,0.0,0.9613333344459534,1.0,0.9300000071525574,0.0,0.0,1.0,1.0,0.0,0.0,0.0,0.0,0.0,0.0,0.0,0.0,0.0,0.0,0.0,0.0,0.0,0.0,0.0,0.0,1.0,0.0,0.0,0.0,0.0,0.0,0.0,0.0,1.0,0.0,0.0,0.0,0.0,0.0,0.0,0.0,0.0,0.0,0.0,0.0,0.0,0.0,0.0,0.0]","[3,3,6,6]","[-0.001169295865111053,-0.08694449067115784,-0.0914737656712532,-0.02646724134683609]",False,"[false,false,false,false]","[false,false,false,false]",post_capture,"[0.0,1.0,0.0,0.9610000252723694,1.0,0.9279999732971191,0.0,0.0,1.0,1.0,0.0,0.0,0.0,0.0,0.0,0.0,0.0,0.0,0.0,0.0,0.0,0.0,0.0,0.0,0.0,0.0,1.0,0.0,0.0,0.0,0.0,0.0,0.0,0.0,1.0,0.0,0.0,0.0,0.0,0.0,0.0,0.0,0.0,0.0,0.0,0.0,0.0,0.0,0.0,0.0]","[-2.4973068237304688,-4.157758712768555,-3.739686965942383,-3.2371749877929688]","[-2.024415969848633,-3.6474781036376953,-2.8587722778320312,-2.1462860107421875]","[-0.4949646251668503,-4.802466237753958,-1.223526671004034,-1.6473944076987972]","[-2.1386547088623047,-4.704831123352051,-2.7210912704467773,-2.3922922611236572]","[-2.1386547088623047,-4.704831123352051,-2.7210912704467773,-2.3922922611236572]"
2,117,post_capture,"[""coverage"",""coverage"",""coverage"",""coverage""]","[0.0,1.0,0.0,0.9610000252723694,1.0,0.9279999732971191,0.0,0.0,1.0,1.0,0.0,0.0,0.0,0.0,0.0,0.0,0.0,0.0,0.0,0.0,0.0,0.0,0.0,0.0,0.0,0.0,1.0,0.0,0.0,0.0,0.0,0.0,0.0,0.0,1.0,0.0,0.0,0.0,0.0,0.0,0.0,0.0,0.0,0.0,0.0,0.0,0.0,0.0,0.0,0.0]","[8,8,8,2]","[-0.0004010321572422981,-0.08550521731376648,-0.0845927819609642,-0.021290484815835953]",False,"[false,false,false,false]","[false,false,false,false]",post_capture,"[0.0,1.0,0.0,0.9606666564941406,1.0,0.9259999990463257,0.0,0.0,1.0,1.0,0.0,0.0,0.0,0.0,0.0,0.0,0.0,0.0,0.0,0.0,0.0,0.0,0.0,0.0,0.0,0.0,1.0,0.0,0.0,0.0,0.0,0.0,0.0,0.0,1.0,0.0,0.0,0.0,0.0,0.0,0.0,0.0,0.0,0.0,0.0,0.0,0.0,0.0,0.0,0.0]","[-2.024415969848633,-3.6474781036376953,-2.8587722778320312,-2.1462860107421875]","[-2.4462966918945312,-4.507768630981445,-3.7767906188964844,-3.1100082397460938]","[-0.49878316091084773,-4.7631532798816165,-1.143487783164425,-1.637300168032284]","[-2.166163682937622,-4.7180609703063965,-2.6455163955688477,-2.4025347232818604]","[-2.166163682937622,-4.7180609703063965,-2.6455163955688477,-2.4025347232818604]"
2,118,post_capture,"[""coverage"",""coverage"",""coverage"",""coverage""]","[0.0,1.0,0.0,0.9606666564941406,1.0,0.9259999990463257,0.0,0.0,1.0,1.0,0.0,0.0,0.0,0.0,0.0,0.0,0.0,0.0,0.0,0.0,0.0,0.0,0.0,0.0,0.0,0.0,1.0,0.0,0.0,0.0,0.0,0.0,0.0,0.0,1.0,0.0,0.0,0.0,0.0,0.0,0.0,0.0,0.0,0.0,0.0,0.0,0.0,0.0,0.0,0.0]","[2,3,6,8]","[-0.0004976906348019838,-0.07833941280841827,-0.08543597906827927,-0.01645650342106819]",False,"[false,false,false,false]","[false,false,false,false]",post_capture,"[0.0,1.0,0.0,0.9603333473205566,1.0,0.9240000247955322,0.0,0.0,1.0,1.0,0.0,0.0,0.0,0.0,0.0,0.0,0.0,0.0,0.0,0.0,0.0,0.0,0.0,0.0,0.0,0.0,1.0,0.0,0.0,0.0,0.0,0.0,0.0,0.0,1.0,0.0,0.0,0.0,0.0,0.0,0.0,0.0,0.0,0.0,0.0,0.0,0.0,0.0,0.0,0.0]","[-2.4462966918945312,-4.507768630981445,-3.7767906188964844,-3.1100082397460938]","[-2.6032238006591797,-4.276018142700195,-2.9742813110351562,-3.141897201538086]","[-0.5034162916703085,-4.724897032896818,-1.069590910306526,-1.6323330133499476]","[-2.174025535583496,-4.688380241394043,-2.5241599082946777,-2.3682069778442383]","[-2.174025535583496,-4.688380241394043,-2.5241599082946777,-2.3682069778442383]"
2,119,post_capture,"[""coverage"",""coverage"",""coverage"",""coverage""]","[0.0,1.0,0.0,0.9603333473205566,1.0,0.9240000247955322,0.0,0.0,1.0,1.0,0.0,0.0,0.0,0.0,0.0,0.0,0.0,0.0,0.0,0.0,0.0,0.0,0.0,0.0,0.0,0.0,1.0,0.0,0.0,0.0,0.0,0.0,0.0,0.0,1.0,0.0,0.0,0.0,0.0,0.0,0.0,0.0,0.0,0.0,0.0,0.0,0.0,0.0,0.0,0.0]","[3,3,8,8]","[-0.00215654238127172,-0.07797205448150635,-0.08293642848730087,-0.010770243592560291]",False,"[false,false,false,false]","[false,false,false,false]",post_capture,"[0.0,1.0,0.0,0.9599999785423279,1.0,0.921999990940094,0.0,0.0,1.0,1.0,0.0,0.0,0.0,0.0,0.0,0.0,0.0,0.0,0.0,0.0,0.0,0.0,0.0,0.0,0.0,0.0,1.0,0.0,0.0,0.0,0.0,0.0,0.0,0.0,1.0,0.0,0.0,0.0,0.0,0.0,0.0,0.0,0.0,0.0,0.0,0.0,0.0,0.0,0.0,0.0]","[-2.6032238006591797,-4.276018142700195,-2.9742813110351562,-3.141897201538086]","[-2.40521240234375,-4.327445983886719,-3.5231494903564453,-3.101766586303711]","[-0.5079985869045521,-4.6934925455438385,-0.9940958901396432,-1.632198494877656]","[-2.174022674560547,-4.676637649536133,-2.436466693878174,-2.3351690769195557]","[-2.174022674560547,-4.676637649536133,-2.436466693878174,-2.3351690769195557]"
2,120,post_capture,"[""coverage"",""coverage"",""coverage"",""coverage""]","[0.0,1.0,0.0,0.9599999785423279,1.0,0.921999990940094,0.0,0.0,1.0,1.0,0.0,0.0,0.0,0.0,0.0,0.0,0.0,0.0,0.0,0.0,0.0,0.0,0.0,0.0,0.0,0.0,1.0,0.0,0.0,0.0,0.0,0.0,0.0,0.0,1.0,0.0,0.0,0.0,0.0,0.0,0.0,0.0,0.0,0.0,0.0,0.0,0.0,0.0,0.0,0.0]","[8,2,6,6]","[-0.0067833890207111835,-0.07439812272787094,-0.07912653684616089,-0.010679862461984158]",False,"[false,false,false,false]","[false,false,false,false]",post_capture,"[0.0,1.0,0.0,0.9596666693687439,1.0,0.9200000166893005,0.0,0.0,1.0,1.0,0.0,0.0,0.0,0.0,0.0,0.0,0.0,0.0,0.0,0.0,0.0,0.0,0.0,0.0,0.0,0.0,1.0,0.0,0.0,0.0,0.0,0.0,0.0,0.0,1.0,0.0,0.0,0.0,0.0,0.0,0.0,0.0,0.0,0.0,0.0,0.0,0.0,0.0,0.0,0.0]","[-2.40521240234375,-4.327445983886719,-3.5231494903564453,-3.101766586303711]","[-2.3973617553710938,-5.036314010620117,-2.8020706176757812,-2.592039108276367]","[-0.5109515601245257,-4.662141910163972,-0.9203630925781235,-1.6378063144293897]","[-2.1826775074005127,-4.66183614730835,-2.31699538230896,-2.308199167251587]","[-2.1826775074005127,-4.66183614730835,-2.31699538230896,-2.308199167251587]"
2,121,post_capture,"[""coverage"",""coverage"",""coverage"",""coverage""]","[0.0,1.0,0.0,0.9596666693687439,1.0,0.9200000166893005,0.0,0.0,1.0,1.0,0.0,0.0,0.0,0.0,0.0,0.0,0.0,0.0,0.0,0.0,0.0,0.0,0.0,0.0,0.0,0.0,1.0,0.0,0.0,0.0,0.0,0.0,0.0,0.0,1.0,0.0,0.0,0.0,0.0,0.0,0.0,0.0,0.0,0.0,0.0,0.0,0.0,0.0,0.0,0.0]","[2,3,8,3]","[-0.011415136978030205,-0.07600612193346024,-0.0773976668715477,-0.011819601990282536]",False,"[false,false,false,false]","[false,false,false,false]",post_capture,"[0.0,1.0,0.0,0.9593333601951599,1.0,0.9179999828338623,0.0,0.0,1.0,1.0,0.0,0.0,0.0,0.0,0.0,0.0,0.0,0.0,0.0,0.0,0.0,0.0,0.0,0.0,0.0,0.0,1.0,0.0,0.0,0.0,0.0,0.0,0.0,0.0,1.0,0.0,0.0,0.0,0.0,0.0,0.0,0.0,0.0,0.0,0.0,0.0,0.0,0.0,0.0,0.0]","[-2.3973617553710938,-5.036314010620117,-2.8020706176757812,-2.592039108276367]","[-2.8186721801757812,-4.8851470947265625,-3.443849563598633,-2.6506710052490234]","[-0.5092607788927419,-4.634084633773839,-0.8497338946787502,-1.6435620726943492]","[-2.187373399734497,-4.6125898361206055,-2.231968402862549,-2.3064467906951904]","[-2.187373399734497,-4.6125898361206055,-2.231968402862549,-2.3064467906951904]"
2,122,post_capture,"[""coverage"",""coverage"",""coverage"",""coverage""]","[0.0,1.0,0.0,0.9593333601951599,1.0,0.9179999828338623,0.0,0.0,1.0,1.0,0.0,0.0,0.0,0.0,0.0,0.0,0.0,0.0,0.0,0.0,0.0,0.0,0.0,0.0,0.0,0.0,1.0,0.0,0.0,0.0,0.0,0.0,0.0,0.0,1.0,0.0,0.0,0.0,0.0,0.0,0.0,0.0,0.0,0.0,0.0,0.0,0.0,0.0,0.0,0.0]","[8,8,8,3]","[-0.01565268449485302,-0.07606515288352966,-0.06627044081687927,-0.016844477504491806]",False,"[false,false,false,false]","[false,false,false,false]",post_capture,"[0.0,1.0,0.0,0.9589999914169312,1.0,0.9160000085830688,0.0,0.0,1.0,1.0,0.0,0.0,0.0,0.0,0.0,0.0,0.0,0.0,0.0,0.0,0.0,0.0,0.0,0.0,0.0,0.0,1.0,0.0,0.0,0.0,0.0,0.0,0.0,0.0,1.0,0.0,0.0,0.0,0.0,0.0,0.0,0.0,0.0,0.0,0.0,0.0,0.0,0.0,0.0,0.0]","[-2.8186721801757812,-4.8851470947265625,-3.443849563598633,-2.6506710052490234]","[-2.8003406524658203,-5.1768798828125,-3.513029098510742,-2.5487194061279297]","[-0.502874385772436,-4.604119708929676,-0.780137603845659,-1.6482247178828957]","[-2.1652674674987793,-4.566474437713623,-2.1096224784851074,-2.300285816192627]","[-2.1652674674987793,-4.566474437713623,-2.1096224784851074,-2.300285816192627]"
2,123,post_capture,"[""coverage"",""coverage"",""coverage"",""coverage""]","[0.0,1.0,0.0,0.9589999914169312,1.0,0.9160000085830688,0.0,0.0,1.0,1.0,0.0,0.0,0.0,0.0,0.0,0.0,0.0,0.0,0.0,0.0,0.0,0.0,0.0,0.0,0.0,0.0,1.0,0.0,0.0,0.0,0.0,0.0,0.0,0.0,1.0,0.0,0.0,0.0,0.0,0.0,0.0,0.0,0.0,0.0,0.0,0.0,0.0,0.0,0.0,0.0]","[2,8,8,3]","[-0.02116883546113968,-0.0743565559387207,-0.054444193840026855,-0.022841544821858406]",False,"[false,false,false,false]","[false,false,false,false]",post_capture,"[0.0,1.0,0.0,0.9586666822433472,1.0,0.9139999747276306,0.0,0.0,1.0,1.0,0.0,0.0,0.0,0.0,0.0,0.0,0.0,0.0,0.0,0.0,0.0,0.0,0.0,0.0,0.0,0.0,1.0,0.0,0.0,0.0,0.0,0.0,0.0,0.0,1.0,0.0,0.0,0.0,0.0,0.0,0.0,0.0,0.0,0.0,0.0,0.0,0.0,0.0,0.0,0.0]","[-2.8003406524658203,-5.1768798828125,-3.513029098510742,-2.5487194061279297]","[-3.202119827270508,-5.065279006958008,-3.6193084716796875,-2.5451221466064453]","[-0.49214313260361925,-4.573792480854693,-0.7210779424533129,-1.6478588286650544]","[-2.1382222175598145,-4.502024173736572,-1.9877270460128784,-2.2937583923339844]","[-2.1382222175598145,-4.502024173736572,-1.9877270460128784,-2.2937583923339844]"
2,124,post_capture,"[""coverage"",""coverage"",""coverage"",""coverage""]","[0.0,1.0,0.0,0.9586666822433472,1.0,0.9139999747276306,0.0,0.0,1.0,1.0,0.0,0.0,0.0,0.0,0.0,0.0,0.0,0.0,0.0,0.0,0.0,0.0,0.0,0.0,0.0,0.0,1.0,0.0,0.0,0.0,0.0,0.0,0.0,0.0,1.0,0.0,0.0,0.0,0.0,0.0,0.0,0.0,0.0,0.0,0.0,0.0,0.0,0.0,0.0,0.0]","[2,3,2,3]","[-0.021780340000987053,-0.0824221596121788,-0.04244363307952881,-0.03120342828333378]",False,"[false,false,false,false]","[false,false,false,false]",post_capture,"[0.0,1.0,0.0,0.9583333134651184,1.0,0.9120000004768372,0.0,0.0,1.0,1.0,0.0,0.0,0.0,0.0,0.0,0.0,0.0,0.0,0.0,0.0,0.0,0.0,0.0,0.0,0.0,0.0,1.0,0.0,0.0,0.0,0.0,0.0,0.0,0.0,1.0,0.0,0.0,0.0,0.0,0.0,0.0,0.0,0.0,0.0,0.0,0.0,0.0,0.0,0.0,0.0]","[-3.202119827270508,-5.065279006958008,-3.6193084716796875,-2.5451221466064453]","[-3.4490604400634766,-5.010194778442383,-3.8238048553466797,-2.462984085083008]","[-0.4757316132752319,-4.544884772642396,-0.6733674228417031,-1.641431599841612]","[-2.0824544429779053,-4.441186428070068,-1.8651007413864136,-2.2806310653686523]","[-2.0824544429779053,-4.441186428070068,-1.8651007413864136,-2.2806310653686523]"
2,125,post_capture,"[""coverage"",""coverage"",""coverage"",""coverage""]","[0.0,1.0,0.0,0.9583333134651184,1.0,0.9120000004768372,0.0,0.0,1.0,1.0,0.0,0.0,0.0,0.0,0.0,0.0,0.0,0.0,0.0,0.0,0.0,0.0,0.0,0.0,0.0,0.0,1.0,0.0,0.0,0.0,0.0,0.0,0.0,0.0,1.0,0.0,0.0,0.0,0.0,0.0,0.0,0.0,0.0,0.0,0.0,0.0,0.0,0.0,0.0,0.0]","[8,8,8,3]","[-0.018949046730995178,-0.08041491359472275,-0.03230218589305878,-0.0404043011367321]",False,"[false,false,false,false]","[false,false,false,false]",post_capture,"[0.0,1.0,0.0,0.9580000042915344,1.0,0.9100000262260437,0.0,0.0,1.0,1.0,0.0,0.0,0.0,0.0,0.0,0.0,0.0,0.0,0.0,0.0,0.0,0.0,0.0,0.0,0.0,0.0,1.0,0.0,0.0,0.0,0.0,0.0,0.0,0.0,1.0,0.0,0.0,0.0,0.0,0.0,0.0,0.0,0.0,0.0,0.0,0.0,0.0,0.0,0.0,0.0]","[-3.4490604400634766,-5.010194778442383,-3.8238048553466797,-2.462984085083008]","[-3.644550323486328,-5.128490447998047,-3.686237335205078,-2.3787593841552734]","[-0.45853663967095437,-4.507537992959815,-0.6372967573355296,-1.6264931025841194]","[-2.009511709213257,-4.370823383331299,-1.736713171005249,-2.2621049880981445]","[-2.009511709213257,-4.370823383331299,-1.736713171005249,-2.2621049880981445]"
2,126,post_capture,"[""coverage"",""coverage"",""coverage"",""coverage""]","[0.0,1.0,0.0,0.9580000042915344,1.0,0.9100000262260437,0.0,0.0,1.0,1.0,0.0,0.0,0.0,0.0,0.0,0.0,0.0,0.0,0.0,0.0,0.0,0.0,0.0,0.0,0.0,0.0,1.0,0.0,0.0,0.0,0.0,0.0,0.0,0.0,1.0,0.0,0.0,0.0,0.0,0.0,0.0,0.0,0.0,0.0,0.0,0.0,0.0,0.0,0.0,0.0]","[2,3,8,3]","[-0.017085449770092964,-0.08792556077241898,-0.02405693009495735,-0.048641789704561234]",False,"[false,false,false,false]","[false,false,false,false]",post_capture,"[0.0,1.0,0.0,0.9576666951179504,1.0,0.9079999923706055,0.0,0.0,1.0,1.0,0.0,0.0,0.0,0.0,0.0,0.0,0.0,0.0,0.0,0.0,0.0,0.0,0.0,0.0,0.0,0.0,1.0,0.0,0.0,0.0,0.0,0.0,0.0,0.0,1.0,0.0,0.0,0.0,0.0,0.0,0.0,0.0,0.0,0.0,0.0,0.0,0.0,0.0,0.0,0.0]","[-3.644550323486328,-5.128490447998047,-3.686237335205078,-2.3787593841552734]","[-3.6298084259033203,-4.886192321777344,-3.3166980743408203,-2.1529407501220703]","[-0.44402787165652446,-4.471841494308174,-0.6111056277196675,-1.6021099004519064]","[-1.9246755838394165,-4.291917324066162,-1.6182267665863037,-2.2370567321777344]","[-1.9246755838394165,-4.291917324066162,-1.6182267665863037,-2.2370567321777344]"
2,127,post_capture,"[""coverage"",""coverage"",""coverage"",""coverage""]","[0.0,1.0,0.0,0.9576666951179504,1.0,0.9079999923706055,0.0,0.0,1.0,1.0,0.0,0.0,0.0,0.0,0.0,0.0,0.0,0.0,0.0,0.0,0.0,0.0,0.0,0.0,0.0,0.0,1.0,0.0,0.0,0.0,0.0,0.0,0.0,0.0,1.0,0.0,0.0,0.0,0.0,0.0,0.0,0.0,0.0,0.0,0.0,0.0,0.0,0.0,0.0,0.0]","[8,3,8,3]","[-0.014363632537424564,-0.08875876665115356,-0.017540084198117256,-0.053579188883304596]",False,"[false,false,false,false]","[false,false,false,false]",post_capture,"[0.0,1.0,0.0,0.9573333263397217,1.0,0.906000018119812,0.0,0.0,1.0,1.0,0.0,0.0,0.0,0.0,0.0,0.0,0.0,0.0,0.0,0.0,0.0,0.0,0.0,0.0,0.0,0.0,1.0,0.0,0.0,0.0,0.0,0.0,0.0,0.0,1.0,0.0,0.0,0.0,0.0,0.0,0.0,0.0,0.0,0.0,0.0,0.0,0.0,0.0,0.0,0.0]","[-3.6298084259033203,-4.886192321777344,-3.3166980743408203,-2.1529407501220703]","[-3.500408172607422,-4.733066558837891,-2.8662052154541016,-1.8843669891357422]","[-0.43125497160245607,-4.428197912662379,-0.5929784824492021,-1.5691597078256012]","[-1.837229609489441,-4.212786674499512,-1.520460605621338,-2.2135508060455322]","[-1.837229609489441,-4.212786674499512,-1.520460605621338,-2.2135508060455322]"
2,128,post_capture,"[""coverage"",""coverage"",""coverage"",""coverage""]","[0.0,1.0,0.0,0.9573333263397217,1.0,0.906000018119812,0.0,0.0,1.0,1.0,0.0,0.0,0.0,0.0,0.0,0.0,0.0,0.0,0.0,0.0,0.0,0.0,0.0,0.0,0.0,0.0,1.0,0.0,0.0,0.0,0.0,0.0,0.0,0.0,1.0,0.0,0.0,0.0,0.0,0.0,0.0,0.0,0.0,0.0,0.0,0.0,0.0,0.0,0.0,0.0]","[8,6,8,3]","[-0.007654936984181404,-0.08377532660961151,-0.012895984575152397,-0.056289028376340866]",False,"[false,false,false,false]","[false,false,false,false]",post_capture,"[0.0,1.0,0.0,0.9570000171661377,1.0,0.9039999842643738,0.0,0.0,1.0,1.0,0.0,0.0,0.0,0.0,0.0,0.0,0.0,0.0,0.0,0.0,0.0,0.0,0.0,0.0,0.0,0.0,1.0,0.0,0.0,0.0,0.0,0.0,0.0,0.0,1.0,0.0,0.0,0.0,0.0,0.0,0.0,0.0,0.0,0.0,0.0,0.0,0.0,0.0,0.0,0.0]","[-3.500408172607422,-4.733066558837891,-2.8662052154541016,-1.8843669891357422]","[-3.3038806915283203,-4.187597274780273,-2.2835464477539062,-1.6351737976074219]","[-0.421102362691951,-4.383271864657804,-0.5812509073243282,-1.5308894130730268]","[-1.7539564371109009,-4.135822296142578,-1.4471487998962402,-2.1974434852600098]","[-1.7539564371109009,-4.135822296142578,-1.4471487998962402,-2.1974434852600098]"
2,129,post_capture,"[""coverage"",""coverage"",""coverage"",""coverage""]","[0.0,1.0,0.0,0.9570000171661377,1.0,0.9039999842643738,0.0,0.0,1.0,1.0,0.0,0.0,0.0,0.0,0.0,0.0,0.0,0.0,0.0,0.0,0.0,0.0,0.0,0.0,0.0,0.0,1.0,0.0,0.0,0.0,0.0,0.0,0.0,0.0,1.0,0.0,0.0,0.0,0.0,0.0,0.0,0.0,0.0,0.0,0.0,0.0,0.0,0.0,0.0,0.0]","[6,6,2,3]","[-0.00555409537628293,-0.08640743046998978,-0.011294054798781872,-0.06039620563387871]",False,"[false,false,false,false]","[false,false,false,false]",post_capture,"[0.0,1.0,0.0,0.9566666483879089,1.0,0.9020000100135803,0.0,0.0,1.0,1.0,0.0,0.0,0.0,0.0,0.0,0.0,0.0,0.0,0.0,0.0,0.0,0.0,0.0,0.0,0.0,0.0,1.0,0.0,0.0,0.0,0.0,0.0,0.0,0.0,1.0,0.0,0.0,0.0,0.0,0.0,0.0,0.0,0.0,0.0,0.0,0.0,0.0,0.0,0.0,0.0]","[-3.3038806915283203,-4.187597274780273,-2.2835464477539062,-1.6351737976074219]","[-2.7810802459716797,-3.6214141845703125,-1.9722862243652344,-1.6524124145507812]","[-0.4176236623310804,-4.342925796008275,-0.574095881564824,-1.4894953380774605]","[-1.682891607284546,-4.087996482849121,-1.4048030376434326,-2.1905508041381836]","[-1.682891607284546,-4.087996482849121,-1.4048030376434326,-2.1905508041381836]"
2,130,post_capture,"[""coverage"",""coverage"",""coverage"",""coverage""]","[0.0,1.0,0.0,0.9566666483879089,1.0,0.9020000100135803,0.0,0.0,1.0,1.0,0.0,0.0,0.0,0.0,0.0,0.0,0.0,0.0,0.0,0.0,0.0,0.0,0.0,0.0,0.0,0.0,1.0,0.0,0.0,0.0,0.0,0.0,0.0,0.0,1.0,0.0,0.0,0.0,0.0,0.0,0.0,0.0,0.0,0.0,0.0,0.0,0.0,0.0,0.0,0.0]","[2,3,2,3]","[-0.005189655348658562,-0.09794884920120239,-0.012375460006296635,-0.05659440904855728]",False,"[false,false,false,false]","[false,false,false,false]",post_capture,"[0.0,1.0,0.0,0.956333339214325,1.0,0.8999999761581421,0.0,0.0,1.0,1.0,0.0,0.0,0.0,0.0,0.0,0.0,0.0,0.0,0.0,0.0,0.0,0.0,0.0,0.0,0.0,0.0,1.0,0.0,0.0,0.0,0.0,0.0,0.0,0.0,1.0,0.0,0.0,0.0,0.0,0.0,0.0,0.0,0.0,0.0,0.0,0.0,0.0,0.0,0.0,0.0]","[-2.7810802459716797,-3.6214141845703125,-1.9722862243652344,-1.6524124145507812]","[-2.4447078704833984,-2.7520294189453125,-1.4845428466796875,-1.3735408782958984]","[-0.41623188581292675,-4.299513500543723,-0.5684866937030729,-1.4435344772157392]","[-1.637080192565918,-4.064145565032959,-1.3778636455535889,-2.177948236465454]","[-1.637080192565918,-4.064145565032959,-1.3778636455535889,-2.177948236465454]"
2,131,post_capture,"[""coverage"",""coverage"",""coverage"",""coverage""]","[0.0,1.0,0.0,0.956333339214325,1.0,0.8999999761581421,0.0,0.0,1.0,1.0,0.0,0.0,0.0,0.0,0.0,0.0,0.0,0.0,0.0,0.0,0.0,0.0,0.0,0.0,0.0,0.0,1.0,0.0,0.0,0.0,0.0,0.0,0.0,0.0,1.0,0.0,0.0,0.0,0.0,0.0,0.0,0.0,0.0,0.0,0.0,0.0,0.0,0.0,0.0,0.0]","[3,8,6,3]","[-0.004062246065586805,-0.08663357049226761,-0.012298705987632275,-0.0560307577252388]",False,"[false,false,false,false]","[false,false,false,false]",post_capture,"[0.0,1.0,0.0,0.9559999704360962,1.0,0.8980000019073486,0.0,0.0,1.0,1.0,0.0,0.0,0.0,0.0,0.0,0.0,0.0,0.0,0.0,0.0,0.0,0.0,0.0,0.0,0.0,0.0,1.0,0.0,0.0,0.0,0.0,0.0,0.0,0.0,1.0,0.0,0.0,0.0,0.0,0.0,0.0,0.0,0.0,0.0,0.0,0.0,0.0,0.0,0.0,0.0]","[-2.4447078704833984,-2.7520294189453125,-1.4845428466796875,-1.3735408782958984]","[-2.238079071044922,-3.4368820190429688,-1.3961219787597656,-1.874837875366211]","[-0.4151941721861295,-4.244004698325779,-0.5617285188856326,-1.4009495638052343]","[-1.606461763381958,-4.072271347045898,-1.3737409114837646,-2.1832680702209473]","[-1.606461763381958,-4.072271347045898,-1.3737409114837646,-2.1832680702209473]"
2,132,post_capture,"[""coverage"",""coverage"",""coverage"",""coverage""]","[0.0,1.0,0.0,0.9559999704360962,1.0,0.8980000019073486,0.0,0.0,1.0,1.0,0.0,0.0,0.0,0.0,0.0,0.0,0.0,0.0,0.0,0.0,0.0,0.0,0.0,0.0,0.0,0.0,1.0,0.0,0.0,0.0,0.0,0.0,0.0,0.0,1.0,0.0,0.0,0.0,0.0,0.0,0.0,0.0,0.0,0.0,0.0,0.0,0.0,0.0,0.0,0.0]","[3,2,8,3]","[-0.004164591431617737,-0.07899832725524902,-0.01311479415744543,-0.05198446288704872]",False,"[false,false,false,false]","[false,false,false,false]",post_capture,"[0.0,1.0,0.0,0.9556666612625122,1.0,0.8960000276565552,0.0,0.0,1.0,1.0,0.0,0.0,0.0,0.0,0.0,0.0,0.0,0.0,0.0,0.0,0.0,0.0,0.0,0.0,0.0,0.0,1.0,0.0,0.0,0.0,0.0,0.0,0.0,0.0,1.0,0.0,0.0,0.0,0.0,0.0,0.0,0.0,0.0,0.0,0.0,0.0,0.0,0.0,0.0,0.0]","[-2.238079071044922,-3.4368820190429688,-1.3961219787597656,-1.874837875366211]","[-2.1117115020751953,-3.7708663940429688,-1.30908203125,-2.179920196533203]","[-0.41528477385913404,-4.199364775589405,-0.5549796089878791,-1.358503844525248]","[-1.5859806537628174,-4.056897163391113,-1.3740925788879395,-2.163139581680298]","[-1.5859806537628174,-4.056897163391113,-1.3740925788879395,-2.163139581680298]"
2,133,post_capture,"[""coverage"",""coverage"",""coverage"",""coverage""]","[0.0,1.0,0.0,0.9556666612625122,1.0,0.8960000276565552,0.0,0.0,1.0,1.0,0.0,0.0,0.0,0.0,0.0,0.0,0.0,0.0,0.0,0.0,0.0,0.0,0.0,0.0,0.0,0.0,1.0,0.0,0.0,0.0,0.0,0.0,0.0,0.0,1.0,0.0,0.0,0.0,0.0,0.0,0.0,0.0,0.0,0.0,0.0,0.0,0.0,0.0,0.0,0.0]","[6,8,3,3]","[-0.006248174235224724,-0.0714624747633934,-0.01480022817850113,-0.052644774317741394]",False,"[false,false,false,false]","[false,false,false,false]",post_capture,"[0.0,1.0,0.0,0.9553333520889282,1.0,0.8939999938011169,0.0,0.0,1.0,1.0,0.0,0.0,0.0,0.0,0.0,0.0,0.0,0.0,0.0,0.0,0.0,0.0,0.0,0.0,0.0,0.0,1.0,0.0,0.0,0.0,0.0,0.0,0.0,0.0,1.0,0.0,0.0,0.0,0.0,0.0,0.0,0.0,0.0,0.0,0.0,0.0,0.0,0.0,0.0,0.0]","[-2.1117115020751953,-3.7708663940429688,-1.30908203125,-2.179920196533203]","[-2.0803394317626953,-3.9587535858154297,-1.4041118621826172,-2.6475276947021484]","[-0.41527291154294577,-4.161986311448643,-0.5473381967984179,-1.3197165471092922]","[-1.5707457065582275,-4.03109073638916,-1.3781800270080566,-2.1299827098846436]","[-1.5707457065582275,-4.03109073638916,-1.3781800270080566,-2.1299827098846436]"
2,134,post_capture,"[""coverage"",""coverage"",""coverage"",""coverage""]","[0.0,1.0,0.0,0.9553333520889282,1.0,0.8939999938011169,0.0,0.0,1.0,1.0,0.0,0.0,0.0,0.0,0.0,0.0,0.0,0.0,0.0,0.0,0.0,0.0,0.0,0.0,0.0,0.0,1.0,0.0,0.0,0.0,0.0,0.0,0.0,0.0,1.0,0.0,0.0,0.0,0.0,0.0,0.0,0.0,0.0,0.0,0.0,0.0,0.0,0.0,0.0,0.0]","[3,8,8,6]","[-0.007269259076565504,-0.07491102814674377,-0.01403163094073534,-0.04795313999056816]",False,"[false,false,false,false]","[false,false,false,false]",post_capture,"[0.0,1.0,0.0,0.9549999833106995,1.0,0.8920000195503235,0.0,0.0,1.0,1.0,0.0,0.0,0.0,0.0,0.0,0.0,0.0,0.0,0.0,0.0,0.0,0.0,0.0,0.0,0.0,0.0,1.0,0.0,0.0,0.0,0.0,0.0,0.0,0.0,1.0,0.0,0.0,0.0,0.0,0.0,0.0,0.0,0.0,0.0,0.0,0.0,0.0,0.0,0.0,0.0]","[-2.0803394317626953,-3.9587535858154297,-1.4041118621826172,-2.6475276947021484]","[-2.1479415893554688,-3.9979610443115234,-1.492807388305664,-2.8500499725341797]","[-0.41315630031082934,-4.13184225927803,-0.5379171400201179,-1.279870477567223]","[-1.5539827346801758,-4.001775741577148,-1.3757323026657104,-2.06941556930542]","[-1.5539827346801758,-4.001775741577148,-1.3757323026657104,-2.06941556930542]"
2,135,post_capture,"[""coverage"",""coverage"",""coverage"",""coverage""]","[0.0,1.0,0.0,0.9549999833106995,1.0,0.8920000195503235,0.0,0.0,1.0,1.0,0.0,0.0,0.0,0.0,0.0,0.0,0.0,0.0,0.0,0.0,0.0,0.0,0.0,0.0,0.0,0.0,1.0,0.0,0.0,0.0,0.0,0.0,0.0,0.0,1.0,0.0,0.0,0.0,0.0,0.0,0.0,0.0,0.0,0.0,0.0,0.0,0.0,0.0,0.0,0.0]","[3,3,8,3]","[-0.00747213140130043,-0.07503417134284973,-0.019016951322555542,-0.04296137019991875]",False,"[false,false,false,false]","[false,false,false,false]",post_capture,"[0.0,1.0,0.0,0.9546666741371155,1.0,0.8899999856948853,0.0,0.0,1.0,1.0,0.0,0.0,0.0,0.0,0.0,0.0,0.0,0.0,0.0,0.0,0.0,0.0,0.0,0.0,0.0,0.0,1.0,0.0,0.0,0.0,0.0,0.0,0.0,0.0,1.0,0.0,0.0,0.0,0.0,0.0,0.0,0.0,0.0,0.0,0.0,0.0,0.0,0.0,0.0,0.0]","[-2.1479415893554688,-3.9979610443115234,-1.492807388305664,-2.8500499725341797]","[-2.0898361206054688,-3.6620311737060547,-1.3853912353515625,-3.1815738677978516]","[-0.40998691033764023,-4.097910334476047,-0.5291772818983662,-1.244360947047126]","[-1.5315155982971191,-3.9648754596710205,-1.3692787885665894,-1.999346137046814]","[-1.5315155982971191,-3.9648754596710205,-1.3692787885665894,-1.999346137046814]"
2,136,post_capture,"[""coverage"",""coverage"",""coverage"",""coverage""]","[0.0,1.0,0.0,0.9546666741371155,1.0,0.8899999856948853,0.0,0.0,1.0,1.0,0.0,0.0,0.0,0.0,0.0,0.0,0.0,0.0,0.0,0.0,0.0,0.0,0.0,0.0,0.0,0.0,1.0,0.0,0.0,0.0,0.0,0.0,0.0,0.0,1.0,0.0,0.0,0.0,0.0,0.0,0.0,0.0,0.0,0.0,0.0,0.0,0.0,0.0,0.0,0.0]","[3,8,3,3]","[-0.008841682225465775,-0.07219834625720978,-0.022158684208989143,-0.03713270276784897]",False,"[false,false,false,false]","[false,false,false,false]",post_capture,"[0.0,1.0,0.0,0.9543333053588867,1.0,0.8880000114440918,0.0,0.0,1.0,1.0,0.0,0.0,0.0,0.0,0.0,0.0,0.0,0.0,0.0,0.0,0.0,0.0,0.0,0.0,0.0,0.0,1.0,0.0,0.0,0.0,0.0,0.0,0.0,0.0,1.0,0.0,0.0,0.0,0.0,0.0,0.0,0.0,0.0,0.0,0.0,0.0,0.0,0.0,0.0,0.0]","[-2.0898361206054688,-3.6620311737060547,-1.3853912353515625,-3.1815738677978516]","[-2.413820266723633,-4.229789733886719,-1.5060405731201172,-3.614931106567383]","[-0.40658058478418163,-4.063511275892118,-0.5153134652280916,-1.2135349261082902]","[-1.5104695558547974,-3.943190574645996,-1.3627697229385376,-1.9127026796340942]","[-1.5104695558547974,-3.943190574645996,-1.3627697229385376,-1.9127026796340942]"
2,137,post_capture,"[""coverage"",""coverage"",""coverage"",""coverage""]","[0.0,1.0,0.0,0.9543333053588867,1.0,0.8880000114440918,0.0,0.0,1.0,1.0,0.0,0.0,0.0,0.0,0.0,0.0,0.0,0.0,0.0,0.0,0.0,0.0,0.0,0.0,0.0,0.0,1.0,0.0,0.0,0.0,0.0,0.0,0.0,0.0,1.0,0.0,0.0,0.0,0.0,0.0,0.0,0.0,0.0,0.0,0.0,0.0,0.0,0.0,0.0,0.0]","[3,2,6,8]","[-0.008498180657625198,-0.06400910019874573,-0.02196814864873886,-0.033670276403427124]",False,"[false,false,false,false]","[false,false,false,false]",post_capture,"[0.0,1.0,0.0,0.9539999961853027,1.0,0.8859999775886536,0.0,0.0,1.0,1.0,0.0,0.0,0.0,0.0,0.0,0.0,0.0,0.0,0.0,0.0,0.0,0.0,0.0,0.0,0.0,0.0,1.0,0.0,0.0,0.0,0.0,0.0,0.0,0.0,1.0,0.0,0.0,0.0,0.0,0.0,0.0,0.0,0.0,0.0,0.0,0.0,0.0,0.0,0.0,0.0]","[-2.413820266723633,-4.229789733886719,-1.5060405731201172,-3.614931106567383]","[-2.6879405975341797,-4.336862564086914,-1.624471664428711,-3.514833450317383]","[-0.40175646723102615,-4.031629221853443,-0.4981361424435379,-1.1882850740812538]","[-1.4695839881896973,-3.8932669162750244,-1.3461583852767944,-1.8039668798446655]","[-1.4695839881896973,-3.8932669162750244,-1.3461583852767944,-1.8039668798446655]"
2,138,post_capture,"[""coverage"",""coverage"",""coverage"",""coverage""]","[0.0,1.0,0.0,0.9539999961853027,1.0,0.8859999775886536,0.0,0.0,1.0,1.0,0.0,0.0,0.0,0.0,0.0,0.0,0.0,0.0,0.0,0.0,0.0,0.0,0.0,0.0,0.0,0.0,1.0,0.0,0.0,0.0,0.0,0.0,0.0,0.0,1.0,0.0,0.0,0.0,0.0,0.0,0.0,0.0,0.0,0.0,0.0,0.0,0.0,0.0,0.0,0.0]","[6,3,3,8]","[-0.00867617316544056,-0.05740108713507652,-0.021039191633462906,-0.032424405217170715]",False,"[false,false,false,false]","[false,false,false,false]",post_capture,"[0.0,1.0,0.0,0.9536666870117188,1.0,0.8840000033378601,0.0,0.0,1.0,1.0,0.0,0.0,0.0,0.0,0.0,0.0,0.0,0.0,0.0,0.0,0.0,0.0,0.0,0.0,0.0,0.0,1.0,0.0,0.0,0.0,0.0,0.0,0.0,0.0,1.0,0.0,0.0,0.0,0.0,0.0,0.0,0.0,0.0,0.0,0.0,0.0,0.0,0.0,0.0,0.0]","[-2.6879405975341797,-4.336862564086914,-1.624471664428711,-3.514833450317383]","[-2.474142074584961,-4.000221252441406,-1.6625041961669922,-3.134082794189453]","[-0.3972305924983848,-4.007697092580503,-0.480977771509898,-1.1662775734119462]","[-1.412049651145935,-3.843257188796997,-1.3224656581878662,-1.697301983833313]","[-1.412049651145935,-3.843257188796997,-1.3224656581878662,-1.697301983833313]"
2,139,post_capture,"[""coverage"",""coverage"",""coverage"",""coverage""]","[0.0,1.0,0.0,0.9536666870117188,1.0,0.8840000033378601,0.0,0.0,1.0,1.0,0.0,0.0,0.0,0.0,0.0,0.0,0.0,0.0,0.0,0.0,0.0,0.0,0.0,0.0,0.0,0.0,1.0,0.0,0.0,0.0,0.0,0.0,0.0,0.0,1.0,0.0,0.0,0.0,0.0,0.0,0.0,0.0,0.0,0.0,0.0,0.0,0.0,0.0,0.0,0.0]","[6,3,6,3]","[-0.008421612903475761,-0.05766746401786804,-0.016835909336805344,-0.02515306882560253]",False,"[false,false,false,false]","[false,false,false,false]",post_capture,"[0.0,1.0,0.0,0.95333331823349,1.0,0.8820000290870667,0.0,0.0,1.0,1.0,0.0,0.0,0.0,0.0,0.0,0.0,0.0,0.0,0.0,0.0,0.0,0.0,0.0,0.0,0.0,0.0,1.0,0.0,0.0,0.0,0.0,0.0,0.0,0.0,1.0,0.0,0.0,0.0,0.0,0.0,0.0,0.0,0.0,0.0,0.0,0.0,0.0,0.0,0.0,0.0]","[-2.474142074584961,-4.000221252441406,-1.6625041961669922,-3.134082794189453]","[-2.5515193939208984,-3.74530029296875,-1.6790885925292969,-3.2115726470947266]","[-0.39247921144741843,-3.99019798529841,-0.4645844241176112,-1.1453062304997732]","[-1.361938714981079,-3.8148274421691895,-1.296259880065918,-1.605252981185913]","[-1.361938714981079,-3.8148274421691895,-1.296259880065918,-1.605252981185913]"
2,140,post_capture,"[""coverage"",""coverage"",""coverage"",""coverage""]","[0.0,1.0,0.0,0.95333331823349,1.0,0.8820000290870667,0.0,0.0,1.0,1.0,0.0,0.0,0.0,0.0,0.0,0.0,0.0,0.0,0.0,0.0,0.0,0.0,0.0,0.0,0.0,0.0,1.0,0.0,0.0,0.0,0.0,0.0,0.0,0.0,1.0,0.0,0.0,0.0,0.0,0.0,0.0,0.0,0.0,0.0,0.0,0.0,0.0,0.0,0.0,0.0]","[6,8,6,8]","[-0.007135055493563414,-0.054357707500457764,-0.014497091993689537,-0.02457379922270775]",False,"[false,false,false,false]","[false,false,false,false]",post_capture,"[0.0,1.0,0.0,0.953000009059906,1.0,0.8799999952316284,0.0,0.0,1.0,1.0,0.0,0.0,0.0,0.0,0.0,0.0,0.0,0.0,0.0,0.0,0.0,0.0,0.0,0.0,0.0,0.0,1.0,0.0,0.0,0.0,0.0,0.0,0.0,0.0,1.0,0.0,0.0,0.0,0.0,0.0,0.0,0.0,0.0,0.0,0.0,0.0,0.0,0.0,0.0,0.0]","[-2.5515193939208984,-3.74530029296875,-1.6790885925292969,-3.2115726470947266]","[-2.348583221435547,-3.8670120239257812,-1.4695625305175781,-2.807676315307617]","[-0.3879369682262047,-3.9722530517985275,-0.45227122705131906,-1.1314678400749199]","[-1.3048557043075562,-3.797732353210449,-1.2719926834106445,-1.5110334157943726]","[-1.3048557043075562,-3.797732353210449,-1.2719926834106445,-1.5110334157943726]"
2,141,post_capture,"[""coverage"",""coverage"",""coverage"",""coverage""]","[0.0,1.0,0.0,0.953000009059906,1.0,0.8799999952316284,0.0,0.0,1.0,1.0,0.0,0.0,0.0,0.0,0.0,0.0,0.0,0.0,0.0,0.0,0.0,0.0,0.0,0.0,0.0,0.0,1.0,0.0,0.0,0.0,0.0,0.0,0.0,0.0,1.0,0.0,0.0,0.0,0.0,0.0,0.0,0.0,0.0,0.0,0.0,0.0,0.0,0.0,0.0,0.0]","[6,3,6,6]","[-0.004641298670321703,-0.04294140636920929,-0.010167280212044716,-0.02284420095384121]",False,"[false,false,false,false]","[false,false,false,false]",post_capture,"[0.0,1.0,0.0,0.9526666402816772,1.0,0.878000020980835,0.03333333507180214,0.0,1.0,1.0,0.0,0.0,0.0,0.0,0.0,0.0,0.0,0.0,0.0,0.0,0.0,0.0,0.0,0.0,0.0,0.0,1.0,0.0,0.0,0.0,0.0,0.0,0.0,0.0,1.0,0.0,0.0,0.0,0.0,0.0,0.0,0.0,0.0,0.0,0.0,0.0,0.0,0.0,0.0,0.0]","[-2.348583221435547,-3.8670120239257812,-1.4695625305175781,-2.807676315307617]","[-2.2482128143310547,-3.3078460693359375,-1.4674301147460938,-2.5790786743164062]","[-0.3846483966996377,-3.957470044745525,-0.4421960960178076,-1.118074788739608]","[-1.2562103271484375,-3.776669502258301,-1.2597047090530396,-1.4327267408370972]","[-1.2562103271484375,-3.776669502258301,-1.2597047090530396,-1.4327267408370972]"
2,142,post_capture,"[""coverage"",""coverage"",""coverage"",""coverage""]","[0.0,1.0,0.0,0.9526666402816772,1.0,0.878000020980835,0.03333333507180214,0.0,1.0,1.0,0.0,0.0,0.0,0.0,0.0,0.0,0.0,0.0,0.0,0.0,0.0,0.0,0.0,0.0,0.0,0.0,1.0,0.0,0.0,0.0,0.0,0.0,0.0,0.0,1.0,0.0,0.0,0.0,0.0,0.0,0.0,0.0,0.0,0.0,0.0,0.0,0.0,0.0,0.0,0.0]","[8,3,6,6]","[-0.0033122049644589424,-0.048841238021850586,-0.009210946038365364,-0.013932516798377037]",False,"[false,false,false,false]","[false,false,false,false]",post_capture,"[0.0,1.0,0.0,0.9523333311080933,1.0,0.8759999871253967,0.06666667014360428,0.0,1.0,1.0,0.0,0.0,0.0,0.0,0.0,0.0,0.0,0.0,0.0,0.0,0.0,0.0,0.0,0.0,0.0,0.0,1.0,0.0,0.0,0.0,0.0,0.0,0.0,0.0,1.0,0.0,0.0,0.0,0.0,0.0,0.0,0.0,0.0,0.0,0.0,0.0,0.0,0.0,0.0,0.0]","[-2.2482128143310547,-3.3078460693359375,-1.4674301147460938,-2.5790786743164062]","[-2.1306018829345703,-2.984170913696289,-1.5517711639404297,-2.520313262939453]","[-0.38384555356496564,-3.954069331693248,-0.43639274323814436,-1.106293523015926]","[-1.2124216556549072,-3.795842170715332,-1.2513552904129028,-1.363336443901062]","[-1.2124216556549072,-3.795842170715332,-1.2513552904129028,-1.363336443901062]"
2,143,post_capture,"[""coverage"",""coverage"",""coverage"",""coverage""]","[0.0,1.0,0.0,0.9523333311080933,1.0,0.8759999871253967,0.06666667014360428,0.0,1.0,1.0,0.0,0.0,0.0,0.0,0.0,0.0,0.0,0.0,0.0,0.0,0.0,0.0,0.0,0.0,0.0,0.0,1.0,0.0,0.0,0.0,0.0,0.0,0.0,0.0,1.0,0.0,0.0,0.0,0.0,0.0,0.0,0.0,0.0,0.0,0.0,0.0,0.0,0.0,0.0,0.0]","[3,3,6,8]","[-0.0020210237707942724,-0.05054372549057007,-0.008532310836017132,-0.009557406418025494]",False,"[false,false,false,false]","[false,false,false,false]",post_capture,"[0.0,1.0,0.0,0.9520000219345093,1.0,0.8740000128746033,0.10000000149011612,0.0,1.0,1.0,0.0,0.0,0.0,0.0,0.0,0.0,0.0,0.0,0.0,0.0,0.0,0.0,0.0,0.0,0.0,0.0,1.0,0.0,0.0,0.0,0.0,0.0,0.0,0.0,1.0,0.0,0.0,0.0,0.0,0.0,0.0,0.0,0.0,0.0,0.0,0.0,0.0,0.0,0.0,0.0]","[-2.1306018829345703,-2.984170913696289,-1.5517711639404297,-2.520313262939453]","[-1.7886199951171875,-2.2686386108398438,-1.2386837005615234,-2.0461387634277344]","[-0.3843771197984916,-3.9446748420923208,-0.4314967648482616,-1.103394955775302]","[-1.1734659671783447,-3.8269903659820557,-1.2390555143356323,-1.3021247386932373]","[-1.1734659671783447,-3.8269903659820557,-1.2390555143356323,-1.3021247386932373]"
2,144,post_capture,"[""coverage"",""coverage"",""coverage"",""coverage""]","[0.0,1.0,0.0,0.9520000219345093,1.0,0.8740000128746033,0.10000000149011612,0.0,1.0,1.0,0.0,0.0,0.0,0.0,0.0,0.0,0.0,0.0,0.0,0.0,0.0,0.0,0.0,0.0,0.0,0.0,1.0,0.0,0.0,0.0,0.0,0.0,0.0,0.0,1.0,0.0,0.0,0.0,0.0,0.0,0.0,0.0,0.0,0.0,0.0,0.0,0.0,0.0,0.0,0.0]","[6,3,0,8]","[-0.0009594513103365898,-0.04637106508016586,-0.0026337080635130405,-0.007948996499180794]",False,"[false,false,false,false]","[false,false,false,false]",post_capture,"[0.0,1.0,0.0,0.9516666531562805,1.0,0.871999979019165,0.13333334028720856,0.0,1.0,1.0,0.0,0.0,0.0,0.0,0.0,0.0,0.0,0.0,0.0,0.0,0.0,0.0,0.0,0.0,0.0,0.0,1.0,0.0,0.0,0.0,0.0,0.0,0.0,0.0,1.0,0.0,0.0,0.0,0.0,0.0,0.0,0.0,0.0,0.0,0.0,0.0,0.0,0.0,0.0,0.0]","[-1.7886199951171875,-2.2686386108398438,-1.2386837005615234,-2.0461387634277344]","[-1.2891788482666016,-1.4102001190185547,-1.1549034118652344,-1.3031349182128906]","[-0.3862182788158559,-3.9334657743452026,-0.42723682223459036,-1.1048864134921985]","[-1.1514174938201904,-3.895958423614502,-1.2431774139404297,-1.2666490077972412]","[-1.1514174938201904,-3.895958423614502,-1.2431774139404297,-1.2666490077972412]"
2,145,post_capture,"[""coverage"",""coverage"",""coverage"",""coverage""]","[0.0,1.0,0.0,0.9516666531562805,1.0,0.871999979019165,0.13333334028720856,0.0,1.0,1.0,0.0,0.0,0.0,0.0,0.0,0.0,0.0,0.0,0.0,0.0,0.0,0.0,0.0,0.0,0.0,0.0,1.0,0.0,0.0,0.0,0.0,0.0,0.0,0.0,1.0,0.0,0.0,0.0,0.0,0.0,0.0,0.0,0.0,0.0,0.0,0.0,0.0,0.0,0.0,0.0]","[6,3,6,8]","[-0.0009174762526527047,-0.060940153896808624,-0.006585560739040375,-0.007568721193820238]",False,"[false,false,false,false]","[false,false,false,false]",post_capture,"[0.0,1.0,0.0,0.9513333439826965,1.0,0.8700000047683716,0.1666666716337204,0.0,1.0,1.0,0.0,0.0,0.0,0.0,0.0,0.0,0.0,0.0,0.0,0.0,0.0,0.0,0.0,0.0,0.0,0.0,1.0,0.0,0.0,0.0,0.0,0.0,0.0,0.0,1.0,0.0,0.0,0.0,0.0,0.0,0.0,0.0,0.0,0.0,0.0,0.0,0.0,0.0,0.0,0.0]","[-1.2891788482666016,-1.4102001190185547,-1.1549034118652344,-1.3031349182128906]","[-0.6775588989257812,-0.5456962585449219,-0.7169609069824219,-0.627349853515625]","[-0.3891503308136559,-3.926358292186906,-0.42889203451623975,-1.1080175929222402]","[-1.155389428138733,-4.01890754699707,-1.2582412958145142,-1.269744634628296]","[-1.155389428138733,-4.01890754699707,-1.2582412958145142,-1.269744634628296]"
2,146,post_capture,"[""coverage"",""coverage"",""coverage"",""coverage""]","[0.0,1.0,0.0,0.9513333439826965,1.0,0.8700000047683716,0.1666666716337204,0.0,1.0,1.0,0.0,0.0,0.0,0.0,0.0,0.0,0.0,0.0,0.0,0.0,0.0,0.0,0.0,0.0,0.0,0.0,1.0,0.0,0.0,0.0,0.0,0.0,0.0,0.0,1.0,0.0,0.0,0.0,0.0,0.0,0.0,0.0,0.0,0.0,0.0,0.0,0.0,0.0,0.0,0.0]","[2,2,6,8]","[-0.0005029611638747156,-0.05822541564702988,-0.003949608188122511,-0.006055962294340134]",False,"[false,false,false,false]","[false,false,false,false]",post_capture,"[0.0,1.0,0.0,0.9509999752044678,1.0,0.8679999709129333,0.20000000298023224,0.0,1.0,1.0,0.0,0.0,0.0,0.0,0.0,0.0,0.0,0.0,0.0,0.0,0.0,0.0,0.0,0.0,0.0,0.0,1.0,0.0,0.0,0.0,0.0,0.0,0.0,0.0,1.0,0.0,0.0,0.0,0.0,0.0,0.0,0.0,0.0,0.0,0.0,0.0,0.0,0.0,0.0,0.0]","[-0.6775588989257812,-0.5456962585449219,-0.7169609069824219,-0.627349853515625]","[-1.2033252716064453,-1.4239540100097656,-0.9223918914794922,-0.7428665161132812]","[-0.3921543985464679,-3.904462765949593,-0.4265721957345448,-1.111564516897394]","[-1.1918476819992065,-4.179644584655762,-1.293105959892273,-1.3090081214904785]","[-1.1918476819992065,-4.179644584655762,-1.293105959892273,-1.3090081214904785]"
2,147,post_capture,"[""coverage"",""coverage"",""coverage"",""coverage""]","[0.0,1.0,0.0,0.9509999752044678,1.0,0.8679999709129333,0.20000000298023224,0.0,1.0,1.0,0.0,0.0,0.0,0.0,0.0,0.0,0.0,0.0,0.0,0.0,0.0,0.0,0.0,0.0,0.0,0.0,1.0,0.0,0.0,0.0,0.0,0.0,0.0,0.0,1.0,0.0,0.0,0.0,0.0,0.0,0.0,0.0,0.0,0.0,0.0,0.0,0.0,0.0,0.0,0.0]","[8,2,3,8]","[-0.0010318498825654387,-0.06489888578653336,-0.004006683360785246,-0.006590188480913639]",False,"[false,false,false,false]","[false,false,false,false]",post_capture,"[0.0,1.0,0.0,0.9506666660308838,1.0,0.8659999966621399,0.23333333432674408,0.0,1.0,1.0,0.0,0.0,0.0,0.0,0.0,0.0,0.0,0.0,0.0,0.0,0.0,0.0,0.0,0.0,0.0,0.0,1.0,0.0,0.0,0.0,0.0,0.0,0.0,0.0,1.0,0.0,0.0,0.0,0.0,0.0,0.0,0.0,0.0,0.0,0.0,0.0,0.0,0.0,0.0,0.0]","[-1.2033252716064453,-1.4239540100097656,-0.9223918914794922,-0.7428665161132812]","[-1.2465400695800781,-2.8066864013671875,-1.2945003509521484,-0.8049697875976562]","[-0.3956075125076699,-3.885088232628852,-0.42689150257214376,-1.1166753076798523]","[-1.2033812999725342,-4.3072123527526855,-1.322166919708252,-1.3462841510772705]","[-1.2033812999725342,-4.3072123527526855,-1.322166919708252,-1.3462841510772705]"
2,148,post_capture,"[""coverage"",""coverage"",""coverage"",""coverage""]","[0.0,1.0,0.0,0.9506666660308838,1.0,0.8659999966621399,0.23333333432674408,0.0,1.0,1.0,0.0,0.0,0.0,0.0,0.0,0.0,0.0,0.0,0.0,0.0,0.0,0.0,0.0,0.0,0.0,0.0,1.0,0.0,0.0,0.0,0.0,0.0,0.0,0.0,1.0,0.0,0.0,0.0,0.0,0.0,0.0,0.0,0.0,0.0,0.0,0.0,0.0,0.0,0.0,0.0]","[8,2,3,3]","[-0.0016091796569526196,-0.06488821655511856,-0.0024076004046946764,-0.007323520258069038]",False,"[false,false,false,false]","[false,false,false,false]",post_capture,"[0.0,1.0,0.0,0.9503333568572998,1.0,0.8640000224113464,0.2666666805744171,0.0,1.0,1.0,0.0,0.0,0.0,0.0,0.0,0.0,0.0,0.0,0.0,0.0,0.0,0.0,0.0,0.0,0.0,0.0,1.0,0.0,0.0,0.0,0.0,0.0,0.0,0.0,1.0,0.0,0.0,0.0,0.0,0.0,0.0,0.0,0.0,0.0,0.0,0.0,0.0,0.0,0.0,0.0]","[-1.2465400695800781,-2.8066864013671875,-1.2945003509521484,-0.8049697875976562]","[-1.079803466796875,-4.0841217041015625,-1.377664566040039,-0.7392044067382812]","[-0.3985612753788934,-3.858777118022544,-0.4271563830417763,-1.1212981002009481]","[-1.2128076553344727,-4.362979412078857,-1.333420991897583,-1.3820817470550537]","[-1.2128076553344727,-4.362979412078857,-1.333420991897583,-1.3820817470550537]"
2,149,post_capture,"[""coverage"",""coverage"",""coverage"",""coverage""]","[0.0,1.0,0.0,0.9503333568572998,1.0,0.8640000224113464,0.2666666805744171,0.0,1.0,1.0,0.0,0.0,0.0,0.0,0.0,0.0,0.0,0.0,0.0,0.0,0.0,0.0,0.0,0.0,0.0,0.0,1.0,0.0,0.0,0.0,0.0,0.0,0.0,0.0,1.0,0.0,0.0,0.0,0.0,0.0,0.0,0.0,0.0,0.0,0.0,0.0,0.0,0.0,0.0,0.0]","[8,3,6,6]","[-0.002142079407349229,-0.0755344033241272,-0.001867084065452218,-0.006419142242521048]",False,"[false,false,false,false]","[false,false,false,false]",post_capture,"[0.0,1.0,0.0,0.949999988079071,1.0,0.8619999885559082,0.30000001192092896,0.0,1.0,1.0,0.0,0.0,0.0,0.0,0.0,0.0,0.0,0.0,0.0,0.0,0.0,0.0,0.0,0.0,0.0,0.0,1.0,0.0,0.0,0.0,0.0,0.0,0.0,0.0,1.0,0.0,0.0,0.0,0.0,0.0,0.0,0.0,0.0,0.0,0.0,0.0,0.0,0.0,0.0,0.0]","[-1.079803466796875,-4.0841217041015625,-1.377664566040039,-0.7392044067382812]","[-0.7018337249755859,-3.748586654663086,-1.0918102264404297,-0.6439590454101562]","[-0.40096171285044524,-3.832211011583258,-0.4290391743808905,-1.1252268484271506]","[-1.2309921979904175,-4.355052947998047,-1.3427103757858276,-1.422825813293457]","[-1.2309921979904175,-4.355052947998047,-1.3427103757858276,-1.422825813293457]"
2,150,post_capture,"[""coverage"",""coverage"",""coverage"",""coverage""]","[0.0,1.0,0.0,0.949999988079071,1.0,0.8619999885559082,0.30000001192092896,0.0,1.0,1.0,0.0,0.0,0.0,0.0,0.0,0.0,0.0,0.0,0.0,0.0,0.0,0.0,0.0,0.0,0.0,0.0,1.0,0.0,0.0,0.0,0.0,0.0,0.0,0.0,1.0,0.0,0.0,0.0,0.0,0.0,0.0,0.0,0.0,0.0,0.0,0.0,0.0,0.0,0.0,0.0]","[2,2,3,3]","[-0.0026267485227435827,-0.08422191441059113,-0.0015526700299233198,-0.004164445213973522]",False,"[false,false,false,false]","[false,false,false,false]",post_capture,"[0.0,1.0,0.0,0.9496666789054871,1.0,0.8600000143051147,0.3333333432674408,0.0,1.0,1.0,0.0,0.0,0.0,0.0,0.0,0.0,0.0,0.0,0.0,0.0,0.0,0.0,0.0,0.0,0.0,0.0,1.0,0.0,0.0,0.0,0.0,0.0,0.0,0.0,1.0,0.0,0.0,0.0,0.0,0.0,0.0,0.0,0.0,0.0,0.0,0.0,0.0,0.0,0.0,0.0]","[-0.7018337249755859,-3.748586654663086,-1.0918102264404297,-0.6439590454101562]","[-1.0166778564453125,-4.940105438232422,-1.1252670288085938,-0.8689079284667969]","[-0.4028481145889859,-3.7946228366253845,-0.43148695991458413,-1.1301087941258885]","[-1.2696537971496582,-4.352964878082275,-1.3682070970535278,-1.4721219539642334]","[-1.2696537971496582,-4.352964878082275,-1.3682070970535278,-1.4721219539642334]"
2,151,post_capture,"[""coverage"",""coverage"",""coverage"",""coverage""]","[0.0,1.0,0.0,0.9496666789054871,1.0,0.8600000143051147,0.3333333432674408,0.0,1.0,1.0,0.0,0.0,0.0,0.0,0.0,0.0,0.0,0.0,0.0,0.0,0.0,0.0,0.0,0.0,0.0,0.0,1.0,0.0,0.0,0.0,0.0,0.0,0.0,0.0,1.0,0.0,0.0,0.0,0.0,0.0,0.0,0.0,0.0,0.0,0.0,0.0,0.0,0.0,0.0,0.0]","[6,2,3,6]","[-0.003867864143103361,-0.08172333985567093,-0.0022555652540177107,-0.003122118767350912]",False,"[false,false,false,false]","[false,false,false,false]",post_capture,"[0.0,1.0,0.0,0.9493333101272583,1.0,0.8579999804496765,0.36666667461395264,0.0,1.0,1.0,0.0,0.0,0.0,0.0,0.0,0.0,0.0,0.0,0.0,0.0,0.0,0.0,0.0,0.0,0.0,0.0,1.0,0.0,0.0,0.0,0.0,0.0,0.0,0.0,1.0,0.0,0.0,0.0,0.0,0.0,0.0,0.0,0.0,0.0,0.0,0.0,0.0,0.0,0.0,0.0]","[-1.0166778564453125,-4.940105438232422,-1.1252670288085938,-0.8689079284667969]","[-0.5825290679931641,-5.041193008422852,-0.9930438995361328,-0.7323513031005859]","[-0.4042640061275175,-3.747879719408882,-0.4342770604895564,-1.1373175241534494]","[-1.2936750650405884,-4.278796195983887,-1.393890142440796,-1.515094518661499]","[-1.2936750650405884,-4.278796195983887,-1.393890142440796,-1.515094518661499]"
2,152,post_capture,"[""coverage"",""coverage"",""coverage"",""coverage""]","[0.0,1.0,0.0,0.9493333101272583,1.0,0.8579999804496765,0.36666667461395264,0.0,1.0,1.0,0.0,0.0,0.0,0.0,0.0,0.0,0.0,0.0,0.0,0.0,0.0,0.0,0.0,0.0,0.0,0.0,1.0,0.0,0.0,0.0,0.0,0.0,0.0,0.0,1.0,0.0,0.0,0.0,0.0,0.0,0.0,0.0,0.0,0.0,0.0,0.0,0.0,0.0,0.0,0.0]","[2,8,3,2]","[-0.00367251830175519,-0.09326694905757904,-0.003643448930233717,-0.00306410132907331]",False,"[false,false,false,false]","[false,false,false,false]",post_capture,"[0.0,1.0,0.0,0.9490000009536743,1.0,0.8560000061988831,0.4000000059604645,0.0,1.0,1.0,0.0,0.0,0.0,0.0,0.0,0.0,0.0,0.0,0.0,0.0,0.0,0.0,0.0,0.0,0.0,0.0,1.0,0.0,0.0,0.0,0.0,0.0,0.0,0.0,1.0,0.0,0.0,0.0,0.0,0.0,0.0,0.0,0.0,0.0,0.0,0.0,0.0,0.0,0.0,0.0]","[-0.5825290679931641,-5.041193008422852,-0.9930438995361328,-0.7323513031005859]","[-0.8292636871337891,-5.130014419555664,-0.8948001861572266,-0.9440803527832031]","[-0.4044405474590042,-3.7031882621749608,-0.43638534872276635,-1.1456519246324228]","[-1.3407464027404785,-4.197271347045898,-1.4274096488952637,-1.569081425666809]","[-1.3407464027404785,-4.197271347045898,-1.4274096488952637,-1.569081425666809]"
2,153,post_capture,"[""coverage"",""coverage"",""coverage"",""coverage""]","[0.0,1.0,0.0,0.9490000009536743,1.0,0.8560000061988831,0.4000000059604645,0.0,1.0,1.0,0.0,0.0,0.0,0.0,0.0,0.0,0.0,0.0,0.0,0.0,0.0,0.0,0.0,0.0,0.0,0.0,1.0,0.0,0.0,0.0,0.0,0.0,0.0,0.0,1.0,0.0,0.0,0.0,0.0,0.0,0.0,0.0,0.0,0.0,0.0,0.0,0.0,0.0,0.0,0.0]","[8,8,3,8]","[-0.0041520786471664906,-0.09736795723438263,-0.0052125416696071625,-0.00356426858343184]",False,"[false,false,false,false]","[false,false,false,false]",post_capture,"[0.0,1.0,0.0,0.9486666917800903,1.0,0.8539999723434448,0.0,0.0,1.0,1.0,0.0,0.0,0.0,0.0,0.0,0.0,0.0,0.0,0.0,0.0,0.0,0.0,0.0,0.0,0.0,0.0,1.0,0.0,0.0,0.0,0.0,0.0,0.0,0.0,1.0,0.0,0.0,0.0,0.0,0.0,0.0,0.0,0.0,0.0,0.0,0.0,0.0,0.0,0.0,0.0]","[-0.8292636871337891,-5.130014419555664,-0.8948001861572266,-0.9440803527832031]","[-0.6088294982910156,-4.276187896728516,-0.8073825836181641,-0.6908130645751953]","[-0.4048161910679283,-3.6463851647650323,-0.4371130300934673,-1.1541291144478278]","[-1.3780173063278198,-4.093640327453613,-1.4667448997497559,-1.6154017448425293]","[-1.3780173063278198,-4.093640327453613,-1.4667448997497559,-1.6154017448425293]"
2,154,post_capture,"[""coverage"",""coverage"",""coverage"",""coverage""]","[0.0,1.0,0.0,0.9486666917800903,1.0,0.8539999723434448,0.0,0.0,1.0,1.0,0.0,0.0,0.0,0.0,0.0,0.0,0.0,0.0,0.0,0.0,0.0,0.0,0.0,0.0,0.0,0.0,1.0,0.0,0.0,0.0,0.0,0.0,0.0,0.0,1.0,0.0,0.0,0.0,0.0,0.0,0.0,0.0,0.0,0.0,0.0,0.0,0.0,0.0,0.0,0.0]","[8,8,3,8]","[-0.003670240519568324,-0.11174959689378738,-0.008380630053579807,-0.0040741548873484135]",False,"[false,false,false,false]","[false,false,false,false]",post_capture,"[0.0,1.0,0.0,0.9483333230018616,1.0,0.8519999980926514,0.0,0.0,1.0,1.0,0.0,0.0,0.0,0.0,0.0,0.0,0.0,0.0,0.0,0.0,0.0,0.0,0.0,0.0,0.0,0.0,1.0,0.0,0.0,0.0,0.0,0.0,0.0,0.0,1.0,0.0,0.0,0.0,0.0,0.0,0.0,0.0,0.0,0.0,0.0,0.0,0.0,0.0,0.0,0.0]","[-0.6088294982910156,-4.276187896728516,-0.8073825836181641,-0.6908130645751953]","[-0.5189437866210938,-3.683391571044922,-0.7893142700195312,-0.5945186614990234]","[-0.4047112246674362,-3.5848658661925756,-0.43626311962006076,-1.1621867129943395]","[-1.4287381172180176,-4.024030685424805,-1.5115011930465698,-1.67745041847229]","[-1.4287381172180176,-4.024030685424805,-1.5115011930465698,-1.67745041847229]"
2,155,post_capture,"[""coverage"",""coverage"",""coverage"",""coverage""]","[0.0,1.0,0.0,0.9483333230018616,1.0,0.8519999980926514,0.0,0.0,1.0,1.0,0.0,0.0,0.0,0.0,0.0,0.0,0.0,0.0,0.0,0.0,0.0,0.0,0.0,0.0,0.0,0.0,1.0,0.0,0.0,0.0,0.0,0.0,0.0,0.0,1.0,0.0,0.0,0.0,0.0,0.0,0.0,0.0,0.0,0.0,0.0,0.0,0.0,0.0,0.0,0.0]","[2,8,2,2]","[-0.0038669086061418056,-0.11264297366142273,-0.011212476529181004,-0.0028267311863601208]",False,"[false,false,false,false]","[false,false,false,false]",post_capture,"[0.0,1.0,0.0,0.9480000138282776,1.0,0.8500000238418579,0.0,0.0,1.0,1.0,0.0,0.0,0.0,0.0,0.0,0.0,0.0,0.0,0.0,0.0,0.0,0.0,0.0,0.0,0.0,0.0,1.0,0.0,0.0,0.0,0.0,0.0,0.0,0.0,1.0,0.0,0.0,0.0,0.0,0.0,0.0,0.0,0.0,0.0,0.0,0.0,0.0,0.0,0.0,0.0]","[-0.5189437866210938,-3.683391571044922,-0.7893142700195312,-0.5945186614990234]","[-0.7373275756835938,-3.232006072998047,-1.0090770721435547,-0.6656475067138672]","[-0.40509190317966454,-3.5081982518169577,-0.4322045349156373,-1.1698106647545365]","[-1.4879108667373657,-3.965925693511963,-1.556671380996704,-1.7479506731033325]","[-1.4879108667373657,-3.965925693511963,-1.556671380996704,-1.7479506731033325]"
2,156,post_capture,"[""coverage"",""coverage"",""coverage"",""coverage""]","[0.0,1.0,0.0,0.9480000138282776,1.0,0.8500000238418579,0.0,0.0,1.0,1.0,0.0,0.0,0.0,0.0,0.0,0.0,0.0,0.0,0.0,0.0,0.0,0.0,0.0,0.0,0.0,0.0,1.0,0.0,0.0,0.0,0.0,0.0,0.0,0.0,1.0,0.0,0.0,0.0,0.0,0.0,0.0,0.0,0.0,0.0,0.0,0.0,0.0,0.0,0.0,0.0]","[2,8,3,2]","[-0.003341063391417265,-0.11727161705493927,-0.013313960283994675,-0.004137594252824783]",False,"[false,false,false,false]","[false,false,false,false]",post_capture,"[0.0,1.0,0.0,0.9476666450500488,1.0,0.8479999899864197,0.0,0.0,1.0,1.0,0.0,0.0,0.0,0.0,0.0,0.0,0.0,0.0,0.0,0.0,0.0,0.0,0.0,0.0,0.0,0.0,1.0,0.0,0.0,0.0,0.0,0.0,0.0,0.0,1.0,0.0,0.0,0.0,0.0,0.0,0.0,0.0,0.0,0.0,0.0,0.0,0.0,0.0,0.0,0.0]","[-0.7373275756835938,-3.232006072998047,-1.0090770721435547,-0.6656475067138672]","[-1.0764236450195312,-3.170185089111328,-0.9462604522705078,-1.1249980926513672]","[-0.4052777722964876,-3.429853816318722,-0.42524450342066294,-1.178771650068865]","[-1.5391241312026978,-3.9269518852233887,-1.5901217460632324,-1.8204936981201172]","[-1.5391241312026978,-3.9269518852233887,-1.5901217460632324,-1.8204936981201172]"
2,157,post_capture,"[""coverage"",""coverage"",""coverage"",""coverage""]","[0.0,1.0,0.0,0.9476666450500488,1.0,0.8479999899864197,0.0,0.0,1.0,1.0,0.0,0.0,0.0,0.0,0.0,0.0,0.0,0.0,0.0,0.0,0.0,0.0,0.0,0.0,0.0,0.0,1.0,0.0,0.0,0.0,0.0,0.0,0.0,0.0,1.0,0.0,0.0,0.0,0.0,0.0,0.0,0.0,0.0,0.0,0.0,0.0,0.0,0.0,0.0,0.0]","[3,8,3,2]","[-0.005544309038668871,-0.1118123009800911,-0.01405343972146511,-0.0034800455905497074]",False,"[false,false,false,false]","[false,false,false,false]",post_capture,"[0.0,1.0,0.0,0.9473333358764648,1.0,0.8460000157356262,0.0,0.0,1.0,1.0,0.0,0.0,0.0,0.0,0.0,0.0,0.0,0.0,0.0,0.0,0.0,0.0,0.0,0.0,0.0,0.0,1.0,0.0,0.0,0.0,0.0,0.0,0.0,0.0,1.0,0.0,0.0,0.0,0.0,0.0,0.0,0.0,0.0,0.0,0.0,0.0,0.0,0.0,0.0,0.0]","[-1.0764236450195312,-3.170185089111328,-0.9462604522705078,-1.1249980926513672]","[-1.2365570068359375,-3.2075023651123047,-1.2895278930664062,-1.6852531433105469]","[-0.4059966756616872,-3.3460426255189724,-0.41609145771380635,-1.1864990462788285]","[-1.5762892961502075,-3.8838448524475098,-1.6267602443695068,-1.872056007385254]","[-1.5762892961502075,-3.8838448524475098,-1.6267602443695068,-1.872056007385254]"
2,158,post_capture,"[""coverage"",""coverage"",""coverage"",""coverage""]","[0.0,1.0,0.0,0.9473333358764648,1.0,0.8460000157356262,0.0,0.0,1.0,1.0,0.0,0.0,0.0,0.0,0.0,0.0,0.0,0.0,0.0,0.0,0.0,0.0,0.0,0.0,0.0,0.0,1.0,0.0,0.0,0.0,0.0,0.0,0.0,0.0,1.0,0.0,0.0,0.0,0.0,0.0,0.0,0.0,0.0,0.0,0.0,0.0,0.0,0.0,0.0,0.0]","[3,6,6,6]","[-0.002534938743337989,-0.10403190553188324,-0.018894249573349953,-0.009794776327908039]",False,"[false,false,false,false]","[false,false,false,false]",post_capture,"[0.0,1.0,0.0,0.9470000267028809,1.0,0.843999981880188,0.0,0.0,1.0,1.0,0.0,0.0,0.0,0.0,0.0,0.0,0.0,0.0,0.0,0.0,0.0,0.0,0.0,0.0,0.0,0.0,1.0,0.0,0.0,0.0,0.0,0.0,0.0,0.0,1.0,0.0,0.0,0.0,0.0,0.0,0.0,0.0,0.0,0.0,0.0,0.0,0.0,0.0,0.0,0.0]","[-1.2365570068359375,-3.2075023651123047,-1.2895278930664062,-1.6852531433105469]","[-1.59075927734375,-3.408018112182617,-1.646352767944336,-1.9535045623779297]","[-0.40449734002325083,-3.266899317716042,-0.406099008073072,-1.194968687563918]","[-1.6050350666046143,-3.841850996017456,-1.6468634605407715,-1.898092269897461]","[-1.6050350666046143,-3.841850996017456,-1.6468634605407715,-1.898092269897461]"
2,159,post_capture,"[""coverage"",""coverage"",""coverage"",""coverage""]","[0.0,1.0,0.0,0.9470000267028809,1.0,0.843999981880188,0.0,0.0,1.0,1.0,0.0,0.0,0.0,0.0,0.0,0.0,0.0,0.0,0.0,0.0,0.0,0.0,0.0,0.0,0.0,0.0,1.0,0.0,0.0,0.0,0.0,0.0,0.0,0.0,1.0,0.0,0.0,0.0,0.0,0.0,0.0,0.0,0.0,0.0,0.0,0.0,0.0,0.0,0.0,0.0]","[7,6,6,6]","[-0.005176247097551823,-0.10376099497079849,-0.019119786098599434,-0.005246745888143778]",False,"[false,false,false,false]","[false,false,false,false]",post_capture,"[0.0,1.0,0.0,0.9466666579246521,1.0,0.8420000076293945,0.0,0.0,1.0,1.0,0.0,0.0,0.0,0.0,0.0,0.0,0.0,0.0,0.0,0.0,0.0,0.0,0.0,0.0,0.0,0.0,1.0,0.0,0.0,0.0,0.0,0.0,0.0,0.0,1.0,0.0,0.0,0.0,0.0,0.0,0.0,0.0,0.0,0.0,0.0,0.0,0.0,0.0,0.0,0.0]","[-1.59075927734375,-3.408018112182617,-1.646352767944336,-1.9535045623779297]","[-1.730825424194336,-3.506906509399414,-1.6960067749023438,-1.9694385528564453]","[-0.40602262755546753,-3.1948155678627868,-0.3911159176764869,-1.1971453648848587]","[-1.6201567649841309,-3.7949202060699463,-1.6443113088607788,-1.9049431085586548]","[-1.6201567649841309,-3.7949202060699463,-1.6443113088607788,-1.9049431085586548]"
2,160,post_capture,"[""coverage"",""coverage"",""coverage"",""coverage""]","[0.0,1.0,0.0,0.9466666579246521,1.0,0.8420000076293945,0.0,0.0,1.0,1.0,0.0,0.0,0.0,0.0,0.0,0.0,0.0,0.0,0.0,0.0,0.0,0.0,0.0,0.0,0.0,0.0,1.0,0.0,0.0,0.0,0.0,0.0,0.0,0.0,1.0,0.0,0.0,0.0,0.0,0.0,0.0,0.0,0.0,0.0,0.0,0.0,0.0,0.0,0.0,0.0]","[3,6,3,6]","[-0.0026051884051412344,-0.10088175535202026,-0.020175114274024963,-0.01077860128134489]",False,"[false,false,false,false]","[false,false,false,false]",post_capture,"[0.0,1.0,0.0,0.9463333487510681,1.0,0.8399999737739563,0.0,0.0,1.0,1.0,0.0,0.0,0.0,0.0,0.0,0.0,0.0,0.0,0.0,0.0,0.0,0.0,0.0,0.0,0.0,0.0,1.0,0.0,0.0,0.0,0.0,0.0,0.0,0.0,1.0,0.0,0.0,0.0,0.0,0.0,0.0,0.0,0.0,0.0,0.0,0.0,0.0,0.0,0.0,0.0]","[-1.730825424194336,-3.506906509399414,-1.6960067749023438,-1.9694385528564453]","[-1.8374290466308594,-3.3723926544189453,-1.9343299865722656,-2.030607223510742]","[-0.40489533379587445,-3.1222773463555438,-0.3757536682604924,-1.2039379989865806]","[-1.6260547637939453,-3.7401034832000732,-1.6387444734573364,-1.916224479675293]","[-1.6260547637939453,-3.7401034832000732,-1.6387444734573364,-1.916224479675293]"
2,161,post_capture,"[""coverage"",""coverage"",""coverage"",""coverage""]","[0.0,1.0,0.0,0.9463333487510681,1.0,0.8399999737739563,0.0,0.0,1.0,1.0,0.0,0.0,0.0,0.0,0.0,0.0,0.0,0.0,0.0,0.0,0.0,0.0,0.0,0.0,0.0,0.0,1.0,0.0,0.0,0.0,0.0,0.0,0.0,0.0,1.0,0.0,0.0,0.0,0.0,0.0,0.0,0.0,0.0,0.0,0.0,0.0,0.0,0.0,0.0,0.0]","[3,3,3,8]","[-0.00315657164901495,-0.10693466663360596,-0.019779697060585022,-0.008346145041286945]",False,"[false,false,false,false]","[false,false,false,false]",post_capture,"[0.0,1.0,0.0,0.9459999799728394,1.0,0.8379999995231628,0.0,0.0,1.0,1.0,0.0,0.0,0.0,0.0,0.0,0.0,0.0,0.0,0.0,0.0,0.0,0.0,0.0,0.0,0.0,0.0,1.0,0.0,0.0,0.0,0.0,0.0,0.0,0.0,1.0,0.0,0.0,0.0,0.0,0.0,0.0,0.0,0.0,0.0,0.0,0.0,0.0,0.0,0.0,0.0]","[-1.8374290466308594,-3.3723926544189453,-1.9343299865722656,-2.030607223510742]","[-2.148977279663086,-3.5650711059570312,-2.336599349975586,-2.315061569213867]","[-0.40635368221286183,-3.0519147383873975,-0.3591702565519873,-1.2052115128335714]","[-1.6294491291046143,-3.6919596195220947,-1.6191599369049072,-1.9191184043884277]","[-1.6294491291046143,-3.6919596195220947,-1.6191599369049072,-1.9191184043884277]"
2,162,post_capture,"[""coverage"",""coverage"",""coverage"",""coverage""]","[0.0,1.0,0.0,0.9459999799728394,1.0,0.8379999995231628,0.0,0.0,1.0,1.0,0.0,0.0,0.0,0.0,0.0,0.0,0.0,0.0,0.0,0.0,0.0,0.0,0.0,0.0,0.0,0.0,1.0,0.0,0.0,0.0,0.0,0.0,0.0,0.0,1.0,0.0,0.0,0.0,0.0,0.0,0.0,0.0,0.0,0.0,0.0,0.0,0.0,0.0,0.0,0.0]","[6,8,6,8]","[-0.0026176234241575003,-0.10039590299129486,-0.02029590494930744,-0.010252435691654682]",False,"[false,false,false,false]","[false,false,false,false]",post_capture,"[0.0,1.0,0.0,0.9456666707992554,1.0,0.8360000252723694,0.0,0.0,1.0,1.0,0.0,0.0,0.0,0.0,0.0,0.0,0.0,0.0,0.0,0.0,0.0,0.0,0.0,0.0,0.0,0.0,1.0,0.0,0.0,0.0,0.0,0.0,0.0,0.0,1.0,0.0,0.0,0.0,0.0,0.0,0.0,0.0,0.0,0.0,0.0,0.0,0.0,0.0,0.0,0.0]","[-2.148977279663086,-3.5650711059570312,-2.336599349975586,-2.315061569213867]","[-2.4454288482666016,-3.9995594024658203,-2.4044151306152344,-2.258575439453125]","[-0.4072698086503504,-2.9747273452058502,-0.3428187469610124,-1.2089549169619036]","[-1.616074562072754,-3.6241936683654785,-1.577584981918335,-1.9098105430603027]","[-1.616074562072754,-3.6241936683654785,-1.577584981918335,-1.9098105430603027]"
2,163,post_capture,"[""coverage"",""coverage"",""coverage"",""coverage""]","[0.0,1.0,0.0,0.9456666707992554,1.0,0.8360000252723694,0.0,0.0,1.0,1.0,0.0,0.0,0.0,0.0,0.0,0.0,0.0,0.0,0.0,0.0,0.0,0.0,0.0,0.0,0.0,0.0,1.0,0.0,0.0,0.0,0.0,0.0,0.0,0.0,1.0,0.0,0.0,0.0,0.0,0.0,0.0,0.0,0.0,0.0,0.0,0.0,0.0,0.0,0.0,0.0]","[6,8,6,8]","[-0.002001262502744794,-0.09658175706863403,-0.01704738661646843,-0.015477277338504791]",False,"[false,false,false,false]","[false,false,false,false]",post_capture,"[0.0,1.0,0.0,0.9453333616256714,1.0,0.8339999914169312,0.0,0.0,1.0,1.0,0.0,0.0,0.0,0.0,0.0,0.0,0.0,0.0,0.0,0.0,0.0,0.0,0.0,0.0,0.0,0.0,1.0,0.0,0.0,0.0,0.0,0.0,0.0,0.0,1.0,0.0,0.0,0.0,0.0,0.0,0.0,0.0,0.0,0.0,0.0,0.0,0.0,0.0,0.0,0.0]","[-2.4454288482666016,-3.9995594024658203,-2.4044151306152344,-2.258575439453125]","[-2.6081886291503906,-3.8657455444335938,-2.421628952026367,-2.1469268798828125]","[-0.4087395810365585,-2.9033650931460158,-0.32578064849667165,-1.2108105871416657]","[-1.5868244171142578,-3.5362253189086914,-1.5292614698410034,-1.9008595943450928]","[-1.5868244171142578,-3.5362253189086914,-1.5292614698410034,-1.9008595943450928]"
2,164,post_capture,"[""coverage"",""coverage"",""coverage"",""coverage""]","[0.0,1.0,0.0,0.9453333616256714,1.0,0.8339999914169312,0.0,0.0,1.0,1.0,0.0,0.0,0.0,0.0,0.0,0.0,0.0,0.0,0.0,0.0,0.0,0.0,0.0,0.0,0.0,0.0,1.0,0.0,0.0,0.0,0.0,0.0,0.0,0.0,1.0,0.0,0.0,0.0,0.0,0.0,0.0,0.0,0.0,0.0,0.0,0.0,0.0,0.0,0.0,0.0]","[2,2,6,3]","[-0.0021644008811563253,-0.0901402086019516,-0.01262392196804285,-0.015980524942278862]",False,"[false,false,false,false]","[false,false,false,false]",post_capture,"[0.0,1.0,0.0,0.9449999928474426,1.0,0.8320000171661377,0.0,0.0,1.0,1.0,0.0,0.0,0.0,0.0,0.0,0.0,0.0,0.0,0.0,0.0,0.0,0.0,0.0,0.0,0.0,0.0,1.0,0.0,0.0,0.0,0.0,0.0,0.0,0.0,1.0,0.0,0.0,0.0,0.0,0.0,0.0,0.0,0.0,0.0,0.0,0.0,0.0,0.0,0.0,0.0]","[-2.6081886291503906,-3.8657455444335938,-2.421628952026367,-2.1469268798828125]","[-2.514829635620117,-4.073940277099609,-2.323091506958008,-2.050457000732422]","[-0.4108467863977916,-2.835134682906446,-0.311851779676973,-1.2074073836395565]","[-1.547812581062317,-3.453789710998535,-1.48042893409729,-1.8916635513305664]","[-1.547812581062317,-3.453789710998535,-1.48042893409729,-1.8916635513305664]"
2,165,post_capture,"[""coverage"",""coverage"",""coverage"",""coverage""]","[0.0,1.0,0.0,0.9449999928474426,1.0,0.8320000171661377,0.0,0.0,1.0,1.0,0.0,0.0,0.0,0.0,0.0,0.0,0.0,0.0,0.0,0.0,0.0,0.0,0.0,0.0,0.0,0.0,1.0,0.0,0.0,0.0,0.0,0.0,0.0,0.0,1.0,0.0,0.0,0.0,0.0,0.0,0.0,0.0,0.0,0.0,0.0,0.0,0.0,0.0,0.0,0.0]","[6,8,6,6]","[-0.003026514546945691,-0.08570624887943268,-0.009568896144628525,-0.016293242573738098]",False,"[false,false,false,false]","[false,false,false,false]",post_capture,"[0.0,1.0,0.0,0.9446666836738586,1.0,0.8299999833106995,0.0,0.0,1.0,1.0,0.0,0.0,0.0,0.0,0.0,0.0,0.0,0.0,0.0,0.0,0.0,0.0,0.0,0.0,0.0,0.0,1.0,0.0,0.0,0.0,0.0,0.0,0.0,0.0,1.0,0.0,0.0,0.0,0.0,0.0,0.0,0.0,0.0,0.0,0.0,0.0,0.0,0.0,0.0,0.0]","[-2.514829635620117,-4.073940277099609,-2.323091506958008,-2.050457000732422]","[-2.366168975830078,-3.5305652618408203,-1.9523029327392578,-1.7447528839111328]","[-0.4128104904208437,-2.772721691216661,-0.30225036132215166,-1.2034614734315936]","[-1.5110728740692139,-3.362030267715454,-1.4383962154388428,-1.886427879333496]","[-1.5110728740692139,-3.362030267715454,-1.4383962154388428,-1.886427879333496]"
2,166,post_capture,"[""coverage"",""coverage"",""coverage"",""coverage""]","[0.0,1.0,0.0,0.9446666836738586,1.0,0.8299999833106995,0.0,0.0,1.0,1.0,0.0,0.0,0.0,0.0,0.0,0.0,0.0,0.0,0.0,0.0,0.0,0.0,0.0,0.0,0.0,0.0,1.0,0.0,0.0,0.0,0.0,0.0,0.0,0.0,1.0,0.0,0.0,0.0,0.0,0.0,0.0,0.0,0.0,0.0,0.0,0.0,0.0,0.0,0.0,0.0]","[8,3,7,6]","[-0.004145497921854258,-0.08734127879142761,-0.0056192330084741116,-0.021743442863225937]",False,"[false,false,false,false]","[false,false,false,false]",post_capture,"[0.0,1.0,0.0,0.9443333148956299,1.0,0.828000009059906,0.0,0.0,1.0,1.0,0.0,0.0,0.0,0.0,0.0,0.0,0.0,0.0,0.0,0.0,0.0,0.0,0.0,0.0,0.0,0.0,1.0,0.0,0.0,0.0,0.0,0.0,0.0,0.0,1.0,0.0,0.0,0.0,0.0,0.0,0.0,0.0,0.0,0.0,0.0,0.0,0.0,0.0,0.0,0.0]","[-2.366168975830078,-3.5305652618408203,-1.9523029327392578,-1.7447528839111328]","[-2.3807430267333984,-3.5171947479248047,-1.8972091674804688,-1.8489990234375]","[-0.41392320795343235,-2.714157012461847,-0.29563784361365975,-1.199159829149349]","[-1.4789166450500488,-3.297778606414795,-1.4164681434631348,-1.8966180086135864]","[-1.4789166450500488,-3.297778606414795,-1.4164681434631348,-1.8966180086135864]"
2,167,post_capture,"[""coverage"",""coverage"",""coverage"",""coverage""]","[0.0,1.0,0.0,0.9443333148956299,1.0,0.828000009059906,0.0,0.0,1.0,1.0,0.0,0.0,0.0,0.0,0.0,0.0,0.0,0.0,0.0,0.0,0.0,0.0,0.0,0.0,0.0,0.0,1.0,0.0,0.0,0.0,0.0,0.0,0.0,0.0,1.0,0.0,0.0,0.0,0.0,0.0,0.0,0.0,0.0,0.0,0.0,0.0,0.0,0.0,0.0,0.0]","[6,6,6,8]","[-0.005438987165689468,-0.08259254693984985,-0.0034520362969487906,-0.019500797614455223]",False,"[false,false,false,false]","[false,false,false,false]",post_capture,"[0.0,1.0,0.0,0.9440000057220459,1.0,0.8259999752044678,0.0,0.0,1.0,1.0,0.0,0.0,0.0,0.0,0.0,0.0,0.0,0.0,0.0,0.0,0.0,0.0,0.0,0.0,0.0,0.0,1.0,0.0,0.0,0.0,0.0,0.0,0.0,0.0,1.0,0.0,0.0,0.0,0.0,0.0,0.0,0.0,0.0,0.0,0.0,0.0,0.0,0.0,0.0,0.0]","[-2.3807430267333984,-3.5171947479248047,-1.8972091674804688,-1.8489990234375]","[-2.350555419921875,-3.340452194213867,-1.7748756408691406,-2.01806640625]","[-0.41391687881977585,-2.6533492259297162,-0.29294809152038953,-1.1893094810970941]","[-1.4427692890167236,-3.2284276485443115,-1.4002519845962524,-1.8961713314056396]","[-1.4427692890167236,-3.2284276485443115,-1.4002519845962524,-1.8961713314056396]"
2,168,post_capture,"[""coverage"",""coverage"",""coverage"",""coverage""]","[0.0,1.0,0.0,0.9440000057220459,1.0,0.8259999752044678,0.0,0.0,1.0,1.0,0.0,0.0,0.0,0.0,0.0,0.0,0.0,0.0,0.0,0.0,0.0,0.0,0.0,0.0,0.0,0.0,1.0,0.0,0.0,0.0,0.0,0.0,0.0,0.0,1.0,0.0,0.0,0.0,0.0,0.0,0.0,0.0,0.0,0.0,0.0,0.0,0.0,0.0,0.0,0.0]","[6,8,6,8]","[-0.006840962916612625,-0.07484962791204453,-0.000979200005531311,-0.022805359214544296]",False,"[false,false,false,false]","[false,false,false,false]",post_capture,"[0.0,1.0,0.0,0.9436666369438171,1.0,0.8240000009536743,0.0,0.0,1.0,1.0,0.0,0.0,0.0,0.0,0.0,0.0,0.0,0.0,0.0,0.0,0.0,0.0,0.0,0.0,0.0,0.0,1.0,0.0,0.0,0.0,0.0,0.0,0.0,0.0,1.0,0.0,0.0,0.0,0.0,0.0,0.0,0.0,0.0,0.0,0.0,0.0,0.0,0.0,0.0,0.0]","[-2.350555419921875,-3.340452194213867,-1.7748756408691406,-2.01806640625]","[-2.0343360900878906,-3.2997817993164062,-1.4814586639404297,-1.7234573364257812]","[-0.4126039309637236,-2.596723918171582,-0.2924202578014553,-1.1816249328107464]","[-1.4045482873916626,-3.1690409183502197,-1.39175283908844,-1.889182686805725]","[-1.4045482873916626,-3.1690409183502197,-1.39175283908844,-1.889182686805725]"
2,169,post_capture,"[""coverage"",""coverage"",""coverage"",""coverage""]","[0.0,1.0,0.0,0.9436666369438171,1.0,0.8240000009536743,0.0,0.0,1.0,1.0,0.0,0.0,0.0,0.0,0.0,0.0,0.0,0.0,0.0,0.0,0.0,0.0,0.0,0.0,0.0,0.0,1.0,0.0,0.0,0.0,0.0,0.0,0.0,0.0,1.0,0.0,0.0,0.0,0.0,0.0,0.0,0.0,0.0,0.0,0.0,0.0,0.0,0.0,0.0,0.0]","[2,8,2,3]","[-0.009501204825937748,-0.07815764099359512,0.00022337675909511745,-0.02581329271197319]",False,"[false,false,false,false]","[false,false,false,false]",post_capture,"[0.0,1.0,0.0,0.9433333277702332,1.0,0.8220000267028809,0.0,0.0,1.0,1.0,0.0,0.0,0.0,0.0,0.0,0.0,0.0,0.0,0.0,0.0,0.0,0.0,0.0,0.0,0.0,0.0,1.0,0.0,0.0,0.0,0.0,0.0,0.0,0.0,1.0,0.0,0.0,0.0,0.0,0.0,0.0,0.0,0.0,0.0,0.0,0.0,0.0,0.0,0.0,0.0]","[-2.0343360900878906,-3.2997817993164062,-1.4814586639404297,-1.7234573364257812]","[-2.4617767333984375,-3.040132522583008,-1.9708595275878906,-1.7739582061767578]","[-0.4098615838859707,-2.547347767938927,-0.2943849068645697,-1.1705248218143456]","[-1.3790618181228638,-3.116270065307617,-1.400788426399231,-1.8937439918518066]","[-1.3790618181228638,-3.116270065307617,-1.400788426399231,-1.8937439918518066]"
2,170,post_capture,"[""coverage"",""coverage"",""coverage"",""coverage""]","[0.0,1.0,0.0,0.9433333277702332,1.0,0.8220000267028809,0.0,0.0,1.0,1.0,0.0,0.0,0.0,0.0,0.0,0.0,0.0,0.0,0.0,0.0,0.0,0.0,0.0,0.0,0.0,0.0,1.0,0.0,0.0,0.0,0.0,0.0,0.0,0.0,1.0,0.0,0.0,0.0,0.0,0.0,0.0,0.0,0.0,0.0,0.0,0.0,0.0,0.0,0.0,0.0]","[8,8,2,3]","[-0.011039156466722488,-0.07500569522380829,-0.0003582240315154195,-0.027845654636621475]",False,"[false,false,false,false]","[false,false,false,false]",post_capture,"[0.0,1.0,0.0,0.9430000185966492,1.0,0.8199999928474426,0.0,0.0,1.0,1.0,0.0,0.0,0.0,0.0,0.0,0.0,0.0,0.0,0.0,0.0,0.0,0.0,0.0,0.0,0.0,0.0,1.0,0.0,0.0,0.0,0.0,0.0,0.0,0.0,1.0,0.0,0.0,0.0,0.0,0.0,0.0,0.0,0.0,0.0,0.0,0.0,0.0,0.0,0.0,0.0]","[-2.4617767333984375,-3.040132522583008,-1.9708595275878906,-1.7739582061767578]","[-2.255392074584961,-2.6165771484375,-1.9839897155761719,-1.8730945587158203]","[-0.4044044232929626,-2.494131441358921,-0.2975841248723887,-1.1562742718205783]","[-1.3266375064849854,-3.0703091621398926,-1.3859163522720337,-1.8927375078201294]","[-1.3266375064849854,-3.0703091621398926,-1.3859163522720337,-1.8927375078201294]"
2,171,post_capture,"[""coverage"",""coverage"",""coverage"",""coverage""]","[0.0,1.0,0.0,0.9430000185966492,1.0,0.8199999928474426,0.0,0.0,1.0,1.0,0.0,0.0,0.0,0.0,0.0,0.0,0.0,0.0,0.0,0.0,0.0,0.0,0.0,0.0,0.0,0.0,1.0,0.0,0.0,0.0,0.0,0.0,0.0,0.0,1.0,0.0,0.0,0.0,0.0,0.0,0.0,0.0,0.0,0.0,0.0,0.0,0.0,0.0,0.0,0.0]","[8,2,2,6]","[-0.011662162840366364,-0.07558000087738037,-0.0007367960643023252,-0.031628936529159546]",False,"[false,false,false,false]","[false,false,false,false]",post_capture,"[0.0,1.0,0.0,0.9426666498184204,1.0,0.8180000185966492,0.0,0.0,1.0,1.0,0.0,0.0,0.0,0.0,0.0,0.0,0.0,0.0,0.0,0.0,0.0,0.0,0.0,0.0,0.0,0.0,1.0,0.0,0.0,0.0,0.0,0.0,0.0,0.0,1.0,0.0,0.0,0.0,0.0,0.0,0.0,0.0,0.0,0.0,0.0,0.0,0.0,0.0,0.0,0.0]","[-2.255392074584961,-2.6165771484375,-1.9839897155761719,-1.8730945587158203]","[-1.8907508850097656,-2.639528274536133,-1.759958267211914,-1.584402084350586]","[-0.39733865335983853,-2.443561359732437,-0.3002281826675488,-1.1398268860444007]","[-1.2801237106323242,-3.047084331512451,-1.3687938451766968,-1.8842889070510864]","[-1.2801237106323242,-3.047084331512451,-1.3687938451766968,-1.8842889070510864]"
2,172,post_capture,"[""coverage"",""coverage"",""coverage"",""coverage""]","[0.0,1.0,0.0,0.9426666498184204,1.0,0.8180000185966492,0.0,0.0,1.0,1.0,0.0,0.0,0.0,0.0,0.0,0.0,0.0,0.0,0.0,0.0,0.0,0.0,0.0,0.0,0.0,0.0,1.0,0.0,0.0,0.0,0.0,0.0,0.0,0.0,1.0,0.0,0.0,0.0,0.0,0.0,0.0,0.0,0.0,0.0,0.0,0.0,0.0,0.0,0.0,0.0]","[8,3,2,8]","[-0.011661803349852562,-0.08398986607789993,-0.0009632281144149601,-0.03638271987438202]",False,"[false,false,false,false]","[false,false,false,false]",post_capture,"[0.0,1.0,0.0,0.9423333406448364,1.0,0.8159999847412109,0.0,0.0,1.0,1.0,0.0,0.0,0.0,0.0,0.0,0.0,0.0,0.0,0.0,0.0,0.0,0.0,0.0,0.0,0.0,0.0,1.0,0.0,0.0,0.0,0.0,0.0,0.0,0.0,1.0,0.0,0.0,0.0,0.0,0.0,0.0,0.0,0.0,0.0,0.0,0.0,0.0,0.0,0.0,0.0]","[-1.8907508850097656,-2.639528274536133,-1.759958267211914,-1.584402084350586]","[-1.9844989776611328,-2.9152679443359375,-2.0723209381103516,-1.9665489196777344]","[-0.3895722126459315,-2.391900362479855,-0.3025165521244914,-1.1193918681972133]","[-1.2491966485977173,-3.02057147026062,-1.3619767427444458,-1.8864773511886597]","[-1.2491966485977173,-3.02057147026062,-1.3619767427444458,-1.8864773511886597]"
2,173,post_capture,"[""coverage"",""coverage"",""coverage"",""coverage""]","[0.0,1.0,0.0,0.9423333406448364,1.0,0.8159999847412109,0.0,0.0,1.0,1.0,0.0,0.0,0.0,0.0,0.0,0.0,0.0,0.0,0.0,0.0,0.0,0.0,0.0,0.0,0.0,0.0,1.0,0.0,0.0,0.0,0.0,0.0,0.0,0.0,1.0,0.0,0.0,0.0,0.0,0.0,0.0,0.0,0.0,0.0,0.0,0.0,0.0,0.0,0.0,0.0]","[6,3,6,3]","[-0.01349657028913498,-0.08248043805360794,-0.0011060222750529647,-0.0354795977473259]",False,"[false,false,false,false]","[false,false,false,false]",post_capture,"[0.0,1.0,0.0,0.9419999718666077,1.0,0.8140000104904175,0.0,0.0,1.0,1.0,0.0,0.0,0.0,0.0,0.0,0.0,0.0,0.0,0.0,0.0,0.0,0.0,0.0,0.0,0.0,0.0,1.0,0.0,0.0,0.0,0.0,0.0,0.0,0.0,1.0,0.0,0.0,0.0,0.0,0.0,0.0,0.0,0.0,0.0,0.0,0.0,0.0,0.0,0.0,0.0]","[-1.9844989776611328,-2.9152679443359375,-2.0723209381103516,-1.9665489196777344]","[-1.6829700469970703,-3.1810874938964844,-1.9805583953857422,-1.9177303314208984]","[-0.3817276861576555,-2.3312227236383385,-0.3045993171818954,-1.0939486346695264]","[-1.2113792896270752,-2.9689271450042725,-1.3380473852157593,-1.8636369705200195]","[-1.2113792896270752,-2.9689271450042725,-1.3380473852157593,-1.8636369705200195]"
2,174,post_capture,"[""coverage"",""coverage"",""coverage"",""coverage""]","[0.0,1.0,0.0,0.9419999718666077,1.0,0.8140000104904175,0.0,0.0,1.0,1.0,0.0,0.0,0.0,0.0,0.0,0.0,0.0,0.0,0.0,0.0,0.0,0.0,0.0,0.0,0.0,0.0,1.0,0.0,0.0,0.0,0.0,0.0,0.0,0.0,1.0,0.0,0.0,0.0,0.0,0.0,0.0,0.0,0.0,0.0,0.0,0.0,0.0,0.0,0.0,0.0]","[2,8,2,8]","[-0.009329922497272491,-0.08711589127779007,-0.0016210343455895782,-0.038503248244524]",False,"[false,false,false,false]","[false,false,false,false]",post_capture,"[0.0,1.0,0.0,0.9416666626930237,1.0,0.8119999766349792,0.0,0.0,1.0,1.0,0.0,0.0,0.0,0.0,0.0,0.0,0.0,0.0,0.0,0.0,0.0,0.0,0.0,0.0,0.0,0.0,1.0,0.0,0.0,0.0,0.0,0.0,0.0,0.0,1.0,0.0,0.0,0.0,0.0,0.0,0.0,0.0,0.0,0.0,0.0,0.0,0.0,0.0,0.0,0.0]","[-1.6829700469970703,-3.1810874938964844,-1.9805583953857422,-1.9177303314208984]","[-2.148853302001953,-3.120546340942383,-2.4003162384033203,-2.0476818084716797]","[-0.3719506220894147,-2.2714568541259905,-0.3065588837442853,-1.0691606433557581]","[-1.1850885152816772,-2.901629686355591,-1.31728196144104,-1.842881202697754]","[-1.1850885152816772,-2.901629686355591,-1.31728196144104,-1.842881202697754]"
2,175,post_capture,"[""coverage"",""coverage"",""coverage"",""coverage""]","[0.0,1.0,0.0,0.9416666626930237,1.0,0.8119999766349792,0.0,0.0,1.0,1.0,0.0,0.0,0.0,0.0,0.0,0.0,0.0,0.0,0.0,0.0,0.0,0.0,0.0,0.0,0.0,0.0,1.0,0.0,0.0,0.0,0.0,0.0,0.0,0.0,1.0,0.0,0.0,0.0,0.0,0.0,0.0,0.0,0.0,0.0,0.0,0.0,0.0,0.0,0.0,0.0]","[6,6,8,8]","[-0.012923885136842728,-0.08926428109407425,-0.0021827002055943012,-0.039209794253110886]",False,"[false,false,false,false]","[false,false,false,false]",post_capture,"[0.0,1.0,0.0,0.9413333535194397,1.0,0.8100000023841858,0.0,0.0,1.0,1.0,0.0,0.0,0.0,0.0,0.0,0.0,0.0,0.0,0.0,0.0,0.0,0.0,0.0,0.0,0.0,0.0,1.0,0.0,0.0,0.0,0.0,0.0,0.0,0.0,1.0,0.0,0.0,0.0,0.0,0.0,0.0,0.0,0.0,0.0,0.0,0.0,0.0,0.0,0.0,0.0]","[-2.148853302001953,-3.120546340942383,-2.4003162384033203,-2.0476818084716797]","[-1.9721393585205078,-2.8359527587890625,-2.1916160583496094,-2.212627410888672]","[-0.3662835349415578,-2.20640501297798,-0.30801802969565223,-1.0410680758699336]","[-1.1370443105697632,-2.8283324241638184,-1.2725626230239868,-1.8107578754425049]","[-1.1370443105697632,-2.8283324241638184,-1.2725626230239868,-1.8107578754425049]"
2,176,post_capture,"[""coverage"",""coverage"",""coverage"",""coverage""]","[0.0,1.0,0.0,0.9413333535194397,1.0,0.8100000023841858,0.0,0.0,1.0,1.0,0.0,0.0,0.0,0.0,0.0,0.0,0.0,0.0,0.0,0.0,0.0,0.0,0.0,0.0,0.0,0.0,1.0,0.0,0.0,0.0,0.0,0.0,0.0,0.0,1.0,0.0,0.0,0.0,0.0,0.0,0.0,0.0,0.0,0.0,0.0,0.0,0.0,0.0,0.0,0.0]","[8,8,8,6]","[-0.011812166310846806,-0.095411516726017,-0.002302743261680007,-0.04282620549201965]",False,"[false,false,false,false]","[false,false,false,false]",post_capture,"[0.0,1.0,0.0,0.9409999847412109,1.0,0.8080000281333923,0.0,0.0,1.0,1.0,0.0,0.0,0.0,0.0,0.0,0.0,0.0,0.0,0.0,0.0,0.0,0.0,0.0,0.0,0.0,0.0,1.0,0.0,0.0,0.0,0.0,0.0,0.0,0.0,1.0,0.0,0.0,0.0,0.0,0.0,0.0,0.0,0.0,0.0,0.0,0.0,0.0,0.0,0.0,0.0]","[-1.9721393585205078,-2.8359527587890625,-2.1916160583496094,-2.212627410888672]","[-1.7255573272705078,-2.5667667388916016,-1.9036884307861328,-1.591043472290039]","[-0.3569289391966819,-2.138525991801925,-0.30892457524248274,-1.0119780622392147]","[-1.091440200805664,-2.763092041015625,-1.2354012727737427,-1.76716947555542]","[-1.091440200805664,-2.763092041015625,-1.2354012727737427,-1.76716947555542]"
2,177,post_capture,"[""coverage"",""coverage"",""coverage"",""coverage""]","[0.0,1.0,0.0,0.9409999847412109,1.0,0.8080000281333923,0.0,0.0,1.0,1.0,0.0,0.0,0.0,0.0,0.0,0.0,0.0,0.0,0.0,0.0,0.0,0.0,0.0,0.0,0.0,0.0,1.0,0.0,0.0,0.0,0.0,0.0,0.0,0.0,1.0,0.0,0.0,0.0,0.0,0.0,0.0,0.0,0.0,0.0,0.0,0.0,0.0,0.0,0.0,0.0]","[3,3,8,8]","[-0.012091908603906631,-0.10381153970956802,-0.0019411882385611534,-0.04985607787966728]",False,"[false,false,false,false]","[false,false,false,false]",post_capture,"[0.0,1.0,0.0,0.940666675567627,1.0,0.8059999942779541,0.0,0.0,1.0,1.0,0.0,0.0,0.0,0.0,0.0,0.0,0.0,0.0,0.0,0.0,0.0,0.0,0.0,0.0,0.0,0.0,1.0,0.0,0.0,0.0,0.0,0.0,0.0,0.0,1.0,0.0,0.0,0.0,0.0,0.0,0.0,0.0,0.0,0.0,0.0,0.0,0.0,0.0,0.0,0.0]","[-1.7255573272705078,-2.5667667388916016,-1.9036884307861328,-1.591043472290039]","[-1.6866931915283203,-2.492938995361328,-2.0925045013427734,-2.0050601959228516]","[-0.3486028008947829,-2.06375199502617,-0.30971902220283104,-0.9789412694416112]","[-1.0571110248565674,-2.7013564109802246,-1.210915446281433,-1.7496933937072754]","[-1.0571110248565674,-2.7013564109802246,-1.210915446281433,-1.7496933937072754]"
2,178,post_capture,"[""coverage"",""coverage"",""coverage"",""coverage""]","[0.0,1.0,0.0,0.940666675567627,1.0,0.8059999942779541,0.0,0.0,1.0,1.0,0.0,0.0,0.0,0.0,0.0,0.0,0.0,0.0,0.0,0.0,0.0,0.0,0.0,0.0,0.0,0.0,1.0,0.0,0.0,0.0,0.0,0.0,0.0,0.0,1.0,0.0,0.0,0.0,0.0,0.0,0.0,0.0,0.0,0.0,0.0,0.0,0.0,0.0,0.0,0.0]","[8,8,2,8]","[-0.012305961921811104,-0.10618289560079575,-0.0015881283907219768,-0.04429120570421219]",False,"[false,false,false,false]","[false,false,false,false]",post_capture,"[0.0,1.0,0.0,0.9403333067893982,1.0,0.8040000200271606,0.0,0.0,1.0,1.0,0.0,0.0,0.0,0.0,0.0,0.0,0.0,0.0,0.0,0.0,0.0,0.0,0.0,0.0,0.0,0.0,1.0,0.0,0.0,0.0,0.0,0.0,0.0,0.0,1.0,0.0,0.0,0.0,0.0,0.0,0.0,0.0,0.0,0.0,0.0,0.0,0.0,0.0,0.0,0.0]","[-1.6866931915283203,-2.492938995361328,-2.0925045013427734,-2.0050601959228516]","[-1.589263916015625,-2.4818077087402344,-1.8883419036865234,-1.7482166290283203]","[-0.33990999221300633,-1.9797378336531328,-0.31088670097401,-0.93846989046661]","[-1.0223581790924072,-2.630669116973877,-1.1753273010253906,-1.7018464803695679]","[-1.0223581790924072,-2.630669116973877,-1.1753273010253906,-1.7018464803695679]"
2,179,post_capture,"[""coverage"",""coverage"",""coverage"",""coverage""]","[0.0,1.0,0.0,0.9403333067893982,1.0,0.8040000200271606,0.0,0.0,1.0,1.0,0.0,0.0,0.0,0.0,0.0,0.0,0.0,0.0,0.0,0.0,0.0,0.0,0.0,0.0,0.0,0.0,1.0,0.0,0.0,0.0,0.0,0.0,0.0,0.0,1.0,0.0,0.0,0.0,0.0,0.0,0.0,0.0,0.0,0.0,0.0,0.0,0.0,0.0,0.0,0.0]","[6,8,7,2]","[-0.011082799173891544,-0.1109071746468544,-0.0013989073922857642,-0.04899057745933533]",False,"[false,false,false,false]","[false,false,false,false]",post_capture,"[0.0,1.0,0.0,0.9399999976158142,1.0,0.8019999861717224,0.0,0.0,1.0,1.0,0.0,0.0,0.0,0.0,0.0,0.0,0.0,0.0,0.0,0.0,0.0,0.0,0.0,0.0,0.0,0.0,1.0,0.0,0.0,0.0,0.0,0.0,0.0,0.0,1.0,0.0,0.0,0.0,0.0,0.0,0.0,0.0,0.0,0.0,0.0,0.0,0.0,0.0,0.0,0.0]","[-1.589263916015625,-2.4818077087402344,-1.8883419036865234,-1.7482166290283203]","[-1.2243518829345703,-2.4871788024902344,-1.9083805084228516,-1.9190425872802734]","[-0.33091316191029824,-1.8924797354064011,-0.3124228005891798,-0.9032107926892907]","[-0.9903069734573364,-2.553574323654175,-1.1486083269119263,-1.670407772064209]","[-0.9903069734573364,-2.553574323654175,-1.1486083269119263,-1.670407772064209]"
2,180,post_capture,"[""coverage"",""coverage"",""coverage"",""coverage""]","[0.0,1.0,0.0,0.9399999976158142,1.0,0.8019999861717224,0.0,0.0,1.0,1.0,0.0,0.0,0.0,0.0,0.0,0.0,0.0,0.0,0.0,0.0,0.0,0.0,0.0,0.0,0.0,0.0,1.0,0.0,0.0,0.0,0.0,0.0,0.0,0.0,1.0,0.0,0.0,0.0,0.0,0.0,0.0,0.0,0.0,0.0,0.0,0.0,0.0,0.0,0.0,0.0]","[3,8,3,6]","[-0.011861690320074558,-0.11038130521774292,-0.0015433133812621236,-0.053824760019779205]",False,"[false,false,false,false]","[false,false,false,false]",post_capture,"[0.0,1.0,0.0,0.9396666884422302,1.0,0.800000011920929,0.0,0.0,1.0,1.0,0.0,0.0,0.0,0.0,0.0,0.0,0.0,0.0,0.0,0.0,0.0,0.0,0.0,0.0,0.0,0.0,1.0,0.0,0.0,0.0,0.0,0.0,0.0,0.0,1.0,0.0,0.0,0.0,0.0,0.0,0.0,0.0,0.0,0.0,0.0,0.0,0.0,0.0,0.0,0.0]","[-1.2243518829345703,-2.4871788024902344,-1.9083805084228516,-1.9190425872802734]","[-0.9016742706298828,-2.1342620849609375,-1.5030136108398438,-1.431539535522461]","[-0.32306097246101684,-1.7995682431914615,-0.31416554868373137,-0.8628487022524802]","[-0.976734459400177,-2.466296672821045,-1.1193456649780273,-1.6229926347732544]","[-0.976734459400177,-2.466296672821045,-1.1193456649780273,-1.6229926347732544]"
2,181,post_capture,"[""coverage"",""coverage"",""coverage"",""coverage""]","[0.0,1.0,0.0,0.9396666884422302,1.0,0.800000011920929,0.0,0.0,1.0,1.0,0.0,0.0,0.0,0.0,0.0,0.0,0.0,0.0,0.0,0.0,0.0,0.0,0.0,0.0,0.0,0.0,1.0,0.0,0.0,0.0,0.0,0.0,0.0,0.0,1.0,0.0,0.0,0.0,0.0,0.0,0.0,0.0,0.0,0.0,0.0,0.0,0.0,0.0,0.0,0.0]","[8,3,2,3]","[-0.012487979605793953,-0.11012391000986099,-0.0017578437691554427,-0.05615697801113129]",False,"[false,false,false,false]","[false,false,false,false]",post_capture,"[0.0,1.0,0.0,0.9393333196640015,1.0,0.7979999780654907,0.0,0.0,1.0,1.0,0.0,0.0,0.0,0.0,0.0,0.0,0.0,0.0,0.0,0.0,0.0,0.0,0.0,0.0,0.0,0.0,1.0,0.0,0.0,0.0,0.0,0.0,0.0,0.0,1.0,0.0,0.0,0.0,0.0,0.0,0.0,0.0,0.0,0.0,0.0,0.0,0.0,0.0,0.0,0.0]","[-0.9016742706298828,-2.1342620849609375,-1.5030136108398438,-1.431539535522461]","[-1.0249309539794922,-1.944265365600586,-1.8143596649169922,-1.5012454986572266]","[-0.314342709233275,-1.7062494322966855,-0.3157800356590598,-0.8171959012451525]","[-0.9784581661224365,-2.3926305770874023,-1.1094132661819458,-1.5930957794189453]","[-0.9784581661224365,-2.3926305770874023,-1.1094132661819458,-1.5930957794189453]"
2,182,post_capture,"[""coverage"",""coverage"",""coverage"",""coverage""]","[0.0,1.0,0.0,0.9393333196640015,1.0,0.7979999780654907,0.0,0.0,1.0,1.0,0.0,0.0,0.0,0.0,0.0,0.0,0.0,0.0,0.0,0.0,0.0,0.0,0.0,0.0,0.0,0.0,1.0,0.0,0.0,0.0,0.0,0.0,0.0,0.0,1.0,0.0,0.0,0.0,0.0,0.0,0.0,0.0,0.0,0.0,0.0,0.0,0.0,0.0,0.0,0.0]","[8,8,8,3]","[-0.009731488302350044,-0.1057000458240509,-0.0016745353350415826,-0.05577123910188675]",False,"[false,false,false,false]","[false,false,false,false]",post_capture,"[0.0,1.0,0.0,0.9390000104904175,1.0,0.7960000038146973,0.0,0.0,1.0,1.0,0.0,0.0,0.0,0.0,0.0,0.0,0.0,0.0,0.0,0.0,0.0,0.0,0.0,0.0,0.0,0.0,1.0,0.0,0.0,0.0,0.0,0.0,0.0,0.0,1.0,0.0,0.0,0.0,0.0,0.0,0.0,0.0,0.0,0.0,0.0,0.0,0.0,0.0,0.0,0.0]","[-1.0249309539794922,-1.944265365600586,-1.8143596649169922,-1.5012454986572266]","[-0.6032276153564453,-1.6522846221923828,-1.2289276123046875,-1.0969772338867188]","[-0.3049037673004859,-1.6122480023099237,-0.31719413322212564,-0.7687261850848699]","[-0.9731377363204956,-2.324577808380127,-1.082237720489502,-1.555159091949463]","[-0.9731377363204956,-2.324577808380127,-1.082237720489502,-1.555159091949463]"
2,183,post_capture,"[""coverage"",""coverage"",""coverage"",""coverage""]","[0.0,1.0,0.0,0.9390000104904175,1.0,0.7960000038146973,0.0,0.0,1.0,1.0,0.0,0.0,0.0,0.0,0.0,0.0,0.0,0.0,0.0,0.0,0.0,0.0,0.0,0.0,0.0,0.0,1.0,0.0,0.0,0.0,0.0,0.0,0.0,0.0,1.0,0.0,0.0,0.0,0.0,0.0,0.0,0.0,0.0,0.0,0.0,0.0,0.0,0.0,0.0,0.0]","[3,8,8,8]","[-0.007957267574965954,-0.10471319407224655,-0.001841978752054274,-0.057981040328741074]",False,"[false,false,false,false]","[false,false,false,false]",post_capture,"[0.0,1.0,0.0,0.9386666417121887,1.0,0.7940000295639038,0.0,0.0,1.0,1.0,0.0,0.0,0.0,0.0,0.0,0.0,0.0,0.0,0.0,0.0,0.0,0.0,0.0,0.0,0.0,0.0,1.0,0.0,0.0,0.0,0.0,0.0,0.0,0.0,1.0,0.0,0.0,0.0,0.0,0.0,0.0,0.0,0.0,0.0,0.0,0.0,0.0,0.0,0.0,0.0]","[-0.6032276153564453,-1.6522846221923828,-1.2289276123046875,-1.0969772338867188]","[-0.21346282958984375,-1.4322528839111328,-1.1291313171386719,-1.1750946044921875]","[-0.2981538171698342,-1.5217656126119927,-0.31870666453240815,-0.7201565110939224]","[-0.9926065802574158,-2.2722911834716797,-1.0842437744140625,-1.5365097522735596]","[-0.9926065802574158,-2.2722911834716797,-1.0842437744140625,-1.5365097522735596]"
2,184,post_capture,"[""coverage"",""coverage"",""coverage"",""coverage""]","[0.0,1.0,0.0,0.9386666417121887,1.0,0.7940000295639038,0.0,0.0,1.0,1.0,0.0,0.0,0.0,0.0,0.0,0.0,0.0,0.0,0.0,0.0,0.0,0.0,0.0,0.0,0.0,0.0,1.0,0.0,0.0,0.0,0.0,0.0,0.0,0.0,1.0,0.0,0.0,0.0,0.0,0.0,0.0,0.0,0.0,0.0,0.0,0.0,0.0,0.0,0.0,0.0]","[6,3,3,8]","[-0.008779339492321014,-0.10010355710983276,-0.0016743323067203164,-0.056298043578863144]",False,"[false,false,false,false]","[false,false,false,false]",post_capture,"[0.0,1.0,0.0,0.9383333325386047,1.0,0.7919999957084656,0.0,0.0,1.0,1.0,0.0,0.0,0.0,0.0,0.0,0.0,0.0,0.0,0.0,0.0,0.0,0.0,0.0,0.0,0.0,0.0,1.0,0.0,0.0,0.0,0.0,0.0,0.0,0.0,1.0,0.0,0.0,0.0,0.0,0.0,0.0,0.0,0.0,0.0,0.0,0.0,0.0,0.0,0.0,0.0]","[-0.21346282958984375,-1.4322528839111328,-1.1291313171386719,-1.1750946044921875]","[-0.30462074279785156,-1.6562461853027344,-1.3035335540771484,-1.4126148223876953]","[-0.2931278278736043,-1.431366079333077,-0.32006533917207464,-0.6688641118840216]","[-1.0357074737548828,-2.2293262481689453,-1.0914510488510132,-1.5102195739746094]","[-1.0357074737548828,-2.2293262481689453,-1.0914510488510132,-1.5102195739746094]"
2,185,post_capture,"[""coverage"",""coverage"",""coverage"",""coverage""]","[0.0,1.0,0.0,0.9383333325386047,1.0,0.7919999957084656,0.0,0.0,1.0,1.0,0.0,0.0,0.0,0.0,0.0,0.0,0.0,0.0,0.0,0.0,0.0,0.0,0.0,0.0,0.0,0.0,1.0,0.0,0.0,0.0,0.0,0.0,0.0,0.0,1.0,0.0,0.0,0.0,0.0,0.0,0.0,0.0,0.0,0.0,0.0,0.0,0.0,0.0,0.0,0.0]","[8,6,6,8]","[-0.009264864027500153,-0.10205884277820587,-0.0017731614643707871,-0.05886940285563469]",False,"[false,false,false,false]","[false,false,false,false]",post_capture,"[0.0,1.0,0.0,0.9380000233650208,1.0,0.7900000214576721,0.0,0.0,1.0,1.0,0.0,0.0,0.0,0.0,0.0,0.0,0.0,0.0,0.0,0.0,0.0,0.0,0.0,0.0,0.0,0.0,1.0,0.0,0.0,0.0,0.0,0.0,0.0,0.0,1.0,0.0,0.0,0.0,0.0,0.0,0.0,0.0,0.0,0.0,0.0,0.0,0.0,0.0,0.0,0.0]","[-0.30462074279785156,-1.6562461853027344,-1.3035335540771484,-1.4126148223876953]","[-1.1586341857910156,-2.140848159790039,-1.9800128936767578,-2.0555362701416016]","[-0.28722069533462957,-1.3447096184073173,-0.32160707764177204,-0.6187536043486449]","[-1.075863242149353,-2.176755428314209,-1.090113639831543,-1.4715547561645508]","[-1.075863242149353,-2.176755428314209,-1.090113639831543,-1.4715547561645508]"
2,186,post_capture,"[""coverage"",""coverage"",""coverage"",""coverage""]","[0.0,1.0,0.0,0.9380000233650208,1.0,0.7900000214576721,0.0,0.0,1.0,1.0,0.0,0.0,0.0,0.0,0.0,0.0,0.0,0.0,0.0,0.0,0.0,0.0,0.0,0.0,0.0,0.0,1.0,0.0,0.0,0.0,0.0,0.0,0.0,0.0,1.0,0.0,0.0,0.0,0.0,0.0,0.0,0.0,0.0,0.0,0.0,0.0,0.0,0.0,0.0,0.0]","[2,8,6,8]","[-0.008288769982755184,-0.09827621281147003,-0.002099408535286784,-0.054400794208049774]",False,"[false,false,false,false]","[false,false,false,false]",post_capture,"[0.0,1.0,0.0,0.937666654586792,1.0,0.7879999876022339,0.0,0.0,1.0,1.0,0.0,0.0,0.0,0.0,0.0,0.0,0.0,0.0,0.0,0.0,0.0,0.0,0.0,0.0,0.0,0.0,1.0,0.0,0.0,0.0,0.0,0.0,0.0,0.0,1.0,0.0,0.0,0.0,0.0,0.0,0.0,0.0,0.0,0.0,0.0,0.0,0.0,0.0,0.0,0.0]","[-1.1586341857910156,-2.140848159790039,-1.9800128936767578,-2.0555362701416016]","[-1.6165409088134766,-2.5152664184570312,-1.9517536163330078,-2.188352584838867]","[-0.2807634659667974,-1.2552028036657692,-0.3230645617953548,-0.5655395974676871]","[-1.0730950832366943,-2.0932745933532715,-1.052982211112976,-1.393871545791626]","[-1.0730950832366943,-2.0932745933532715,-1.052982211112976,-1.393871545791626]"
2,187,post_capture,"[""coverage"",""coverage"",""coverage"",""coverage""]","[0.0,1.0,0.0,0.937666654586792,1.0,0.7879999876022339,0.0,0.0,1.0,1.0,0.0,0.0,0.0,0.0,0.0,0.0,0.0,0.0,0.0,0.0,0.0,0.0,0.0,0.0,0.0,0.0,1.0,0.0,0.0,0.0,0.0,0.0,0.0,0.0,1.0,0.0,0.0,0.0,0.0,0.0,0.0,0.0,0.0,0.0,0.0,0.0,0.0,0.0,0.0,0.0]","[2,8,6,3]","[-0.006612192373722792,-0.08753310143947601,-0.0015710166189819574,-0.05301104113459587]",False,"[false,false,false,false]","[false,false,false,false]",post_capture,"[0.0,1.0,0.0,0.937333345413208,1.0,0.7860000133514404,0.0,0.0,1.0,1.0,0.0,0.0,0.0,0.0,0.0,0.0,0.0,0.0,0.0,0.0,0.0,0.0,0.0,0.0,0.0,0.0,1.0,0.0,0.0,0.0,0.0,0.0,0.0,0.0,1.0,0.0,0.0,0.0,0.0,0.0,0.0,0.0,0.0,0.0,0.0,0.0,0.0,0.0,0.0,0.0]","[-1.6165409088134766,-2.5152664184570312,-1.9517536163330078,-2.188352584838867]","[-1.8689899444580078,-2.2401180267333984,-1.425069808959961,-1.8320503234863281]","[-0.2752269656404467,-1.1686127180346457,-0.32420722551522024,-0.5163018214743812]","[-1.0470893383026123,-1.9888280630111694,-1.0146422386169434,-1.309035062789917]","[-1.0470893383026123,-1.9888280630111694,-1.0146422386169434,-1.309035062789917]"
2,188,post_capture,"[""coverage"",""coverage"",""coverage"",""coverage""]","[0.0,1.0,0.0,0.937333345413208,1.0,0.7860000133514404,0.0,0.0,1.0,1.0,0.0,0.0,0.0,0.0,0.0,0.0,0.0,0.0,0.0,0.0,0.0,0.0,0.0,0.0,0.0,0.0,1.0,0.0,0.0,0.0,0.0,0.0,0.0,0.0,1.0,0.0,0.0,0.0,0.0,0.0,0.0,0.0,0.0,0.0,0.0,0.0,0.0,0.0,0.0,0.0]","[6,3,6,6]","[-0.006601341068744659,-0.08818385750055313,-0.002167538972571492,-0.05079042539000511]",False,"[false,false,false,false]","[false,false,false,false]",post_capture,"[0.0,1.0,0.0,0.9369999766349792,1.0,0.7839999794960022,0.0,0.0,1.0,1.0,0.0,0.0,0.0,0.0,0.0,0.0,0.0,0.0,0.0,0.0,0.0,0.0,0.0,0.0,0.0,0.0,1.0,0.0,0.0,0.0,0.0,0.0,0.0,0.0,1.0,0.0,0.0,0.0,0.0,0.0,0.0,0.0,0.0,0.0,0.0,0.0,0.0,0.0,0.0,0.0]","[-1.8689899444580078,-2.2401180267333984,-1.425069808959961,-1.8320503234863281]","[-1.6532421112060547,-2.287200927734375,-1.3635578155517578,-1.9979190826416016]","[-0.2713280538047716,-1.0919996127223937,-0.3258951605012508,-0.46797048519170237]","[-1.007934331893921,-1.9036779403686523,-1.0021586418151855,-1.2390615940093994]","[-1.007934331893921,-1.9036779403686523,-1.0021586418151855,-1.2390615940093994]"
2,189,post_capture,"[""coverage"",""coverage"",""coverage"",""coverage""]","[0.0,1.0,0.0,0.9369999766349792,1.0,0.7839999794960022,0.0,0.0,1.0,1.0,0.0,0.0,0.0,0.0,0.0,0.0,0.0,0.0,0.0,0.0,0.0,0.0,0.0,0.0,0.0,0.0,1.0,0.0,0.0,0.0,0.0,0.0,0.0,0.0,1.0,0.0,0.0,0.0,0.0,0.0,0.0,0.0,0.0,0.0,0.0,0.0,0.0,0.0,0.0,0.0]","[8,3,6,3]","[-0.007758633699268103,-0.08558978885412216,-0.0033342710230499506,-0.04917512834072113]",False,"[false,false,false,false]","[false,false,false,false]",post_capture,"[0.0,1.0,0.0,0.9366666674613953,1.0,0.7820000052452087,0.0,0.0,1.0,1.0,0.0,0.0,0.0,0.0,0.0,0.0,0.0,0.0,0.0,0.0,0.0,0.0,0.0,0.0,0.0,0.0,1.0,0.0,0.0,0.0,0.0,0.0,0.0,0.0,1.0,0.0,0.0,0.0,0.0,0.0,0.0,0.0,0.0,0.0,0.0,0.0,0.0,0.0,0.0,0.0]","[-1.6532421112060547,-2.287200927734375,-1.3635578155517578,-1.9979190826416016]","[-2.0211963653564453,-2.3518924713134766,-1.3211002349853516,-2.171560287475586]","[-0.2674007199353807,-1.0139553083048893,-0.32699759750371643,-0.4213939997996942]","[-0.9776687622070312,-1.8099708557128906,-0.9914883971214294,-1.158292531967163]","[-0.9776687622070312,-1.8099708557128906,-0.9914883971214294,-1.158292531967163]"
2,190,post_capture,"[""coverage"",""coverage"",""coverage"",""coverage""]","[0.0,1.0,0.0,0.9366666674613953,1.0,0.7820000052452087,0.0,0.0,1.0,1.0,0.0,0.0,0.0,0.0,0.0,0.0,0.0,0.0,0.0,0.0,0.0,0.0,0.0,0.0,0.0,0.0,1.0,0.0,0.0,0.0,0.0,0.0,0.0,0.0,1.0,0.0,0.0,0.0,0.0,0.0,0.0,0.0,0.0,0.0,0.0,0.0,0.0,0.0,0.0,0.0]","[3,8,2,6]","[-0.00704509811475873,-0.07725167274475098,-0.003947380930185318,-0.039164330810308456]",False,"[false,false,false,false]","[false,false,false,false]",post_capture,"[0.0,1.0,0.0,0.9363333582878113,1.0,0.7799999713897705,0.0,0.0,1.0,1.0,0.0,0.0,0.0,0.0,0.0,0.0,0.0,0.0,0.0,0.0,0.0,0.0,0.0,0.0,0.0,0.0,1.0,0.0,0.0,0.0,0.0,0.0,0.0,0.0,1.0,0.0,0.0,0.0,0.0,0.0,0.0,0.0,0.0,0.0,0.0,0.0,0.0,0.0,0.0,0.0]","[-2.0211963653564453,-2.3518924713134766,-1.3211002349853516,-2.171560287475586]","[-1.3189697265625,-2.1752262115478516,-1.4590950012207031,-1.581960678100586]","[-0.26226473357183094,-0.9377429489401689,-0.32693265301077423,-0.37597865803936675]","[-0.9248919486999512,-1.709688663482666,-0.9811373353004456,-1.0649924278259277]","[-0.9248919486999512,-1.709688663482666,-0.9811373353004456,-1.0649924278259277]"
2,191,post_capture,"[""coverage"",""coverage"",""coverage"",""coverage""]","[0.0,1.0,0.0,0.9363333582878113,1.0,0.7799999713897705,0.0,0.0,1.0,1.0,0.0,0.0,0.0,0.0,0.0,0.0,0.0,0.0,0.0,0.0,0.0,0.0,0.0,0.0,0.0,0.0,1.0,0.0,0.0,0.0,0.0,0.0,0.0,0.0,1.0,0.0,0.0,0.0,0.0,0.0,0.0,0.0,0.0,0.0,0.0,0.0,0.0,0.0,0.0,0.0]","[6,8,2,8]","[-0.00703913439065218,-0.07325460016727448,-0.004821947310119867,-0.03695178031921387]",False,"[false,false,false,false]","[false,false,false,false]",post_capture,"[0.0,1.0,0.0,0.9359999895095825,1.0,0.777999997138977,0.0,0.0,1.0,1.0,0.0,0.0,0.0,0.0,0.0,0.0,0.0,0.0,0.0,0.0,0.0,0.0,0.0,0.0,0.0,0.0,1.0,0.0,0.0,0.0,0.0,0.0,0.0,0.0,1.0,0.0,0.0,0.0,0.0,0.0,0.0,0.0,0.0,0.0,0.0,0.0,0.0,0.0,0.0,0.0]","[-1.3189697265625,-2.1752262115478516,-1.4590950012207031,-1.581960678100586]","[-0.786468505859375,-1.92462158203125,-1.5626411437988281,-1.5375556945800781]","[-0.25779761157280023,-0.8691831072680989,-0.32624774957635244,-0.34021649215056393]","[-0.906494140625,-1.62122642993927,-0.9622166752815247,-1.0074652433395386]","[-0.906494140625,-1.62122642993927,-0.9622166752815247,-1.0074652433395386]"
2,192,post_capture,"[""coverage"",""coverage"",""coverage"",""coverage""]","[0.0,1.0,0.0,0.9359999895095825,1.0,0.777999997138977,0.0,0.0,1.0,1.0,0.0,0.0,0.0,0.0,0.0,0.0,0.0,0.0,0.0,0.0,0.0,0.0,0.0,0.0,0.0,0.0,1.0,0.0,0.0,0.0,0.0,0.0,0.0,0.0,1.0,0.0,0.0,0.0,0.0,0.0,0.0,0.0,0.0,0.0,0.0,0.0,0.0,0.0,0.0,0.0]","[2,2,3,3]","[-0.007807077374309301,-0.06435604393482208,-0.004199380520731211,-0.03638068586587906]",False,"[false,false,false,false]","[false,false,false,false]",post_capture,"[0.0,1.0,0.0,0.9356666803359985,1.0,0.7760000228881836,0.0,0.0,1.0,1.0,0.0,0.0,0.0,0.0,0.0,0.0,0.0,0.0,0.0,0.0,0.0,0.0,0.0,0.0,0.0,0.0,1.0,0.0,0.0,0.0,0.0,0.0,0.0,0.0,1.0,0.0,0.0,0.0,0.0,0.0,0.0,0.0,0.0,0.0,0.0,0.0,0.0,0.0,0.0,0.0]","[-0.786468505859375,-1.92462158203125,-1.5626411437988281,-1.5375556945800781]","[-1.1197929382324219,-1.9322338104248047,-1.2677116394042969,-1.055459976196289]","[-0.25329139109307885,-0.8039681889907317,-0.32467252754164905,-0.30632799174883846]","[-0.9149652719497681,-1.544607162475586,-0.93571937084198,-0.950988233089447]","[-0.9149652719497681,-1.544607162475586,-0.93571937084198,-0.950988233089447]"
2,193,post_capture,"[""coverage"",""coverage"",""coverage"",""coverage""]","[0.0,1.0,0.0,0.9356666803359985,1.0,0.7760000228881836,0.0,0.0,1.0,1.0,0.0,0.0,0.0,0.0,0.0,0.0,0.0,0.0,0.0,0.0,0.0,0.0,0.0,0.0,0.0,0.0,1.0,0.0,0.0,0.0,0.0,0.0,0.0,0.0,1.0,0.0,0.0,0.0,0.0,0.0,0.0,0.0,0.0,0.0,0.0,0.0,0.0,0.0,0.0,0.0]","[8,3,8,8]","[-0.007064724341034889,-0.06298939138650894,-0.005544482264667749,-0.032760560512542725]",False,"[false,false,false,false]","[false,false,false,false]",post_capture,"[0.0,1.0,0.0,0.9353333115577698,1.0,0.7739999890327454,0.0,0.0,1.0,1.0,0.0,0.0,0.0,0.0,0.0,0.0,0.0,0.0,0.0,0.0,0.0,0.0,0.0,0.0,0.0,0.0,1.0,0.0,0.0,0.0,0.0,0.0,0.0,0.0,1.0,0.0,0.0,0.0,0.0,0.0,0.0,0.0,0.0,0.0,0.0,0.0,0.0,0.0,0.0,0.0]","[-1.1197929382324219,-1.9322338104248047,-1.2677116394042969,-1.055459976196289]","[-1.2281627655029297,-1.8285675048828125,-1.3638381958007812,-1.3272361755371094]","[-0.24796395325128234,-0.7470829748039491,-0.32371024951607863,-0.2726740463464236]","[-0.9056122899055481,-1.4722014665603638,-0.923730194568634,-0.916918933391571]","[-0.9056122899055481,-1.4722014665603638,-0.923730194568634,-0.916918933391571]"
2,194,post_capture,"[""coverage"",""coverage"",""coverage"",""coverage""]","[0.0,1.0,0.0,0.9353333115577698,1.0,0.7739999890327454,0.0,0.0,1.0,1.0,0.0,0.0,0.0,0.0,0.0,0.0,0.0,0.0,0.0,0.0,0.0,0.0,0.0,0.0,0.0,0.0,1.0,0.0,0.0,0.0,0.0,0.0,0.0,0.0,1.0,0.0,0.0,0.0,0.0,0.0,0.0,0.0,0.0,0.0,0.0,0.0,0.0,0.0,0.0,0.0]","[8,6,6,6]","[-0.006870661862194538,-0.06082760542631149,-0.005977923516184092,-0.027908995747566223]",False,"[false,false,false,false]","[false,false,false,false]",post_capture,"[0.0,1.0,0.0,0.9350000023841858,1.0,0.7720000147819519,0.0,0.0,1.0,1.0,0.0,0.0,0.0,0.0,0.0,0.0,0.0,0.0,0.0,0.0,0.0,0.0,0.0,0.0,0.0,0.0,1.0,0.0,0.0,0.0,0.0,0.0,0.0,0.0,1.0,0.0,0.0,0.0,0.0,0.0,0.0,0.0,0.0,0.0,0.0,0.0,0.0,0.0,0.0,0.0]","[-1.2281627655029297,-1.8285675048828125,-1.3638381958007812,-1.3272361755371094]","[-1.5751495361328125,-1.8113365173339844,-1.2538394927978516,-1.1926727294921875]","[-0.2433325544547954,-0.6910036196135759,-0.321379562880213,-0.24233685437765748]","[-0.8907533884048462,-1.4021244049072266,-0.9044930934906006,-0.8702395558357239]","[-0.8907533884048462,-1.4021244049072266,-0.9044930934906006,-0.8702395558357239]"
2,195,post_capture,"[""coverage"",""coverage"",""coverage"",""coverage""]","[0.0,1.0,0.0,0.9350000023841858,1.0,0.7720000147819519,0.0,0.0,1.0,1.0,0.0,0.0,0.0,0.0,0.0,0.0,0.0,0.0,0.0,0.0,0.0,0.0,0.0,0.0,0.0,0.0,1.0,0.0,0.0,0.0,0.0,0.0,0.0,0.0,1.0,0.0,0.0,0.0,0.0,0.0,0.0,0.0,0.0,0.0,0.0,0.0,0.0,0.0,0.0,0.0]","[2,8,6,8]","[-0.005442884750664234,-0.054612208157777786,-0.007836480624973774,-0.025192052125930786]",False,"[false,false,false,false]","[false,false,false,false]",post_capture,"[0.0,1.0,0.0,0.9346666932106018,1.0,0.7699999809265137,0.03333333507180214,0.0,1.0,1.0,0.0,0.0,0.0,0.0,0.0,0.0,0.0,0.0,0.0,0.0,0.0,0.0,0.0,0.0,0.0,0.0,1.0,0.0,0.0,0.0,0.0,0.0,0.0,0.0,1.0,0.0,0.0,0.0,0.0,0.0,0.0,0.0,0.0,0.0,0.0,0.0,0.0,0.0,0.0,0.0]","[-1.5751495361328125,-1.8113365173339844,-1.2538394927978516,-1.1926727294921875]","[-2.002225875854492,-1.9147624969482422,-0.9036388397216797,-1.3997116088867188]","[-0.2388503965581827,-0.6365414284719842,-0.31858751450912015,-0.21659379659605177]","[-0.856898307800293,-1.3308193683624268,-0.8893675804138184,-0.8328477144241333]","[-0.856898307800293,-1.3308193683624268,-0.8893675804138184,-0.8328477144241333]"
2,196,post_capture,"[""coverage"",""coverage"",""coverage"",""coverage""]","[0.0,1.0,0.0,0.9346666932106018,1.0,0.7699999809265137,0.03333333507180214,0.0,1.0,1.0,0.0,0.0,0.0,0.0,0.0,0.0,0.0,0.0,0.0,0.0,0.0,0.0,0.0,0.0,0.0,0.0,1.0,0.0,0.0,0.0,0.0,0.0,0.0,0.0,1.0,0.0,0.0,0.0,0.0,0.0,0.0,0.0,0.0,0.0,0.0,0.0,0.0,0.0,0.0,0.0]","[3,6,8,8]","[-0.005220153369009495,-0.05407821014523506,-0.010745490901172161,-0.01985134743154049]",False,"[false,false,false,false]","[false,false,false,false]",post_capture,"[0.0,1.0,0.0,0.934333324432373,1.0,0.7680000066757202,0.06666667014360428,0.0,1.0,1.0,0.0,0.0,0.0,0.0,0.0,0.0,0.0,0.0,0.0,0.0,0.0,0.0,0.0,0.0,0.0,0.0,1.0,0.0,0.0,0.0,0.0,0.0,0.0,0.0,1.0,0.0,0.0,0.0,0.0,0.0,0.0,0.0,0.0,0.0,0.0,0.0,0.0,0.0,0.0,0.0]","[-2.002225875854492,-1.9147624969482422,-0.9036388397216797,-1.3997116088867188]","[-2.2296142578125,-1.8474845886230469,-1.2985820770263672,-1.8408432006835938]","[-0.23576516344193782,-0.5878072932466732,-0.3138899332163095,-0.19333509542436464]","[-0.799941897392273,-1.2561686038970947,-0.8897405862808228,-0.7850823402404785]","[-0.799941897392273,-1.2561686038970947,-0.8897405862808228,-0.7850823402404785]"
2,197,post_capture,"[""coverage"",""coverage"",""coverage"",""coverage""]","[0.0,1.0,0.0,0.934333324432373,1.0,0.7680000066757202,0.06666667014360428,0.0,1.0,1.0,0.0,0.0,0.0,0.0,0.0,0.0,0.0,0.0,0.0,0.0,0.0,0.0,0.0,0.0,0.0,0.0,1.0,0.0,0.0,0.0,0.0,0.0,0.0,0.0,1.0,0.0,0.0,0.0,0.0,0.0,0.0,0.0,0.0,0.0,0.0,0.0,0.0,0.0,0.0,0.0]","[6,3,8,6]","[-0.005190327297896147,-0.05239496007561684,-0.0115920789539814,-0.016273435205221176]",False,"[false,false,false,false]","[false,false,false,false]",post_capture,"[0.0,1.0,0.0,0.9340000152587891,1.0,0.765999972820282,0.10000000149011612,0.0,1.0,1.0,0.0,0.0,0.0,0.0,0.0,0.0,0.0,0.0,0.0,0.0,0.0,0.0,0.0,0.0,0.0,0.0,1.0,0.0,0.0,0.0,0.0,0.0,0.0,0.0,1.0,0.0,0.0,0.0,0.0,0.0,0.0,0.0,0.0,0.0,0.0,0.0,0.0,0.0,0.0,0.0]","[-2.2296142578125,-1.8474845886230469,-1.2985820770263672,-1.8408432006835938]","[-1.811929702758789,-1.6107597351074219,-1.3139419555664062,-1.3659210205078125]","[-0.23287374754841245,-0.5391202859610487,-0.3062065073890276,-0.17523610908366075]","[-0.7276511192321777,-1.180903673171997,-0.8662575483322144,-0.7167563438415527]","[-0.7276511192321777,-1.180903673171997,-0.8662575483322144,-0.7167563438415527]"
2,198,post_capture,"[""coverage"",""coverage"",""coverage"",""coverage""]","[0.0,1.0,0.0,0.9340000152587891,1.0,0.765999972820282,0.10000000149011612,0.0,1.0,1.0,0.0,0.0,0.0,0.0,0.0,0.0,0.0,0.0,0.0,0.0,0.0,0.0,0.0,0.0,0.0,0.0,1.0,0.0,0.0,0.0,0.0,0.0,0.0,0.0,1.0,0.0,0.0,0.0,0.0,0.0,0.0,0.0,0.0,0.0,0.0,0.0,0.0,0.0,0.0,0.0]","[6,8,8,8]","[-0.007176483515650034,-0.055915720760822296,-0.012713978067040443,-0.012547358870506287]",False,"[false,false,false,false]","[false,false,false,false]",post_capture,"[0.0,1.0,0.0,0.9336666464805603,1.0,0.7639999985694885,0.13333334028720856,0.0,1.0,1.0,0.0,0.0,0.0,0.0,0.0,0.0,0.0,0.0,0.0,0.0,0.0,0.0,0.0,0.0,0.0,0.0,1.0,0.0,0.0,0.0,0.0,0.0,0.0,0.0,1.0,0.0,0.0,0.0,0.0,0.0,0.0,0.0,0.0,0.0,0.0,0.0,0.0,0.0,0.0,0.0]","[-1.811929702758789,-1.6107597351074219,-1.3139419555664062,-1.3659210205078125]","[-1.2134857177734375,-1.8083629608154297,-1.2506351470947266,-1.46917724609375]","[-0.22998325277829929,-0.49164174331861793,-0.29759033175257193,-0.16056835745296927]","[-0.6728019714355469,-1.115126132965088,-0.8395804166793823,-0.6729078888893127]","[-0.6728019714355469,-1.115126132965088,-0.8395804166793823,-0.6729078888893127]"
2,199,post_capture,"[""coverage"",""coverage"",""coverage"",""coverage""]","[0.0,1.0,0.0,0.9336666464805603,1.0,0.7639999985694885,0.13333334028720856,0.0,1.0,1.0,0.0,0.0,0.0,0.0,0.0,0.0,0.0,0.0,0.0,0.0,0.0,0.0,0.0,0.0,0.0,0.0,1.0,0.0,0.0,0.0,0.0,0.0,0.0,0.0,1.0,0.0,0.0,0.0,0.0,0.0,0.0,0.0,0.0,0.0,0.0,0.0,0.0,0.0,0.0,0.0]","[6,8,2,3]","[-0.008164663799107075,-0.051749080419540405,-0.01145735289901495,-0.011378398165106773]",False,"[false,false,false,false]","[false,false,false,false]",post_capture,"[0.0,1.0,0.0,0.9333333373069763,1.0,0.7620000243186951,0.1666666716337204,0.0,1.0,1.0,0.0,0.0,0.0,0.0,0.0,0.0,0.0,0.0,0.0,0.0,0.0,0.0,0.0,0.0,0.0,0.0,1.0,0.0,0.0,0.0,0.0,0.0,0.0,0.0,1.0,0.0,0.0,0.0,0.0,0.0,0.0,0.0,0.0,0.0,0.0,0.0,0.0,0.0,0.0,0.0]","[-1.2134857177734375,-1.8083629608154297,-1.2506351470947266,-1.46917724609375]","[-0.4374122619628906,-1.4127578735351562,-1.090524673461914,-0.5872936248779297]","[-0.2250573426895447,-0.4401272955129249,-0.28775389261164797,-0.14951616018430605]","[-0.6438680291175842,-1.0310434103012085,-0.8133544921875,-0.6248125433921814]","[-0.6438680291175842,-1.0310434103012085,-0.8133544921875,-0.6248125433921814]"
2,200,post_capture,"[""coverage"",""coverage"",""coverage"",""coverage""]","[0.0,1.0,0.0,0.9333333373069763,1.0,0.7620000243186951,0.1666666716337204,0.0,1.0,1.0,0.0,0.0,0.0,0.0,0.0,0.0,0.0,0.0,0.0,0.0,0.0,0.0,0.0,0.0,0.0,0.0,1.0,0.0,0.0,0.0,0.0,0.0,0.0,0.0,1.0,0.0,0.0,0.0,0.0,0.0,0.0,0.0,0.0,0.0,0.0,0.0,0.0,0.0,0.0,0.0]","[8,2,8,2]","[-0.009654085151851177,-0.04769475758075714,-0.010349046438932419,-0.012407571077346802]",False,"[false,false,false,false]","[false,false,false,false]",post_capture,"[0.0,1.0,0.0,0.9330000281333923,1.0,0.7599999904632568,0.20000000298023224,0.0,1.0,1.0,0.0,0.0,0.0,0.0,0.0,0.0,0.0,0.0,0.0,0.0,0.0,0.0,0.0,0.0,0.0,0.0,1.0,0.0,0.0,0.0,0.0,0.0,0.0,0.0,1.0,0.0,0.0,0.0,0.0,0.0,0.0,0.0,0.0,0.0,0.0,0.0,0.0,0.0,0.0,0.0]","[-0.4374122619628906,-1.4127578735351562,-1.090524673461914,-0.5872936248779297]","[-0.3329048156738281,-1.484649658203125,-0.9410057067871094,-0.6551799774169922]","[-0.21908351403074508,-0.392301227367055,-0.27908741385114444,-0.13953309294868615]","[-0.652898907661438,-0.9668929576873779,-0.7952325940132141,-0.6213323473930359]","[-0.652898907661438,-0.9668929576873779,-0.7952325940132141,-0.6213323473930359]"
2,201,post_capture,"[""coverage"",""coverage"",""coverage"",""coverage""]","[0.0,1.0,0.0,0.9330000281333923,1.0,0.7599999904632568,0.20000000298023224,0.0,1.0,1.0,0.0,0.0,0.0,0.0,0.0,0.0,0.0,0.0,0.0,0.0,0.0,0.0,0.0,0.0,0.0,0.0,1.0,0.0,0.0,0.0,0.0,0.0,0.0,0.0,1.0,0.0,0.0,0.0,0.0,0.0,0.0,0.0,0.0,0.0,0.0,0.0,0.0,0.0,0.0,0.0]","[3,6,3,2]","[-0.0106716463342309,-0.04727104306221008,-0.011122293770313263,-0.00895981676876545]",False,"[false,false,false,false]","[false,false,false,false]",post_capture,"[0.0,1.0,0.0,0.9326666593551636,1.0,0.7580000162124634,0.23333333432674408,0.0,1.0,1.0,0.0,0.0,0.0,0.0,0.0,0.0,0.0,0.0,0.0,0.0,0.0,0.0,0.0,0.0,0.0,0.0,1.0,0.0,0.0,0.0,0.0,0.0,0.0,0.0,1.0,0.0,0.0,0.0,0.0,0.0,0.0,0.0,0.0,0.0,0.0,0.0,0.0,0.0,0.0,0.0]","[-0.3329048156738281,-1.484649658203125,-0.9410057067871094,-0.6551799774169922]","[-0.5039253234863281,-1.5216426849365234,-1.0319061279296875,-1.4060783386230469]","[-0.21154487765544838,-0.3480873432184827,-0.27145289637597175,-0.12840961805185794]","[-0.6664178967475891,-0.8992109894752502,-0.7850120067596436,-0.6129647493362427]","[-0.6664178967475891,-0.8992109894752502,-0.7850120067596436,-0.6129647493362427]"
2,202,post_capture,"[""coverage"",""coverage"",""coverage"",""coverage""]","[0.0,1.0,0.0,0.9326666593551636,1.0,0.7580000162124634,0.23333333432674408,0.0,1.0,1.0,0.0,0.0,0.0,0.0,0.0,0.0,0.0,0.0,0.0,0.0,0.0,0.0,0.0,0.0,0.0,0.0,1.0,0.0,0.0,0.0,0.0,0.0,0.0,0.0,1.0,0.0,0.0,0.0,0.0,0.0,0.0,0.0,0.0,0.0,0.0,0.0,0.0,0.0,0.0,0.0]","[2,6,6,8]","[-0.011448286473751068,-0.04495299980044365,-0.013703522272408009,-0.008547493256628513]",False,"[false,false,false,false]","[false,false,false,false]",post_capture,"[0.0,1.0,0.0,0.9323333501815796,1.0,0.7559999823570251,0.2666666805744171,0.0,1.0,1.0,0.0,0.0,0.0,0.0,0.0,0.0,0.0,0.0,0.0,0.0,0.0,0.0,0.0,0.0,0.0,0.0,1.0,0.0,0.0,0.0,0.0,0.0,0.0,0.0,1.0,0.0,0.0,0.0,0.0,0.0,0.0,0.0,0.0,0.0,0.0,0.0,0.0,0.0,0.0,0.0]","[-0.5039253234863281,-1.5216426849365234,-1.0319061279296875,-1.4060783386230469]","[-1.6148128509521484,-1.701620101928711,-1.286407470703125,-2.1193065643310547]","[-0.20290225385981564,-0.3038548486426996,-0.2629602046521803,-0.12065636493241666]","[-0.6707091331481934,-0.8257508873939514,-0.768538236618042,-0.5682127475738525]","[-0.6707091331481934,-0.8257508873939514,-0.768538236618042,-0.5682127475738525]"
2,203,post_capture,"[""coverage"",""coverage"",""coverage"",""coverage""]","[0.0,1.0,0.0,0.9323333501815796,1.0,0.7559999823570251,0.2666666805744171,0.0,1.0,1.0,0.0,0.0,0.0,0.0,0.0,0.0,0.0,0.0,0.0,0.0,0.0,0.0,0.0,0.0,0.0,0.0,1.0,0.0,0.0,0.0,0.0,0.0,0.0,0.0,1.0,0.0,0.0,0.0,0.0,0.0,0.0,0.0,0.0,0.0,0.0,0.0,0.0,0.0,0.0,0.0]","[6,8,6,2]","[-0.012841478921473026,-0.04361822083592415,-0.0165067408233881,-0.006210492458194494]",False,"[false,false,false,false]","[false,false,false,false]",post_capture,"[0.0,1.0,0.0,0.9319999814033508,1.0,0.7540000081062317,0.30000001192092896,0.0,1.0,1.0,0.0,0.0,0.0,0.0,0.0,0.0,0.0,0.0,0.0,0.0,0.0,0.0,0.0,0.0,0.0,0.0,1.0,0.0,0.0,0.0,0.0,0.0,0.0,0.0,1.0,0.0,0.0,0.0,0.0,0.0,0.0,0.0,0.0,0.0,0.0,0.0,0.0,0.0,0.0,0.0]","[-1.6148128509521484,-1.701620101928711,-1.286407470703125,-2.1193065643310547]","[-1.3106613159179688,-2.183368682861328,-1.0575428009033203,-2.510601043701172]","[-0.19338784584450966,-0.2615170190325818,-0.2517744266462346,-0.11324128452099813]","[-0.6159783005714417,-0.7406355142593384,-0.734883189201355,-0.48352956771850586]","[-0.6159783005714417,-0.7406355142593384,-0.734883189201355,-0.48352956771850586]"
2,204,post_capture,"[""coverage"",""coverage"",""coverage"",""coverage""]","[0.0,1.0,0.0,0.9319999814033508,1.0,0.7540000081062317,0.30000001192092896,0.0,1.0,1.0,0.0,0.0,0.0,0.0,0.0,0.0,0.0,0.0,0.0,0.0,0.0,0.0,0.0,0.0,0.0,0.0,1.0,0.0,0.0,0.0,0.0,0.0,0.0,0.0,1.0,0.0,0.0,0.0,0.0,0.0,0.0,0.0,0.0,0.0,0.0,0.0,0.0,0.0,0.0,0.0]","[8,8,2,2]","[-0.015518426895141602,-0.03512323647737503,-0.019044233486056328,-0.005794262047857046]",False,"[false,false,false,false]","[false,false,false,false]",post_capture,"[0.0,1.0,0.0,0.9316666722297668,1.0,0.7519999742507935,0.3333333432674408,0.0,1.0,1.0,0.0,0.0,0.0,0.0,0.0,0.0,0.0,0.0,0.0,0.0,0.0,0.0,0.0,0.0,0.0,0.0,1.0,0.0,0.0,0.0,0.0,0.0,0.0,0.0,1.0,0.0,0.0,0.0,0.0,0.0,0.0,0.0,0.0,0.0,0.0,0.0,0.0,0.0,0.0,0.0]","[-1.3106613159179688,-2.183368682861328,-1.0575428009033203,-2.510601043701172]","[-1.2997760772705078,-2.172636032104492,-1.5491943359375,-2.8146896362304688]","[-0.1823700675990269,-0.22009979615824005,-0.23764412709378435,-0.10811191117454913]","[-0.5723116397857666,-0.62619948387146,-0.7081637382507324,-0.3753793239593506]","[-0.5723116397857666,-0.62619948387146,-0.7081637382507324,-0.3753793239593506]"
2,205,post_capture,"[""coverage"",""coverage"",""coverage"",""coverage""]","[0.0,1.0,0.0,0.9316666722297668,1.0,0.7519999742507935,0.3333333432674408,0.0,1.0,1.0,0.0,0.0,0.0,0.0,0.0,0.0,0.0,0.0,0.0,0.0,0.0,0.0,0.0,0.0,0.0,0.0,1.0,0.0,0.0,0.0,0.0,0.0,0.0,0.0,1.0,0.0,0.0,0.0,0.0,0.0,0.0,0.0,0.0,0.0,0.0,0.0,0.0,0.0,0.0,0.0]","[2,8,3,6]","[-0.01612255536019802,-0.030765483155846596,-0.019771914929151535,-0.005436959210783243]",False,"[false,false,false,false]","[false,false,false,false]",post_capture,"[0.0,1.0,0.0,0.9313333630561829,1.0,0.75,0.36666667461395264,0.0,1.0,1.0,0.0,0.0,0.0,0.0,0.0,0.0,0.0,0.0,0.0,0.0,0.0,0.0,0.0,0.0,0.0,0.0,1.0,0.0,0.0,0.0,0.0,0.0,0.0,0.0,1.0,0.0,0.0,0.0,0.0,0.0,0.0,0.0,0.0,0.0,0.0,0.0,0.0,0.0,0.0,0.0]","[-1.2997760772705078,-2.172636032104492,-1.5491943359375,-2.8146896362304688]","[-1.6104183197021484,-2.068544387817383,-1.1216564178466797,-2.348897933959961]","[-0.16853701081200537,-0.18684500977865154,-0.2208079733411394,-0.10335116073403242]","[-0.5236090421676636,-0.5141209363937378,-0.6511795520782471,-0.24482512474060059]","[-0.5236090421676636,-0.5141209363937378,-0.6511795520782471,-0.24482512474060059]"
2,206,post_capture,"[""coverage"",""coverage"",""coverage"",""coverage""]","[0.0,1.0,0.0,0.9313333630561829,1.0,0.75,0.36666667461395264,0.0,1.0,1.0,0.0,0.0,0.0,0.0,0.0,0.0,0.0,0.0,0.0,0.0,0.0,0.0,0.0,0.0,0.0,0.0,1.0,0.0,0.0,0.0,0.0,0.0,0.0,0.0,1.0,0.0,0.0,0.0,0.0,0.0,0.0,0.0,0.0,0.0,0.0,0.0,0.0,0.0,0.0,0.0]","[8,2,6,6]","[-0.016513418406248093,-0.021102091297507286,-0.023657523095607758,-0.0041634999215602875]",False,"[false,false,false,false]","[false,false,false,false]",post_capture,"[0.0,1.0,0.0,0.9309999942779541,1.0,0.7480000257492065,0.4000000059604645,0.0,1.0,1.0,0.0,0.0,0.0,0.0,0.0,0.0,0.0,0.0,0.0,0.0,0.0,0.0,0.0,0.0,0.0,0.0,1.0,0.0,0.0,0.0,0.0,0.0,0.0,0.0,1.0,0.0,0.0,0.0,0.0,0.0,0.0,0.0,0.0,0.0,0.0,0.0,0.0,0.0,0.0,0.0]","[-1.6104183197021484,-2.068544387817383,-1.1216564178466797,-2.348897933959961]","[-1.5174942016601562,-2.0138931274414062,-0.4552440643310547,-1.7209281921386719]","[-0.15395399540586602,-0.15765608749778276,-0.20306672566867462,-0.09890323386186785]","[-0.45483338832855225,-0.4050637483596802,-0.6123185753822327,-0.1309068202972412]","[-0.45483338832855225,-0.4050637483596802,-0.6123185753822327,-0.1309068202972412]"
2,207,post_capture,"[""coverage"",""coverage"",""coverage"",""coverage""]","[0.0,1.0,0.0,0.9309999942779541,1.0,0.7480000257492065,0.4000000059604645,0.0,1.0,1.0,0.0,0.0,0.0,0.0,0.0,0.0,0.0,0.0,0.0,0.0,0.0,0.0,0.0,0.0,0.0,0.0,1.0,0.0,0.0,0.0,0.0,0.0,0.0,0.0,1.0,0.0,0.0,0.0,0.0,0.0,0.0,0.0,0.0,0.0,0.0,0.0,0.0,0.0,0.0,0.0]","[2,6,2,6]","[-0.01409898791462183,-0.021701063960790634,-0.0222876388579607,-0.0032715285196900368]",False,"[false,false,false,false]","[false,false,false,false]",post_capture,"[0.0,1.0,0.0,0.9306666851043701,1.0,0.7459999918937683,0.4333333373069763,0.0,1.0,1.0,0.0,0.0,0.0,0.0,0.0,0.0,0.0,0.0,0.0,0.0,0.0,0.0,0.0,0.0,0.0,0.0,1.0,0.0,0.0,0.0,0.0,0.0,0.0,0.0,1.0,0.0,0.0,0.0,0.0,0.0,0.0,0.0,0.0,0.0,0.0,0.0,0.0,0.0,0.0,0.0]","[-1.5174942016601562,-2.0138931274414062,-0.4552440643310547,-1.7209281921386719]","[-1.6858901977539062,-1.2600288391113281,-1.2699356079101562,-1.1027240753173828]","[-0.13882886565617972,-0.13793332949522774,-0.18122141674047157,-0.09569670094980562]","[-0.3861818313598633,-0.3022582530975342,-0.6019420027732849,-0.04418647289276123]","[-0.3861818313598633,-0.3022582530975342,-0.6019420027732849,-0.04418647289276123]"
2,208,post_capture,"[""coverage"",""coverage"",""coverage"",""coverage""]","[0.0,1.0,0.0,0.9306666851043701,1.0,0.7459999918937683,0.4333333373069763,0.0,1.0,1.0,0.0,0.0,0.0,0.0,0.0,0.0,0.0,0.0,0.0,0.0,0.0,0.0,0.0,0.0,0.0,0.0,1.0,0.0,0.0,0.0,0.0,0.0,0.0,0.0,1.0,0.0,0.0,0.0,0.0,0.0,0.0,0.0,0.0,0.0,0.0,0.0,0.0,0.0,0.0,0.0]","[8,6,2,6]","[-0.010978732258081436,-0.02002786472439766,-0.024803349748253822,-0.003671388840302825]",False,"[false,false,false,false]","[false,false,false,false]",post_capture,"[0.0,1.0,0.0,0.9303333163261414,1.0,0.7440000176429749,0.46666666865348816,0.0,1.0,1.0,0.0,0.0,0.0,0.0,0.0,0.0,0.0,0.0,0.0,0.0,0.0,0.0,0.0,0.0,0.0,0.0,1.0,0.0,0.0,0.0,0.0,0.0,0.0,0.0,1.0,0.0,0.0,0.0,0.0,0.0,0.0,0.0,0.0,0.0,0.0,0.0,0.0,0.0,0.0,0.0]","[-1.6858901977539062,-1.2600288391113281,-1.2699356079101562,-1.1027240753173828]","[-1.2646427154541016,-0.6612052917480469,-1.3907890319824219,-0.5068893432617188]","[-0.12598977549652313,-0.11740632882266373,-0.1605391695782938,-0.09335876003041978]","[-0.3068913221359253,-0.2319890260696411,-0.5494871139526367,0.014534711837768555]","[-0.3068913221359253,-0.2319890260696411,-0.5494871139526367,0.014534711837768555]"
2,209,post_capture,"[""coverage"",""coverage"",""coverage"",""coverage""]","[0.0,1.0,0.0,0.9303333163261414,1.0,0.7440000176429749,0.46666666865348816,0.0,1.0,1.0,0.0,0.0,0.0,0.0,0.0,0.0,0.0,0.0,0.0,0.0,0.0,0.0,0.0,0.0,0.0,0.0,1.0,0.0,0.0,0.0,0.0,0.0,0.0,0.0,1.0,0.0,0.0,0.0,0.0,0.0,0.0,0.0,0.0,0.0,0.0,0.0,0.0,0.0,0.0,0.0]","[8,2,2,6]","[-0.009348385967314243,-0.014279468916356564,-0.025331854820251465,-0.003110604826360941]",False,"[false,false,false,false]","[false,false,false,false]",post_capture,"[0.0,1.0,0.0,0.9300000071525574,1.0,0.7419999837875366,0.5,0.0,1.0,1.0,0.0,0.0,0.0,0.0,0.0,0.0,0.0,0.0,0.0,0.0,0.0,0.0,0.0,0.0,0.0,0.0,1.0,0.0,0.0,0.0,0.0,0.0,0.0,0.0,1.0,0.0,0.0,0.0,0.0,0.0,0.0,0.0,0.0,0.0,0.0,0.0,0.0,0.0,0.0,0.0]","[-1.2646427154541016,-0.6612052917480469,-1.3907890319824219,-0.5068893432617188]","[-0.4664173126220703,-0.4365196228027344,-1.8753795623779297,0.4111366271972656]","[-0.11617277094792089,-0.09836208494774351,-0.1371068887172121,-0.09059330423244137]","[-0.24807322025299072,-0.19057047367095947,-0.4846780300140381,0.046036362648010254]","[-0.24807322025299072,-0.19057047367095947,-0.4846780300140381,0.046036362648010254]"
2,210,post_capture,"[""coverage"",""coverage"",""coverage"",""coverage""]","[0.0,1.0,0.0,0.9300000071525574,1.0,0.7419999837875366,0.5,0.0,1.0,1.0,0.0,0.0,0.0,0.0,0.0,0.0,0.0,0.0,0.0,0.0,0.0,0.0,0.0,0.0,0.0,0.0,1.0,0.0,0.0,0.0,0.0,0.0,0.0,0.0,1.0,0.0,0.0,0.0,0.0,0.0,0.0,0.0,0.0,0.0,0.0,0.0,0.0,0.0,0.0,0.0]","[2,8,8,6]","[-0.011185645125806332,-0.01364730391651392,-0.025199294090270996,-0.003349711885675788]",False,"[false,false,false,false]","[false,false,false,false]",post_capture,"[0.0,1.0,0.0,0.9296666383743286,1.0,0.7400000095367432,0.5333333611488342,0.0,1.0,1.0,0.0,0.0,0.0,0.0,0.0,0.0,0.0,0.0,0.0,0.0,0.0,0.0,0.0,0.0,0.0,0.0,1.0,0.0,0.0,0.0,0.0,0.0,0.0,0.0,1.0,0.0,0.0,0.0,0.0,0.0,0.0,0.0,0.0,0.0,0.0,0.0,0.0,0.0,0.0,0.0]","[-0.4664173126220703,-0.4365196228027344,-1.8753795623779297,0.4111366271972656]","[-0.5079746246337891,-0.0979461669921875,-0.9783668518066406,1.0219440460205078]","[-0.10790341917232994,-0.08493193538523934,-0.11290407464339458,-0.08836636303644488]","[-0.22927933931350708,-0.16446924209594727,-0.3897022008895874,0.03061741590499878]","[-0.22927933931350708,-0.16446924209594727,-0.3897022008895874,0.03061741590499878]"
2,211,post_capture,"[""coverage"",""coverage"",""coverage"",""coverage""]","[0.0,1.0,0.0,0.9296666383743286,1.0,0.7400000095367432,0.5333333611488342,0.0,1.0,1.0,0.0,0.0,0.0,0.0,0.0,0.0,0.0,0.0,0.0,0.0,0.0,0.0,0.0,0.0,0.0,0.0,1.0,0.0,0.0,0.0,0.0,0.0,0.0,0.0,1.0,0.0,0.0,0.0,0.0,0.0,0.0,0.0,0.0,0.0,0.0,0.0,0.0,0.0,0.0,0.0]","[8,8,8,8]","[-0.008924690075218678,-0.015476301312446594,-0.02260403521358967,-0.004367434419691563]",False,"[false,false,false,false]","[false,false,false,false]",post_capture,"[0.0,1.0,0.0,0.9293333292007446,1.0,0.7379999756813049,0.5666666626930237,0.0,1.0,1.0,0.0,0.0,0.0,0.0,0.0,0.0,0.0,0.0,0.0,0.0,0.0,0.0,0.0,0.0,0.0,0.0,1.0,0.0,0.0,0.0,0.0,0.0,0.0,0.0,1.0,0.0,0.0,0.0,0.0,0.0,0.0,0.0,0.0,0.0,0.0,0.0,0.0,0.0,0.0,0.0]","[-0.5079746246337891,-0.0979461669921875,-0.9783668518066406,1.0219440460205078]","[-0.3567523956298828,-0.10718917846679688,-0.5291824340820312,1.0219802856445312]","[-0.09769472125911476,-0.0720046782512378,-0.08859068742739756,-0.08587540520279706]","[-0.20515573024749756,-0.1552085280418396,-0.3360699415206909,-0.017670512199401855]","[-0.20515573024749756,-0.1552085280418396,-0.3360699415206909,-0.017670512199401855]"
2,212,post_capture,"[""coverage"",""coverage"",""coverage"",""coverage""]","[0.0,1.0,0.0,0.9293333292007446,1.0,0.7379999756813049,0.5666666626930237,0.0,1.0,1.0,0.0,0.0,0.0,0.0,0.0,0.0,0.0,0.0,0.0,0.0,0.0,0.0,0.0,0.0,0.0,0.0,1.0,0.0,0.0,0.0,0.0,0.0,0.0,0.0,1.0,0.0,0.0,0.0,0.0,0.0,0.0,0.0,0.0,0.0,0.0,0.0,0.0,0.0,0.0,0.0]","[8,3,8,8]","[-0.0056567988358438015,-0.010560315102338791,-0.011848445981740952,-0.006415948271751404]",False,"[false,false,false,false]","[false,false,false,false]",post_capture,"[0.0,1.0,0.0,0.9290000200271606,1.0,0.7360000014305115,0.6000000238418579,0.0,1.0,1.0,0.0,0.0,0.0,0.0,0.0,0.0,0.0,0.0,0.0,0.0,0.0,0.0,0.0,0.0,0.0,0.0,1.0,0.0,0.0,0.0,0.0,0.0,0.0,0.0,1.0,0.0,0.0,0.0,0.0,0.0,0.0,0.0,0.0,0.0,0.0,0.0,0.0,0.0,0.0,0.0]","[-0.3567523956298828,-0.10718917846679688,-0.5291824340820312,1.0219802856445312]","[-0.2541847229003906,0.20298194885253906,-0.39507484436035156,1.0284061431884766]","[-0.08966669816555159,-0.05709937064524364,-0.06665318405435142,-0.08233128361929848]","[-0.1898690164089203,-0.1429307460784912,-0.3054453730583191,-0.0679330825805664]","[-0.1898690164089203,-0.1429307460784912,-0.3054453730583191,-0.0679330825805664]"
2,213,post_capture,"[""coverage"",""coverage"",""coverage"",""coverage""]","[0.0,1.0,0.0,0.9290000200271606,1.0,0.7360000014305115,0.6000000238418579,0.0,1.0,1.0,0.0,0.0,0.0,0.0,0.0,0.0,0.0,0.0,0.0,0.0,0.0,0.0,0.0,0.0,0.0,0.0,1.0,0.0,0.0,0.0,0.0,0.0,0.0,0.0,1.0,0.0,0.0,0.0,0.0,0.0,0.0,0.0,0.0,0.0,0.0,0.0,0.0,0.0,0.0,0.0]","[8,3,8,8]","[-0.0017712184926494956,-0.006368995178490877,-0.01128564402461052,-0.007987314835190773]",False,"[false,false,false,false]","[false,false,false,false]",post_capture,"[0.0,1.0,0.0,0.9286666512489319,1.0,0.734000027179718,0.6333333253860474,0.0,1.0,1.0,0.0,0.0,0.0,0.0,0.0,0.0,0.0,0.0,0.0,0.0,0.0,0.0,0.0,0.0,0.0,0.0,1.0,0.0,0.0,0.0,0.0,0.0,0.0,0.0,1.0,0.0,0.0,0.0,0.0,0.0,0.0,0.0,0.0,0.0,0.0,0.0,0.0,0.0,0.0,0.0]","[-0.2541847229003906,0.20298194885253906,-0.39507484436035156,1.0284061431884766]","[-0.1495075225830078,0.31934547424316406,-0.2987842559814453,0.9156761169433594]","[-0.08485848417142201,-0.0470091470130352,-0.05535832128546512,-0.07668215691671422]","[-0.1824880987405777,-0.1514279842376709,-0.2913776636123657,-0.11953556537628174]","[-0.1824880987405777,-0.1514279842376709,-0.2913776636123657,-0.11953556537628174]"
2,214,post_capture,"[""coverage"",""coverage"",""coverage"",""coverage""]","[0.0,1.0,0.0,0.9286666512489319,1.0,0.734000027179718,0.6333333253860474,0.0,1.0,1.0,0.0,0.0,0.0,0.0,0.0,0.0,0.0,0.0,0.0,0.0,0.0,0.0,0.0,0.0,0.0,0.0,1.0,0.0,0.0,0.0,0.0,0.0,0.0,0.0,1.0,0.0,0.0,0.0,0.0,0.0,0.0,0.0,0.0,0.0,0.0,0.0,0.0,0.0,0.0,0.0]","[8,2,8,2]","[-0.0007010234403423965,-0.009517630562186241,-0.010267646051943302,-0.006812653038650751]",False,"[false,false,false,false]","[false,false,false,false]",post_capture,"[0.0,1.0,0.0,0.9283333420753479,1.0,0.7319999933242798,0.6666666865348816,0.0,1.0,1.0,0.0,0.0,0.0,0.0,0.0,0.0,0.0,0.0,0.0,0.0,0.0,0.0,0.0,0.0,0.0,0.0,1.0,0.0,0.0,0.0,0.0,0.0,0.0,0.0,1.0,0.0,0.0,0.0,0.0,0.0,0.0,0.0,0.0,0.0,0.0,0.0,0.0,0.0,0.0,0.0]","[-0.1495075225830078,0.31934547424316406,-0.2987842559814453,0.9156761169433594]","[0.13607025146484375,-0.12903594970703125,-0.11079978942871094,1.0421819686889648]","[-0.08392653098865911,-0.041050658418731636,-0.04451785581904505,-0.06938872937527621]","[-0.18428099155426025,-0.17104369401931763,-0.2820863425731659,-0.16679871082305908]","[-0.18428099155426025,-0.17104369401931763,-0.2820863425731659,-0.16679871082305908]"
2,215,post_capture,"[""coverage"",""coverage"",""coverage"",""coverage""]","[0.0,1.0,0.0,0.9283333420753479,1.0,0.7319999933242798,0.6666666865348816,0.0,1.0,1.0,0.0,0.0,0.0,0.0,0.0,0.0,0.0,0.0,0.0,0.0,0.0,0.0,0.0,0.0,0.0,0.0,1.0,0.0,0.0,0.0,0.0,0.0,0.0,0.0,1.0,0.0,0.0,0.0,0.0,0.0,0.0,0.0,0.0,0.0,0.0,0.0,0.0,0.0,0.0,0.0]","[3,3,8,2]","[0.00022337239352054894,-0.004909076727926731,-0.008321010507643223,-0.009505266323685646]",False,"[false,false,false,false]","[false,false,false,false]",post_capture,"[0.0,1.0,0.0,0.9279999732971191,1.0,0.7300000190734863,0.699999988079071,0.0,1.0,1.0,0.0,0.0,0.0,0.0,0.0,0.0,0.0,0.0,0.0,0.0,0.0,0.0,0.0,0.0,0.0,0.0,1.0,0.0,0.0,0.0,0.0,0.0,0.0,0.0,1.0,0.0,0.0,0.0,0.0,0.0,0.0,0.0,0.0,0.0,0.0,0.0,0.0,0.0,0.0,0.0]","[0.13607025146484375,-0.12903594970703125,-0.11079978942871094,1.0421819686889648]","[0.07873344421386719,-0.30954551696777344,-0.372100830078125,0.4096393585205078]","[-0.08406616924072395,-0.031851543289439795,-0.034596171481920956,-0.0632081579157833]","[-0.20235559344291687,-0.16495350003242493,-0.2831835150718689,-0.224959135055542]","[-0.20235559344291687,-0.16495350003242493,-0.2831835150718689,-0.224959135055542]"
2,216,post_capture,"[""coverage"",""coverage"",""coverage"",""coverage""]","[0.0,1.0,0.0,0.9279999732971191,1.0,0.7300000190734863,0.699999988079071,0.0,1.0,1.0,0.0,0.0,0.0,0.0,0.0,0.0,0.0,0.0,0.0,0.0,0.0,0.0,0.0,0.0,0.0,0.0,1.0,0.0,0.0,0.0,0.0,0.0,0.0,0.0,1.0,0.0,0.0,0.0,0.0,0.0,0.0,0.0,0.0,0.0,0.0,0.0,0.0,0.0,0.0,0.0]","[3,8,8,2]","[-0.0008562852162867785,-0.003185876877978444,-0.004906939808279276,-0.010774722322821617]",False,"[false,false,false,false]","[false,false,false,false]",post_capture,"[0.0,1.0,0.0,0.9276666641235352,1.0,0.7279999852180481,0.7333333492279053,0.0,1.0,1.0,0.0,0.0,0.0,0.0,0.0,0.0,0.0,0.0,0.0,0.0,0.0,0.0,0.0,0.0,0.0,0.0,1.0,0.0,0.0,0.0,0.0,0.0,0.0,0.0,1.0,0.0,0.0,0.0,0.0,0.0,0.0,0.0,0.0,0.0,0.0,0.0,0.0,0.0,0.0,0.0]","[0.07873344421386719,-0.30954551696777344,-0.372100830078125,0.4096393585205078]","[-0.0449981689453125,-0.5759525299072266,-0.6468162536621094,-0.20745277404785156]","[-0.08514095114570151,-0.027214612688397033,-0.026540566640684576,-0.05424534504252288]","[-0.2195388376712799,-0.1538776457309723,-0.27266719937324524,-0.25064438581466675]","[-0.2195388376712799,-0.1538776457309723,-0.27266719937324524,-0.25064438581466675]"
2,217,post_capture,"[""coverage"",""coverage"",""coverage"",""coverage""]","[0.0,1.0,0.0,0.9276666641235352,1.0,0.7279999852180481,0.7333333492279053,0.0,1.0,1.0,0.0,0.0,0.0,0.0,0.0,0.0,0.0,0.0,0.0,0.0,0.0,0.0,0.0,0.0,0.0,0.0,1.0,0.0,0.0,0.0,0.0,0.0,0.0,0.0,1.0,0.0,0.0,0.0,0.0,0.0,0.0,0.0,0.0,0.0,0.0,0.0,0.0,0.0,0.0,0.0]","[3,8,8,2]","[-0.0030676599126309156,-0.004160631448030472,-0.002209367696195841,-0.004188201390206814]",False,"[false,false,false,false]","[false,false,false,false]",post_capture,"[0.0,1.0,0.0,0.9273333549499512,1.0,0.7260000109672546,0.7666666507720947,0.0,1.0,1.0,0.0,0.0,0.0,0.0,0.0,0.0,0.0,0.0,0.0,0.0,0.0,0.0,0.0,0.0,0.0,0.0,1.0,0.0,0.0,0.0,0.0,0.0,0.0,0.0,1.0,0.0,0.0,0.0,0.0,0.0,0.0,0.0,0.0,0.0,0.0,0.0,0.0,0.0,0.0,0.0]","[-0.0449981689453125,-0.5759525299072266,-0.6468162536621094,-0.20745277404785156]","[-0.3214111328125,-0.9547462463378906,-0.9926548004150391,-0.8760433197021484]","[-0.08513602619132801,-0.02427145031355413,-0.02185214831556091,-0.043909719918890165]","[-0.23014900088310242,-0.1299118995666504,-0.25065696239471436,-0.24412626028060913]","[-0.23014900088310242,-0.1299118995666504,-0.25065696239471436,-0.24412626028060913]"
2,218,post_capture,"[""coverage"",""coverage"",""coverage"",""coverage""]","[0.0,1.0,0.0,0.9273333549499512,1.0,0.7260000109672546,0.7666666507720947,0.0,1.0,1.0,0.0,0.0,0.0,0.0,0.0,0.0,0.0,0.0,0.0,0.0,0.0,0.0,0.0,0.0,0.0,0.0,1.0,0.0,0.0,0.0,0.0,0.0,0.0,0.0,1.0,0.0,0.0,0.0,0.0,0.0,0.0,0.0,0.0,0.0,0.0,0.0,0.0,0.0,0.0,0.0]","[3,8,2,8]","[-0.005219351500272751,-0.0006282175309024751,-0.00042535277316346765,-0.005818339064717293]",False,"[false,false,false,false]","[false,false,false,false]",post_capture,"[0.0,1.0,0.0,0.9269999861717224,1.0,0.7239999771118164,0.800000011920929,0.0,1.0,1.0,0.0,0.0,0.0,0.0,0.0,0.0,0.0,0.0,0.0,0.0,0.0,0.0,0.0,0.0,0.0,0.0,1.0,0.0,0.0,0.0,0.0,0.0,0.0,0.0,1.0,0.0,0.0,0.0,0.0,0.0,0.0,0.0,0.0,0.0,0.0,0.0,0.0,0.0,0.0,0.0]","[-0.3214111328125,-0.9547462463378906,-0.9926548004150391,-0.8760433197021484]","[-0.49680328369140625,-1.0772323608398438,-1.3280582427978516,-1.0222034454345703]","[-0.08289733967545161,-0.020313958450023897,-0.019841192544813202,-0.04012274598856904]","[-0.22453108429908752,-0.08345705270767212,-0.21192049980163574,-0.2090100646018982]","[-0.22453108429908752,-0.08345705270767212,-0.21192049980163574,-0.2090100646018982]"
2,219,post_capture,"[""coverage"",""coverage"",""coverage"",""coverage""]","[0.0,1.0,0.0,0.9269999861717224,1.0,0.7239999771118164,0.800000011920929,0.0,1.0,1.0,0.0,0.0,0.0,0.0,0.0,0.0,0.0,0.0,0.0,0.0,0.0,0.0,0.0,0.0,0.0,0.0,1.0,0.0,0.0,0.0,0.0,0.0,0.0,0.0,1.0,0.0,0.0,0.0,0.0,0.0,0.0,0.0,0.0,0.0,0.0,0.0,0.0,0.0,0.0,0.0]","[3,6,6,8]","[-0.008371051400899887,-0.0003665564290713519,-0.0006235700566321611,-0.006137624382972717]",False,"[false,false,false,false]","[false,false,false,false]",post_capture,"[0.0,1.0,0.0,0.9266666769981384,1.0,0.722000002861023,0.8333333134651184,0.0,1.0,1.0,0.0,0.0,0.0,0.0,0.0,0.0,0.0,0.0,0.0,0.0,0.0,0.0,0.0,0.0,0.0,0.0,1.0,0.0,0.0,0.0,0.0,0.0,0.0,0.0,1.0,0.0,0.0,0.0,0.0,0.0,0.0,0.0,0.0,0.0,0.0,0.0,0.0,0.0,0.0,0.0]","[-0.49680328369140625,-1.0772323608398438,-1.3280582427978516,-1.0222034454345703]","[-0.2852458953857422,-0.023593902587890625,-0.5534114837646484,-0.6476173400878906]","[-0.07846261431836249,-0.019884586786991336,-0.019611959365302762,-0.03465091608469874]","[-0.2070387899875641,-0.0313725471496582,-0.1549774408340454,-0.16224634647369385]","[-0.2070387899875641,-0.0313725471496582,-0.1549774408340454,-0.16224634647369385]"
2,220,post_capture,"[""coverage"",""coverage"",""coverage"",""coverage""]","[0.0,1.0,0.0,0.9266666769981384,1.0,0.722000002861023,0.8333333134651184,0.0,1.0,1.0,0.0,0.0,0.0,0.0,0.0,0.0,0.0,0.0,0.0,0.0,0.0,0.0,0.0,0.0,0.0,0.0,1.0,0.0,0.0,0.0,0.0,0.0,0.0,0.0,1.0,0.0,0.0,0.0,0.0,0.0,0.0,0.0,0.0,0.0,0.0,0.0,0.0,0.0,0.0,0.0]","[3,2,6,8]","[-0.013109663501381874,-0.0012333596823737025,-0.001134009682573378,-0.0060024079866707325]",False,"[false,false,false,false]","[false,false,false,false]",post_capture,"[0.0,1.0,0.0,0.9263333082199097,1.0,0.7200000286102295,0.8666666746139526,0.0,1.0,1.0,0.0,0.0,0.0,0.0,0.0,0.0,0.0,0.0,0.0,0.0,0.0,0.0,0.0,0.0,0.0,0.0,1.0,0.0,0.0,0.0,0.0,0.0,0.0,0.0,1.0,0.0,0.0,0.0,0.0,0.0,0.0,0.0,0.0,0.0,0.0,0.0,0.0,0.0,0.0,0.0]","[-0.2852458953857422,-0.023593902587890625,-0.5534114837646484,-0.6476173400878906]","[-0.35387611389160156,-0.21651268005371094,-0.21401596069335938,-0.4601154327392578]","[-0.07079955850248748,-0.019715182179717156,-0.019180191220879394,-0.028801304749218205]","[-0.19622336328029633,-0.031725749373435974,-0.13499200344085693,-0.13189971446990967]","[-0.19622336328029633,-0.031725749373435974,-0.13499200344085693,-0.13189971446990967]"
2,221,post_capture,"[""coverage"",""coverage"",""coverage"",""coverage""]","[0.0,1.0,0.0,0.9263333082199097,1.0,0.7200000286102295,0.8666666746139526,0.0,1.0,1.0,0.0,0.0,0.0,0.0,0.0,0.0,0.0,0.0,0.0,0.0,0.0,0.0,0.0,0.0,0.0,0.0,1.0,0.0,0.0,0.0,0.0,0.0,0.0,0.0,1.0,0.0,0.0,0.0,0.0,0.0,0.0,0.0,0.0,0.0,0.0,0.0,0.0,0.0,0.0,0.0]","[3,8,3,8]","[-0.016450051218271255,-0.0020417622290551662,-0.0028067196253687143,-0.005855531897395849]",False,"[false,false,false,false]","[false,false,false,false]",post_capture,"[0.0,1.0,0.0,0.9259999990463257,1.0,0.7179999947547913,0.8999999761581421,0.0,1.0,1.0,0.0,0.0,0.0,0.0,0.0,0.0,0.0,0.0,0.0,0.0,0.0,0.0,0.0,0.0,0.0,0.0,1.0,0.0,0.0,0.0,0.0,0.0,0.0,0.0,1.0,0.0,0.0,0.0,0.0,0.0,0.0,0.0,0.0,0.0,0.0,0.0,0.0,0.0,0.0,0.0]","[-0.35387611389160156,-0.21651268005371094,-0.21401596069335938,-0.4601154327392578]","[-0.7129287719726562,-0.12842178344726562,-0.2132091522216797,-0.5846786499023438]","[-0.058272621213237986,-0.018668507573074197,-0.01822846620030911,-0.02302918864903785]","[-0.17607319355010986,-0.02102607488632202,-0.13106244802474976,-0.10964548587799072]","[-0.17607319355010986,-0.02102607488632202,-0.13106244802474976,-0.10964548587799072]"
2,222,post_capture,"[""coverage"",""coverage"",""coverage"",""coverage""]","[0.0,1.0,0.0,0.9259999990463257,1.0,0.7179999947547913,0.8999999761581421,0.0,1.0,1.0,0.0,0.0,0.0,0.0,0.0,0.0,0.0,0.0,0.0,0.0,0.0,0.0,0.0,0.0,0.0,0.0,1.0,0.0,0.0,0.0,0.0,0.0,0.0,0.0,1.0,0.0,0.0,0.0,0.0,0.0,0.0,0.0,0.0,0.0,0.0,0.0,0.0,0.0,0.0,0.0]","[3,8,2,8]","[-0.019575752317905426,-0.004231513012200594,-0.004852685146033764,-0.007357646711170673]",False,"[false,false,false,false]","[false,false,false,false]",post_capture,"[0.0,1.0,0.0,0.9256666898727417,1.0,0.7160000205039978,0.9333333373069763,0.0,1.0,1.0,0.0,0.0,0.0,0.0,0.0,0.0,0.0,0.0,0.0,0.0,0.0,0.0,0.0,0.0,0.0,0.0,1.0,0.0,0.0,0.0,0.0,0.0,0.0,0.0,1.0,0.0,0.0,0.0,0.0,0.0,0.0,0.0,0.0,0.0,0.0,0.0,0.0,0.0,0.0,0.0]","[-0.7129287719726562,-0.12842178344726562,-0.2132091522216797,-0.5846786499023438]","[-0.9101352691650391,-0.19888687133789062,-1.3336067199707031,-0.7004222869873047]","[-0.042245020196936094,-0.01679469226668589,-0.015577521792869083,-0.017347128031961617]","[-0.1321989893913269,-0.01342630386352539,-0.12514817714691162,-0.07958358526229858]","[-0.1321989893913269,-0.01342630386352539,-0.12514817714691162,-0.07958358526229858]"
2,223,post_capture,"[""coverage"",""coverage"",""coverage"",""coverage""]","[0.0,1.0,0.0,0.9256666898727417,1.0,0.7160000205039978,0.9333333373069763,0.0,1.0,1.0,0.0,0.0,0.0,0.0,0.0,0.0,0.0,0.0,0.0,0.0,0.0,0.0,0.0,0.0,0.0,0.0,1.0,0.0,0.0,0.0,0.0,0.0,0.0,0.0,1.0,0.0,0.0,0.0,0.0,0.0,0.0,0.0,0.0,0.0,0.0,0.0,0.0,0.0,0.0,0.0]","[3,3,3,8]","[-0.021405091509222984,-0.008072583936154842,-0.007580381352454424,-0.00793007854372263]",False,"[false,false,false,false]","[false,false,false,false]",post_capture,"[0.0,1.0,0.0,0.9253333210945129,1.0,0.7139999866485596,0.9666666388511658,0.0,1.0,1.0,0.0,0.0,0.0,0.0,0.0,0.0,0.0,0.0,0.0,0.0,0.0,0.0,0.0,0.0,0.0,0.0,1.0,0.0,0.0,0.0,0.0,0.0,0.0,0.0,1.0,0.0,0.0,0.0,0.0,0.0,0.0,0.0,0.0,0.0,0.0,0.0,0.0,0.0,0.0,0.0]","[-0.9101352691650391,-0.19888687133789062,-1.3336067199707031,-0.7004222869873047]","[-0.9903583526611328,0.26566505432128906,-0.9504165649414062,-0.6050205230712891]","[-0.02289825038285926,-0.01269008005503565,-0.010833168330136686,-0.010090385172516108]","[-0.0718463659286499,0.0006912350654602051,-0.05771613121032715,-0.039930880069732666]","[-0.0718463659286499,0.0006912350654602051,-0.05771613121032715,-0.039930880069732666]"
2,224,post_capture,"[""coverage"",""coverage"",""coverage"",""coverage""]","[0.0,1.0,0.0,0.9253333210945129,1.0,0.7139999866485596,0.9666666388511658,0.0,1.0,1.0,0.0,0.0,0.0,0.0,0.0,0.0,0.0,0.0,0.0,0.0,0.0,0.0,0.0,0.0,0.0,0.0,1.0,0.0,0.0,0.0,0.0,0.0,0.0,0.0,1.0,0.0,0.0,0.0,0.0,0.0,0.0,0.0,0.0,0.0,0.0,0.0,0.0,0.0,0.0,0.0]","[3,3,6,2]","[-0.0015082412865012884,-0.004664137493818998,-0.0032856434118002653,-0.0021821279078722]",False,"[true,true,true,true]","[false,false,false,false]",post_capture,"[0.0,1.0,0.0,0.925000011920929,1.0,0.7120000123977661,1.0,1.0,1.0,1.0,0.0,0.0,0.0,0.0,0.0,0.0,0.0,0.0,0.0,0.0,0.0,0.0,0.0,0.0,0.0,0.0,1.0,0.0,0.0,0.0,0.0,0.0,0.0,0.0,1.0,0.0,0.0,0.0,0.0,0.0,0.0,0.0,0.0,0.0,0.0,0.0,0.0,0.0,0.0,0.0]","[-0.9903583526611328,0.26566505432128906,-0.9504165649414062,-0.6050205230712891]","[-1.0524139404296875,0.35364723205566406,-0.8299579620361328,-0.9001903533935547]","[-0.0015082412865012884,-0.004664137493818998,-0.0032856434118002653,-0.0021821279078722]","[-0.0015082359313964844,-0.004664123058319092,-0.003285646438598633,-0.0021821260452270508]","[-0.0015082359313964844,-0.004664123058319092,-0.003285646438598633,-0.0021821260452270508]"
3,0,pure_coverage,"[""coverage"",""coverage"",""coverage"",""coverage""]","[0.0,0.0,1.0,1.0,0.0,0.0,0.0,0.0,1.0,1.0,0.0,0.0,0.0,0.0,0.0,0.0,0.0,0.0,0.0,0.0,0.0,0.0,0.0,0.0,0.0,0.0,0.0,0.0,0.0,0.0,0.0,0.0,0.0,0.0,0.0,0.0,0.0,0.0,0.0,0.0,0.0,0.0,0.0,0.0,0.0,0.0,0.0,0.0,0.0,0.0]","[8,6,8,6]","[-0.5763857960700989,-0.3308296501636505,-0.4293096661567688,-2.5750885009765625]",False,"[false,false,false,false]","[false,false,false,false]",pure_coverage,"[0.0,0.0,1.0,0.999666690826416,0.0,0.0,0.0,0.0,1.0,1.0,0.0,0.0,0.0,0.0,0.0,0.0,0.0,0.0,0.0,0.0,0.0,0.0,0.0,0.0,0.0,0.0,0.0,0.0,0.0,0.0,0.0,0.0,0.0,0.0,0.0,0.0,0.0,0.0,0.0,0.0,0.0,0.0,0.0,0.0,0.0,0.0,0.0,0.0,0.0,0.0]","[-4.529140472412109,-1.4956073760986328,-4.987558364868164,-9.329113006591797]","[-4.0387115478515625,-1.0563087463378906,-5.09080696105957,-10.56904411315918]","[-7.152556421108711,-7.1898085423592955,-9.815956059265135,-50.135192261750916]","[-8.041792869567871,-5.839069366455078,-7.899499416351318,-36.06827163696289]","[-8.043403625488281,-5.796877861022949,-7.645834922790527,-35.47127914428711]"
3,1,pure_coverage,"[""coverage"",""coverage"",""coverage"",""coverage""]","[0.0,0.0,1.0,0.999666690826416,0.0,0.0,0.0,0.0,1.0,1.0,0.0,0.0,0.0,0.0,0.0,0.0,0.0,0.0,0.0,0.0,0.0,0.0,0.0,0.0,0.0,0.0,0.0,0.0,0.0,0.0,0.0,0.0,0.0,0.0,0.0,0.0,0.0,0.0,0.0,0.0,0.0,0.0,0.0,0.0,0.0,0.0,0.0,0.0,0.0,0.0]","[8,6,8,7]","[-0.5566350817680359,-0.33035773038864136,-0.4080420434474945,-2.5782582759857178]",False,"[false,false,false,false]","[false,false,false,false]",pure_coverage,"[0.0,0.0,1.0,0.9993333220481873,0.0,0.0,0.0,0.0,1.0,1.0,0.0,0.0,0.0,0.0,0.0,0.0,0.0,0.0,0.0,0.0,0.0,0.0,0.0,0.0,0.0,0.0,0.0,0.0,0.0,0.0,0.0,0.0,0.0,0.0,0.0,0.0,0.0,0.0,0.0,0.0,0.0,0.0,0.0,0.0,0.0,0.0,0.0,0.0,0.0,0.0]","[-4.0387115478515625,-1.0563087463378906,-5.09080696105957,-10.56904411315918]","[-3.7950363159179688,-0.9695987701416016,-4.479129791259766,-10.264873504638672]","[-6.642596590948093,-6.928261507268329,-9.481461003139763,-48.04050884926703]","[-7.725136756896973,-5.801118850708008,-7.6748480796813965,-35.05583953857422]","[-7.726848602294922,-5.756258010864258,-7.405135631561279,-34.42107391357422]"
3,2,pure_coverage,"[""coverage"",""coverage"",""coverage"",""coverage""]","[0.0,0.0,1.0,0.9993333220481873,0.0,0.0,0.0,0.0,1.0,1.0,0.0,0.0,0.0,0.0,0.0,0.0,0.0,0.0,0.0,0.0,0.0,0.0,0.0,0.0,0.0,0.0,0.0,0.0,0.0,0.0,0.0,0.0,0.0,0.0,0.0,0.0,0.0,0.0,0.0,0.0,0.0,0.0,0.0,0.0,0.0,0.0,0.0,0.0,0.0,0.0]","[8,6,8,6]","[-0.5662670731544495,-0.3316344916820526,-0.3854978084564209,-2.5695242881774902]",False,"[false,false,false,false]","[false,false,false,false]",pure_coverage,"[0.0,0.0,1.0,0.9990000128746033,0.0,0.0,0.0,0.0,1.0,1.0,0.0,0.0,0.0,0.0,0.0,0.0,0.0,0.0,0.0,0.0,0.0,0.0,0.0,0.0,0.0,0.0,0.0,0.0,0.0,0.0,0.0,0.0,0.0,0.0,0.0,0.0,0.0,0.0,0.0,0.0,0.0,0.0,0.0,0.0,0.0,0.0,0.0,0.0,0.0,0.0]","[-3.7950363159179688,-0.9695987701416016,-4.479129791259766,-10.264873504638672]","[-3.8022918701171875,-1.471761703491211,-4.241527557373047,-10.059276580810547]","[-6.147435867858644,-6.664549269575442,-9.165069656254817,-45.92146522553668]","[-7.422272205352783,-5.765832901000977,-7.490791320800781,-33.99198913574219]","[-7.424092769622803,-5.71813440322876,-7.204015731811523,-33.31707000732422]"
3,3,pure_coverage,"[""coverage"",""coverage"",""coverage"",""coverage""]","[0.0,0.0,1.0,0.9990000128746033,0.0,0.0,0.0,0.0,1.0,1.0,0.0,0.0,0.0,0.0,0.0,0.0,0.0,0.0,0.0,0.0,0.0,0.0,0.0,0.0,0.0,0.0,0.0,0.0,0.0,0.0,0.0,0.0,0.0,0.0,0.0,0.0,0.0,0.0,0.0,0.0,0.0,0.0,0.0,0.0,0.0,0.0,0.0,0.0,0.0,0.0]","[8,6,8,7]","[-0.5637089014053345,-0.31704509258270264,-0.3682142496109009,-2.5681803226470947]",False,"[false,false,false,false]","[false,false,false,false]",pure_coverage,"[0.0,0.0,1.0,0.9986666440963745,0.0,0.0,0.0,0.0,1.0,1.0,0.0,0.0,0.0,0.0,0.0,0.0,0.0,0.0,0.0,0.0,0.0,0.0,0.0,0.0,0.0,0.0,0.0,0.0,0.0,0.0,0.0,0.0,0.0,0.0,0.0,0.0,0.0,0.0,0.0,0.0,0.0,0.0,0.0,0.0,0.0,0.0,0.0,0.0,0.0,0.0]","[-3.8022918701171875,-1.471761703491211,-4.241527557373047,-10.059276580810547]","[-4.069723129272461,-1.9511661529541016,-4.274190902709961,-9.952543258666992]","[-5.637544237074945,-6.396883614033727,-8.868254391715551,-43.78983933066585]","[-7.089624404907227,-5.700527191162109,-7.331565856933594,-32.880950927734375]","[-7.091560363769531,-5.649811267852783,-7.026647567749023,-32.163330078125]"
3,4,pure_coverage,"[""coverage"",""coverage"",""coverage"",""coverage""]","[0.0,0.0,1.0,0.9986666440963745,0.0,0.0,0.0,0.0,1.0,1.0,0.0,0.0,0.0,0.0,0.0,0.0,0.0,0.0,0.0,0.0,0.0,0.0,0.0,0.0,0.0,0.0,0.0,0.0,0.0,0.0,0.0,0.0,0.0,0.0,0.0,0.0,0.0,0.0,0.0,0.0,0.0,0.0,0.0,0.0,0.0,0.0,0.0,0.0,0.0,0.0]","[8,6,8,6]","[-0.5755013823509216,-0.3182908892631531,-0.3310723602771759,-2.5008981227874756]",False,"[false,false,false,false]","[false,false,false,false]",pure_coverage,"[0.0,0.0,1.0,0.9983333349227905,0.0,0.0,0.0,0.0,1.0,1.0,0.0,0.0,0.0,0.0,0.0,0.0,0.0,0.0,0.0,0.0,0.0,0.0,0.0,0.0,0.0,0.0,0.0,0.0,0.0,0.0,0.0,0.0,0.0,0.0,0.0,0.0,0.0,0.0,0.0,0.0,0.0,0.0,0.0,0.0,0.0,0.0,0.0,0.0,0.0,0.0]","[-4.069723129272461,-1.9511661529541016,-4.274190902709961,-9.952543258666992]","[-4.879682540893555,-2.731046676635742,-4.430229187011719,-9.466556549072266]","[-5.125086197646071,-6.141251031768712,-8.58589913343904,-41.63803940203915]","[-6.724576473236084,-5.621371269226074,-7.178925037384033,-31.7066650390625]","[-6.726634502410889,-5.567446231842041,-6.8547163009643555,-30.943647384643555]"
3,5,pure_coverage,"[""coverage"",""coverage"",""coverage"",""coverage""]","[0.0,0.0,1.0,0.9983333349227905,0.0,0.0,0.0,0.0,1.0,1.0,0.0,0.0,0.0,0.0,0.0,0.0,0.0,0.0,0.0,0.0,0.0,0.0,0.0,0.0,0.0,0.0,0.0,0.0,0.0,0.0,0.0,0.0,0.0,0.0,0.0,0.0,0.0,0.0,0.0,0.0,0.0,0.0,0.0,0.0,0.0,0.0,0.0,0.0,0.0,0.0]","[8,6,8,6]","[-0.5870683789253235,-0.3063829243183136,-0.31304875016212463,-2.435502052307129]",False,"[false,false,false,false]","[false,false,false,false]",pure_coverage,"[0.0,0.0,1.0,0.9980000257492065,0.0,0.0,0.0,0.0,1.0,1.0,0.0,0.0,0.0,0.0,0.0,0.0,0.0,0.0,0.0,0.0,0.0,0.0,0.0,0.0,0.0,0.0,0.0,0.0,0.0,0.0,0.0,0.0,0.0,0.0,0.0,0.0,0.0,0.0,0.0,0.0,0.0,0.0,0.0,0.0,0.0,0.0,0.0,0.0,0.0,0.0]","[-4.879682540893555,-2.731046676635742,-4.430229187011719,-9.466556549072266]","[-5.620527267456055,-3.518939971923828,-4.560111999511719,-8.73388671875]","[-4.595540217469847,-5.881777921722787,-8.33820886177966,-39.532465938638055]","[-6.281265735626221,-5.49483585357666,-7.047906875610352,-30.555206298828125]","[-6.283453941345215,-5.437499523162842,-6.703187465667725,-29.74391746520996]"
3,6,pure_coverage,"[""coverage"",""coverage"",""coverage"",""coverage""]","[0.0,0.0,1.0,0.9980000257492065,0.0,0.0,0.0,0.0,1.0,1.0,0.0,0.0,0.0,0.0,0.0,0.0,0.0,0.0,0.0,0.0,0.0,0.0,0.0,0.0,0.0,0.0,0.0,0.0,0.0,0.0,0.0,0.0,0.0,0.0,0.0,0.0,0.0,0.0,0.0,0.0,0.0,0.0,0.0,0.0,0.0,0.0,0.0,0.0,0.0,0.0]","[8,6,8,8]","[-0.5835729241371155,-0.2958665192127228,-0.30956995487213135,-2.3422274589538574]",False,"[false,false,false,false]","[false,false,false,false]",pure_coverage,"[0.0,0.0,1.0,0.9976666569709778,0.0,0.0,0.0,0.0,1.0,1.0,0.0,0.0,0.0,0.0,0.0,0.0,0.0,0.0,0.0,0.0,0.0,0.0,0.0,0.0,0.0,0.0,0.0,0.0,0.0,0.0,0.0,0.0,0.0,0.0,0.0,0.0,0.0,0.0,0.0,0.0,0.0,0.0,0.0,0.0,0.0,0.0,0.0,0.0,0.0,0.0]","[-5.620527267456055,-3.518939971923828,-4.560111999511719,-8.73388671875]","[-5.976795196533203,-3.9210681915283203,-4.374584197998047,-9.353569030761719]","[-4.048961453075276,-5.631712118590377,-8.106222334967208,-37.471680693263565]","[-5.7586188316345215,-5.331489086151123,-6.920927047729492,-29.438997268676758]","[-5.7609453201293945,-5.270524978637695,-6.554399490356445,-28.57638168334961]"
3,7,pure_coverage,"[""coverage"",""coverage"",""coverage"",""coverage""]","[0.0,0.0,1.0,0.9976666569709778,0.0,0.0,0.0,0.0,1.0,1.0,0.0,0.0,0.0,0.0,0.0,0.0,0.0,0.0,0.0,0.0,0.0,0.0,0.0,0.0,0.0,0.0,0.0,0.0,0.0,0.0,0.0,0.0,0.0,0.0,0.0,0.0,0.0,0.0,0.0,0.0,0.0,0.0,0.0,0.0,0.0,0.0,0.0,0.0,0.0,0.0]","[8,6,6,8]","[-0.49381622672080994,-0.28141939640045166,-0.3007020354270935,-2.3472535610198975]",False,"[false,false,false,false]","[false,false,false,false]",pure_coverage,"[0.0,0.0,1.0,0.9973333477973938,0.0,0.0,0.0,0.0,1.0,1.0,0.0,0.0,0.0,0.0,0.0,0.0,0.0,0.0,0.0,0.0,0.0,0.0,0.0,0.0,0.0,0.0,0.0,0.0,0.0,0.0,0.0,0.0,0.0,0.0,0.0,0.0,0.0,0.0,0.0,0.0,0.0,0.0,0.0,0.0,0.0,0.0,0.0,0.0,0.0,0.0]","[-5.976795196533203,-3.9210681915283203,-4.374584197998047,-9.353569030761719]","[-5.510166168212891,-3.705900192260742,-4.127628326416016,-9.340587615966797]","[-3.5003924534728896,-5.389743029674398,-7.875406444540482,-35.48429619627243]","[-5.187872886657715,-5.147824764251709,-6.799378395080566,-28.31873321533203]","[-5.190346717834473,-5.083003997802734,-6.40966272354126,-27.40154457092285]"
3,8,pure_coverage,"[""coverage"",""coverage"",""coverage"",""coverage""]","[0.0,0.0,1.0,0.9973333477973938,0.0,0.0,0.0,0.0,1.0,1.0,0.0,0.0,0.0,0.0,0.0,0.0,0.0,0.0,0.0,0.0,0.0,0.0,0.0,0.0,0.0,0.0,0.0,0.0,0.0,0.0,0.0,0.0,0.0,0.0,0.0,0.0,0.0,0.0,0.0,0.0,0.0,0.0,0.0,0.0,0.0,0.0,0.0,0.0,0.0,0.0]","[8,6,8,7]","[-0.4041033983230591,-0.26431334018707275,-0.2945840358734131,-2.323831558227539]",False,"[false,false,false,false]","[false,false,false,false]",pure_coverage,"[0.0,0.0,1.0,0.996999979019165,0.0,0.0,0.0,0.0,1.0,1.0,0.0,0.0,0.0,0.0,0.0,0.0,0.0,0.0,0.0,0.0,0.0,0.0,0.0,0.0,0.0,0.0,0.0,0.0,0.0,0.0,0.0,0.0,0.0,0.0,0.0,0.0,0.0,0.0,0.0,0.0,0.0,0.0,0.0,0.0,0.0,0.0,0.0,0.0,0.0,0.0]","[-5.510166168212891,-3.705900192260742,-4.127628326416016,-9.340587615966797]","[-4.999475479125977,-3.6134204864501953,-3.928325653076172,-8.997451782226562]","[-3.0369456835879594,-5.159922861892875,-7.6512165748620085,-33.47176023762882]","[-4.701013088226318,-4.979227542877197,-6.692566871643066,-27.12293243408203]","[-4.703643798828125,-4.910305976867676,-6.278195858001709,-26.147720336914062]"
3,9,pure_coverage,"[""coverage"",""coverage"",""coverage"",""coverage""]","[0.0,0.0,1.0,0.996999979019165,0.0,0.0,0.0,0.0,1.0,1.0,0.0,0.0,0.0,0.0,0.0,0.0,0.0,0.0,0.0,0.0,0.0,0.0,0.0,0.0,0.0,0.0,0.0,0.0,0.0,0.0,0.0,0.0,0.0,0.0,0.0,0.0,0.0,0.0,0.0,0.0,0.0,0.0,0.0,0.0,0.0,0.0,0.0,0.0,0.0,0.0]","[6,6,6,7]","[-0.32711222767829895,-0.24609670042991638,-0.29187288880348206,-2.259920358657837]",False,"[false,false,false,false]","[false,false,false,false]",pure_coverage,"[0.0,0.0,1.0,0.996666669845581,0.0,0.0,0.0,0.0,1.0,1.0,0.0,0.0,0.0,0.0,0.0,0.0,0.0,0.0,0.0,0.0,0.0,0.0,0.0,0.0,0.0,0.0,0.0,0.0,0.0,0.0,0.0,0.0,0.0,0.0,0.0,0.0,0.0,0.0,0.0,0.0,0.0,0.0,0.0,0.0,0.0,0.0,0.0,0.0,0.0,0.0]","[-4.999475479125977,-3.6134204864501953,-3.928325653076172,-8.997451782226562]","[-4.889215469360352,-3.600038528442383,-3.9172134399414062,-8.895505905151367]","[-2.6594366517827277,-4.945060122935154,-7.430941958574339,-31.462554221617456]","[-4.3056206703186035,-4.823019504547119,-6.595992565155029,-25.894447326660156]","[-4.308417320251465,-4.749737739562988,-6.155406951904297,-24.8575382232666]"
3,10,pure_coverage,"[""coverage"",""coverage"",""coverage"",""coverage""]","[0.0,0.0,1.0,0.996666669845581,0.0,0.0,0.0,0.0,1.0,1.0,0.0,0.0,0.0,0.0,0.0,0.0,0.0,0.0,0.0,0.0,0.0,0.0,0.0,0.0,0.0,0.0,0.0,0.0,0.0,0.0,0.0,0.0,0.0,0.0,0.0,0.0,0.0,0.0,0.0,0.0,0.0,0.0,0.0,0.0,0.0,0.0,0.0,0.0,0.0,0.0]","[8,8,8,8]","[-0.2927200496196747,-0.22770552337169647,-0.2756195366382599,-2.1960508823394775]",False,"[false,false,false,false]","[false,false,false,false]",pure_coverage,"[0.0,0.0,1.0,0.9963333606719971,0.0,0.0,0.0,0.0,1.0,1.0,0.0,0.0,0.0,0.0,0.0,0.0,0.0,0.0,0.0,0.0,0.0,0.0,0.0,0.0,0.0,0.0,0.0,0.0,0.0,0.0,0.0,0.0,0.0,0.0,0.0,0.0,0.0,0.0,0.0,0.0,0.0,0.0,0.0,0.0,0.0,0.0,0.0,0.0,0.0,0.0]","[-4.889215469360352,-3.600038528442383,-3.9172134399414062,-8.895505905151367]","[-4.477228164672852,-3.4511985778808594,-3.665433883666992,-8.666231155395508]","[-2.3558832566711403,-4.746427699500241,-7.211180878556421,-29.497609962585475]","[-3.9728784561157227,-4.677002429962158,-6.4967756271362305,-24.661561965942383]","[-3.9758520126342773,-4.599084854125977,-6.028316497802734,-23.559053421020508]"
3,11,pure_coverage,"[""coverage"",""coverage"",""coverage"",""coverage""]","[0.0,0.0,1.0,0.9963333606719971,0.0,0.0,0.0,0.0,1.0,1.0,0.0,0.0,0.0,0.0,0.0,0.0,0.0,0.0,0.0,0.0,0.0,0.0,0.0,0.0,0.0,0.0,0.0,0.0,0.0,0.0,0.0,0.0,0.0,0.0,0.0,0.0,0.0,0.0,0.0,0.0,0.0,0.0,0.0,0.0,0.0,0.0,0.0,0.0,0.0,0.0]","[8,8,6,6]","[-0.2273227721452713,-0.21897141635417938,-0.27841541171073914,-2.096045732498169]",False,"[false,false,false,false]","[false,false,false,false]",pure_coverage,"[0.0,0.0,1.0,0.9959999918937683,0.0,0.0,0.0,0.0,1.0,1.0,0.0,0.0,0.0,0.0,0.0,0.0,0.0,0.0,0.0,0.0,0.0,0.0,0.0,0.0,0.0,0.0,0.0,0.0,0.0,0.0,0.0,0.0,0.0,0.0,0.0,0.0,0.0,0.0,0.0,0.0,0.0,0.0,0.0,0.0,0.0,0.0,0.0,0.0,0.0,0.0]","[-4.477228164672852,-3.4511985778808594,-3.665433883666992,-8.666231155395508]","[-3.5852584838867188,-2.8313331604003906,-3.158203125,-8.175365447998047]","[-2.084003239445925,-4.564365834473277,-7.005617517089052,-27.577332404288885]","[-3.677337169647217,-4.549136161804199,-6.421814918518066,-23.43065643310547]","[-3.6804990768432617,-4.466289043426514,-5.92371940612793,-22.258399963378906]"
3,12,pure_coverage,"[""coverage"",""coverage"",""coverage"",""coverage""]","[0.0,0.0,1.0,0.9959999918937683,0.0,0.0,0.0,0.0,1.0,1.0,0.0,0.0,0.0,0.0,0.0,0.0,0.0,0.0,0.0,0.0,0.0,0.0,0.0,0.0,0.0,0.0,0.0,0.0,0.0,0.0,0.0,0.0,0.0,0.0,0.0,0.0,0.0,0.0,0.0,0.0,0.0,0.0,0.0,0.0,0.0,0.0,0.0,0.0,0.0,0.0]","[6,3,8,6]","[-0.17275163531303406,-0.20440644025802612,-0.27584654092788696,-2.0409157276153564]",False,"[false,false,false,false]","[false,false,false,false]",pure_coverage,"[0.0,0.0,1.0,0.9956666827201843,0.0,0.0,0.0,0.0,1.0,1.0,0.0,0.0,0.0,0.0,0.0,0.0,0.0,0.0,0.0,0.0,0.0,0.0,0.0,0.0,0.0,0.0,0.0,0.0,0.0,0.0,0.0,0.0,0.0,0.0,0.0,0.0,0.0,0.0,0.0,0.0,0.0,0.0,0.0,0.0,0.0,0.0,0.0,0.0,0.0,0.0]","[-3.5852584838867188,-2.8313331604003906,-3.158203125,-8.175365447998047]","[-3.6897621154785156,-3.2910118103027344,-3.6864986419677734,-8.163455963134766]","[-1.8754348154552056,-4.389287291029391,-6.795153641796275,-25.73867340584921]","[-3.479578971862793,-4.455091953277588,-6.365835666656494,-22.254045486450195]","[-3.482940673828125,-4.367003440856934,-5.836228370666504,-21.007625579833984]"
3,13,pure_coverage,"[""coverage"",""coverage"",""coverage"",""coverage""]","[0.0,0.0,1.0,0.9956666827201843,0.0,0.0,0.0,0.0,1.0,1.0,0.0,0.0,0.0,0.0,0.0,0.0,0.0,0.0,0.0,0.0,0.0,0.0,0.0,0.0,0.0,0.0,0.0,0.0,0.0,0.0,0.0,0.0,0.0,0.0,0.0,0.0,0.0,0.0,0.0,0.0,0.0,0.0,0.0,0.0,0.0,0.0,0.0,0.0,0.0,0.0]","[3,3,6,8]","[-0.1628236621618271,-0.1939418762922287,-0.26342159509658813,-1.9515037536621094]",False,"[false,false,false,false]","[false,false,false,false]",pure_coverage,"[0.0,0.0,1.0,0.9953333139419556,0.0,0.0,0.0,0.0,1.0,1.0,0.0,0.0,0.0,0.0,0.0,0.0,0.0,0.0,0.0,0.0,0.0,0.0,0.0,0.0,0.0,0.0,0.0,0.0,0.0,0.0,0.0,0.0,0.0,0.0,0.0,0.0,0.0,0.0,0.0,0.0,0.0,0.0,0.0,0.0,0.0,0.0,0.0,0.0,0.0,0.0]","[-3.6897621154785156,-3.2910118103027344,-3.6864986419677734,-8.163455963134766]","[-3.7788524627685547,-3.455883026123047,-3.4967098236083984,-8.491384506225586]","[-1.7198820001436077,-4.22715237451653,-6.585158687745847,-23.937128967912983]","[-3.3218331336975098,-4.346390724182129,-6.281241416931152,-21.06224250793457]","[-3.3254075050354004,-4.2527289390563965,-5.718128681182861,-19.736968994140625]"
3,14,pure_coverage,"[""coverage"",""coverage"",""coverage"",""coverage""]","[0.0,0.0,1.0,0.9953333139419556,0.0,0.0,0.0,0.0,1.0,1.0,0.0,0.0,0.0,0.0,0.0,0.0,0.0,0.0,0.0,0.0,0.0,0.0,0.0,0.0,0.0,0.0,0.0,0.0,0.0,0.0,0.0,0.0,0.0,0.0,0.0,0.0,0.0,0.0,0.0,0.0,0.0,0.0,0.0,0.0,0.0,0.0,0.0,0.0,0.0,0.0]","[8,8,8,7]","[-0.13180303573608398,-0.18425455689430237,-0.2611726224422455,-1.845186710357666]",False,"[false,false,false,false]","[false,false,false,false]",pure_coverage,"[0.0,0.0,1.0,0.9950000047683716,0.0,0.0,0.0,0.0,1.0,1.0,0.0,0.0,0.0,0.0,0.0,0.0,0.0,0.0,0.0,0.0,0.0,0.0,0.0,0.0,0.0,0.0,0.0,0.0,0.0,0.0,0.0,0.0,0.0,0.0,0.0,0.0,0.0,0.0,0.0,0.0,0.0,0.0,0.0,0.0,0.0,0.0,0.0,0.0,0.0,0.0]","[-3.7788524627685547,-3.455883026123047,-3.4967098236083984,-8.491384506225586]","[-3.6952552795410156,-3.3583812713623047,-3.532430648803711,-8.07928466796875]","[-1.5727861999815966,-4.073949998206365,-6.385593022878039,-22.207702236617045]","[-3.1599745750427246,-4.2332611083984375,-6.2144951820373535,-19.872848510742188]","[-3.1637752056121826,-4.133674621582031,-5.615757465362549,-18.463733673095703]"
3,15,pure_coverage,"[""coverage"",""coverage"",""coverage"",""coverage""]","[0.0,0.0,1.0,0.9950000047683716,0.0,0.0,0.0,0.0,1.0,1.0,0.0,0.0,0.0,0.0,0.0,0.0,0.0,0.0,0.0,0.0,0.0,0.0,0.0,0.0,0.0,0.0,0.0,0.0,0.0,0.0,0.0,0.0,0.0,0.0,0.0,0.0,0.0,0.0,0.0,0.0,0.0,0.0,0.0,0.0,0.0,0.0,0.0,0.0,0.0,0.0]","[3,8,8,7]","[-0.10659781843423843,-0.1825277954339981,-0.25483763217926025,-1.7904977798461914]",False,"[false,false,false,false]","[false,false,false,false]",pure_coverage,"[0.0,0.0,1.0,0.9946666955947876,0.0,0.0,0.0,0.0,1.0,1.0,0.0,0.0,0.0,0.0,0.0,0.0,0.0,0.0,0.0,0.0,0.0,0.0,0.0,0.0,0.0,0.0,0.0,0.0,0.0,0.0,0.0,0.0,0.0,0.0,0.0,0.0,0.0,0.0,0.0,0.0,0.0,0.0,0.0,0.0,0.0,0.0,0.0,0.0,0.0,0.0]","[-3.6952552795410156,-3.3583812713623047,-3.532430648803711,-8.07928466796875]","[-3.665515899658203,-3.433046340942383,-3.746938705444336,-8.184087753295898]","[-1.455538549742942,-3.928985294254609,-6.186283232763428,-20.5681975012721]","[-3.025259256362915,-4.128407001495361,-6.144037246704102,-18.742942810058594]","[-3.0293004512786865,-4.022520065307617,-5.507421016693115,-17.244680404663086]"
3,16,pure_coverage,"[""coverage"",""coverage"",""coverage"",""coverage""]","[0.0,0.0,1.0,0.9946666955947876,0.0,0.0,0.0,0.0,1.0,1.0,0.0,0.0,0.0,0.0,0.0,0.0,0.0,0.0,0.0,0.0,0.0,0.0,0.0,0.0,0.0,0.0,0.0,0.0,0.0,0.0,0.0,0.0,0.0,0.0,0.0,0.0,0.0,0.0,0.0,0.0,0.0,0.0,0.0,0.0,0.0,0.0,0.0,0.0,0.0,0.0]","[2,6,6,8]","[-0.08614689856767654,-0.1909901201725006,-0.28346386551856995,-1.7034426927566528]",False,"[false,false,false,false]","[false,false,false,false]",pure_coverage,"[0.0,0.0,1.0,0.9943333268165588,0.0,0.0,0.0,0.0,1.0,1.0,0.0,0.0,0.0,0.0,0.0,0.0,0.0,0.0,0.0,0.0,0.0,0.0,0.0,0.0,0.0,0.0,0.0,0.0,0.0,0.0,0.0,0.0,0.0,0.0,0.0,0.0,0.0,0.0,0.0,0.0,0.0,0.0,0.0,0.0,0.0,0.0,0.0,0.0,0.0,0.0]","[-3.665515899658203,-3.433046340942383,-3.746938705444336,-8.184087753295898]","[-3.6772079467773438,-2.8130741119384766,-3.2111282348632812,-7.516767501831055]","[-1.3625663952613167,-3.7843005038592032,-5.99135919250926,-18.967373455985765]","[-2.910386562347412,-4.014825820922852,-6.064568519592285,-17.59418487548828]","[-2.9146831035614014,-3.9022397994995117,-5.38767671585083,-16.001136779785156]"
3,17,pure_coverage,"[""coverage"",""coverage"",""coverage"",""coverage""]","[0.0,0.0,1.0,0.9943333268165588,0.0,0.0,0.0,0.0,1.0,1.0,0.0,0.0,0.0,0.0,0.0,0.0,0.0,0.0,0.0,0.0,0.0,0.0,0.0,0.0,0.0,0.0,0.0,0.0,0.0,0.0,0.0,0.0,0.0,0.0,0.0,0.0,0.0,0.0,0.0,0.0,0.0,0.0,0.0,0.0,0.0,0.0,0.0,0.0,0.0,0.0]","[8,6,8,6]","[-0.07318909466266632,-0.1690027266740799,-0.2733843922615051,-1.614579677581787]",False,"[false,false,false,false]","[false,false,false,false]",pure_coverage,"[0.0,0.0,1.0,0.9940000176429749,0.0,0.0,0.0,0.0,1.0,1.0,0.0,0.0,0.0,0.0,0.0,0.0,0.0,0.0,0.0,0.0,0.0,0.0,0.0,0.0,0.0,0.0,0.0,0.0,0.0,0.0,0.0,0.0,0.0,0.0,0.0,0.0,0.0,0.0,0.0,0.0,0.0,0.0,0.0,0.0,0.0,0.0,0.0,0.0,0.0,0.0]","[-3.6772079467773438,-2.8130741119384766,-3.2111282348632812,-7.516767501831055]","[-3.474090576171875,-2.8802833557128906,-3.4245338439941406,-7.258146286010742]","[-1.2893126229228689,-3.6296064481683867,-5.765550835344132,-17.43831390225163]","[-2.809375762939453,-3.9176907539367676,-5.977834701538086,-16.500438690185547]","[-2.813944101333618,-3.7979822158813477,-5.258120059967041,-14.806607246398926]"
3,18,pure_coverage,"[""coverage"",""coverage"",""coverage"",""coverage""]","[0.0,0.0,1.0,0.9940000176429749,0.0,0.0,0.0,0.0,1.0,1.0,0.0,0.0,0.0,0.0,0.0,0.0,0.0,0.0,0.0,0.0,0.0,0.0,0.0,0.0,0.0,0.0,0.0,0.0,0.0,0.0,0.0,0.0,0.0,0.0,0.0,0.0,0.0,0.0,0.0,0.0,0.0,0.0,0.0,0.0,0.0,0.0,0.0,0.0,0.0,0.0]","[6,6,8,8]","[-0.06593017280101776,-0.16649658977985382,-0.27819347381591797,-1.508836269378662]",False,"[false,false,false,false]","[false,false,false,false]",pure_coverage,"[0.0,0.0,1.0,0.9936666488647461,0.0,0.0,0.0,0.0,1.0,1.0,0.0,0.0,0.0,0.0,0.0,0.0,0.0,0.0,0.0,0.0,0.0,0.0,0.0,0.0,0.0,0.0,0.0,0.0,0.0,0.0,0.0,0.0,0.0,0.0,0.0,0.0,0.0,0.0,0.0,0.0,0.0,0.0,0.0,0.0,0.0,0.0,0.0,0.0,0.0,0.0]","[-3.474090576171875,-2.8802833557128906,-3.4245338439941406,-7.258146286010742]","[-3.320493698120117,-3.2703609466552734,-3.632871627807617,-7.614398956298828]","[-1.2284076043032348,-3.495559314640714,-5.547642871800633,-15.983569923908929]","[-2.726442575454712,-3.834251880645752,-5.885098934173584,-15.445594787597656]","[-2.731300115585327,-3.70697021484375,-5.119852066040039,-13.644603729248047]"
3,19,pure_coverage,"[""coverage"",""coverage"",""coverage"",""coverage""]","[0.0,0.0,1.0,0.9936666488647461,0.0,0.0,0.0,0.0,1.0,1.0,0.0,0.0,0.0,0.0,0.0,0.0,0.0,0.0,0.0,0.0,0.0,0.0,0.0,0.0,0.0,0.0,0.0,0.0,0.0,0.0,0.0,0.0,0.0,0.0,0.0,0.0,0.0,0.0,0.0,0.0,0.0,0.0,0.0,0.0,0.0,0.0,0.0,0.0,0.0,0.0]","[8,8,6,8]","[-0.06256064027547836,-0.16552670300006866,-0.29833656549453735,-1.450830101966858]",False,"[false,false,false,false]","[false,false,false,false]",pure_coverage,"[0.0,0.0,1.0,0.9933333396911621,0.0,0.0,0.0,0.0,1.0,1.0,0.0,0.0,0.0,0.0,0.0,0.0,0.0,0.0,0.0,0.0,0.0,0.0,0.0,0.0,0.0,0.0,0.0,0.0,0.0,0.0,0.0,0.0,0.0,0.0,0.0,0.0,0.0,0.0,0.0,0.0,0.0,0.0,0.0,0.0,0.0,0.0,0.0,0.0,0.0,0.0]","[-3.320493698120117,-3.2703609466552734,-3.632871627807617,-7.614398956298828]","[-3.0071792602539062,-2.988006591796875,-3.2592239379882812,-6.555021286010742]","[-1.1742196277800172,-3.362689621071576,-5.322676159580521,-14.620943085384107]","[-2.654064655303955,-3.7276687622070312,-5.770418167114258,-14.41769790649414]","[-2.6592295169830322,-3.592334747314453,-4.956758975982666,-12.502768516540527]"
3,20,pure_coverage,"[""coverage"",""coverage"",""coverage"",""coverage""]","[0.0,0.0,1.0,0.9933333396911621,0.0,0.0,0.0,0.0,1.0,1.0,0.0,0.0,0.0,0.0,0.0,0.0,0.0,0.0,0.0,0.0,0.0,0.0,0.0,0.0,0.0,0.0,0.0,0.0,0.0,0.0,0.0,0.0,0.0,0.0,0.0,0.0,0.0,0.0,0.0,0.0,0.0,0.0,0.0,0.0,0.0,0.0,0.0,0.0,0.0,0.0]","[8,3,6,6]","[-0.059889983385801315,-0.16492220759391785,-0.3067167103290558,-1.342602252960205]",False,"[false,false,false,false]","[false,false,false,false]",pure_coverage,"[0.0,0.0,1.0,0.9929999709129333,0.0,0.0,0.0,0.0,1.0,1.0,0.0,0.0,0.0,0.0,0.0,0.0,0.0,0.0,0.0,0.0,0.0,0.0,0.0,0.0,0.0,0.0,0.0,0.0,0.0,0.0,0.0,0.0,0.0,0.0,0.0,0.0,0.0,0.0,0.0,0.0,0.0,0.0,0.0,0.0,0.0,0.0,0.0,0.0,0.0,0.0]","[-3.0071792602539062,-2.988006591796875,-3.2592239379882812,-6.555021286010742]","[-2.624502182006836,-2.6204299926757812,-3.0837249755859375,-6.31651496887207]","[-1.122887866166201,-3.2294574930015227,-5.075090499076751,-13.30314442769419]","[-2.5971808433532715,-3.630234718322754,-5.646730422973633,-13.442205429077148]","[-2.602672576904297,-3.4863390922546387,-4.781595706939697,-11.406129837036133]"
3,21,pure_coverage,"[""coverage"",""coverage"",""coverage"",""coverage""]","[0.0,0.0,1.0,0.9929999709129333,0.0,0.0,0.0,0.0,1.0,1.0,0.0,0.0,0.0,0.0,0.0,0.0,0.0,0.0,0.0,0.0,0.0,0.0,0.0,0.0,0.0,0.0,0.0,0.0,0.0,0.0,0.0,0.0,0.0,0.0,0.0,0.0,0.0,0.0,0.0,0.0,0.0,0.0,0.0,0.0,0.0,0.0,0.0,0.0,0.0,0.0]","[8,8,8,7]","[-0.05897660180926323,-0.16299593448638916,-0.31190186738967896,-1.2380173206329346]",False,"[false,false,false,false]","[false,false,false,false]",pure_coverage,"[0.0,0.0,1.0,0.9926666617393494,0.0,0.0,0.0,0.0,1.0,1.0,0.0,0.0,0.0,0.0,0.0,0.0,0.0,0.0,0.0,0.0,0.0,0.0,0.0,0.0,0.0,0.0,0.0,0.0,0.0,0.0,0.0,0.0,0.0,0.0,0.0,0.0,0.0,0.0,0.0,0.0,0.0,0.0,0.0,0.0,0.0,0.0,0.0,0.0,0.0,0.0]","[-2.624502182006836,-2.6204299926757812,-3.0837249755859375,-6.31651496887207]","[-2.471282958984375,-2.7850704193115234,-3.289224624633789,-6.283683776855469]","[-1.0737352351317169,-3.095490187280409,-4.816539180553227,-12.081355732054531]","[-2.559678792953491,-3.5466256141662598,-5.515544414520264,-12.53262710571289]","[-2.5655179023742676,-3.3936262130737305,-4.595677375793457,-10.367740631103516]"
3,22,pure_coverage,"[""coverage"",""coverage"",""coverage"",""coverage""]","[0.0,0.0,1.0,0.9926666617393494,0.0,0.0,0.0,0.0,1.0,1.0,0.0,0.0,0.0,0.0,0.0,0.0,0.0,0.0,0.0,0.0,0.0,0.0,0.0,0.0,0.0,0.0,0.0,0.0,0.0,0.0,0.0,0.0,0.0,0.0,0.0,0.0,0.0,0.0,0.0,0.0,0.0,0.0,0.0,0.0,0.0,0.0,0.0,0.0,0.0,0.0]","[8,8,8,6]","[-0.05246451869606972,-0.1628652662038803,-0.31879472732543945,-1.1619327068328857]",False,"[false,false,false,false]","[false,false,false,false]",pure_coverage,"[0.0,0.0,1.0,0.9923333525657654,0.0,0.0,0.0,0.0,1.0,1.0,0.0,0.0,0.0,0.0,0.0,0.0,0.0,0.0,0.0,0.0,0.0,0.0,0.0,0.0,0.0,0.0,0.0,0.0,0.0,0.0,0.0,0.0,0.0,0.0,0.0,0.0,0.0,0.0,0.0,0.0,0.0,0.0,0.0,0.0,0.0,0.0,0.0,0.0,0.0,0.0]","[-2.471282958984375,-2.7850704193115234,-3.289224624633789,-6.283683776855469]","[-2.4772167205810547,-2.79058837890625,-3.2346630096435547,-6.043285369873047]","[-1.025008720527731,-2.962115406862646,-4.5501387001652,-10.952867082244037]","[-2.528839588165283,-3.4511096477508545,-5.359729766845703,-11.678434371948242]","[-2.535048007965088,-3.28843092918396,-4.3816680908203125,-9.376587867736816]"
3,23,pure_coverage,"[""coverage"",""coverage"",""coverage"",""coverage""]","[0.0,0.0,1.0,0.9923333525657654,0.0,0.0,0.0,0.0,1.0,1.0,0.0,0.0,0.0,0.0,0.0,0.0,0.0,0.0,0.0,0.0,0.0,0.0,0.0,0.0,0.0,0.0,0.0,0.0,0.0,0.0,0.0,0.0,0.0,0.0,0.0,0.0,0.0,0.0,0.0,0.0,0.0,0.0,0.0,0.0,0.0,0.0,0.0,0.0,0.0,0.0]","[8,6,6,8]","[-0.04154913127422333,-0.1559325009584427,-0.3083833158016205,-1.088569164276123]",False,"[false,false,false,false]","[false,false,false,false]",pure_coverage,"[0.0,0.0,1.0,0.9919999837875366,0.0,0.0,0.0,0.0,1.0,1.0,0.0,0.0,0.0,0.0,0.0,0.0,0.0,0.0,0.0,0.0,0.0,0.0,0.0,0.0,0.0,0.0,0.0,0.0,0.0,0.0,0.0,0.0,0.0,0.0,0.0,0.0,0.0,0.0,0.0,0.0,0.0,0.0,0.0,0.0,0.0,0.0,0.0,0.0,0.0,0.0]","[-2.4772167205810547,-2.79058837890625,-3.2346630096435547,-6.043285369873047]","[-2.246950149536133,-2.430593490600586,-2.936929702758789,-5.876897811889648]","[-0.9823678806380418,-2.827525394604814,-4.2740848210502635,-9.889832702435505]","[-2.5026612281799316,-3.3493998050689697,-5.189599990844727,-10.863752365112305]","[-2.5092625617980957,-3.176429271697998,-4.149662494659424,-8.416280746459961]"
3,24,pure_coverage,"[""coverage"",""coverage"",""coverage"",""coverage""]","[0.0,0.0,1.0,0.9919999837875366,0.0,0.0,0.0,0.0,1.0,1.0,0.0,0.0,0.0,0.0,0.0,0.0,0.0,0.0,0.0,0.0,0.0,0.0,0.0,0.0,0.0,0.0,0.0,0.0,0.0,0.0,0.0,0.0,0.0,0.0,0.0,0.0,0.0,0.0,0.0,0.0,0.0,0.0,0.0,0.0,0.0,0.0,0.0,0.0,0.0,0.0]","[8,6,6,8]","[-0.057666730135679245,-0.14744435250759125,-0.3123627305030823,-0.9630253314971924]",False,"[false,false,false,false]","[false,false,false,false]",pure_coverage,"[0.0,0.0,1.0,0.9916666746139526,0.0,0.0,0.0,0.0,1.0,1.0,0.0,0.0,0.0,0.0,0.0,0.0,0.0,0.0,0.0,0.0,0.0,0.0,0.0,0.0,0.0,0.0,0.0,0.0,0.0,0.0,0.0,0.0,0.0,0.0,0.0,0.0,0.0,0.0,0.0,0.0,0.0,0.0,0.0,0.0,0.0,0.0,0.0,0.0,0.0,0.0]","[-2.246950149536133,-2.430593490600586,-2.936929702758789,-5.876897811889648]","[-2.049488067626953,-2.217374801635742,-2.727954864501953,-5.070308685302734]","[-0.9503219690543621,-2.69857868045088,-4.005759096210751,-8.890165190059982]","[-2.498551845550537,-3.267573356628418,-5.03544807434082,-10.084291458129883]","[-2.505570650100708,-3.083660125732422,-3.9297196865081787,-7.481983184814453]"
3,25,pure_coverage,"[""coverage"",""coverage"",""coverage"",""coverage""]","[0.0,0.0,1.0,0.9916666746139526,0.0,0.0,0.0,0.0,1.0,1.0,0.0,0.0,0.0,0.0,0.0,0.0,0.0,0.0,0.0,0.0,0.0,0.0,0.0,0.0,0.0,0.0,0.0,0.0,0.0,0.0,0.0,0.0,0.0,0.0,0.0,0.0,0.0,0.0,0.0,0.0,0.0,0.0,0.0,0.0,0.0,0.0,0.0,0.0,0.0,0.0]","[2,3,8,6]","[-0.046046871691942215,-0.13702347874641418,-0.29170218110084534,-0.9000563621520996]",False,"[false,false,false,false]","[false,false,false,false]",pure_coverage,"[0.0,0.0,1.0,0.9913333058357239,0.0,0.0,0.0,0.0,1.0,1.0,0.0,0.0,0.0,0.0,0.0,0.0,0.0,0.0,0.0,0.0,0.0,0.0,0.0,0.0,0.0,0.0,0.0,0.0,0.0,0.0,0.0,0.0,0.0,0.0,0.0,0.0,0.0,0.0,0.0,0.0,0.0,0.0,0.0,0.0,0.0,0.0,0.0,0.0,0.0,0.0]","[-2.049488067626953,-2.217374801635742,-2.727954864501953,-5.070308685302734]","[-2.3766517639160156,-2.490589141845703,-3.1889896392822266,-5.253364562988281]","[-0.9016719585037201,-2.5769033615588777,-3.730703399704716,-8.007211978346252]","[-2.4874379634857178,-3.200817584991455,-4.8783111572265625,-9.43145751953125]","[-2.494900941848755,-3.0052690505981445,-3.702629804611206,-6.664516448974609]"
3,26,pure_coverage,"[""coverage"",""coverage"",""coverage"",""coverage""]","[0.0,0.0,1.0,0.9913333058357239,0.0,0.0,0.0,0.0,1.0,1.0,0.0,0.0,0.0,0.0,0.0,0.0,0.0,0.0,0.0,0.0,0.0,0.0,0.0,0.0,0.0,0.0,0.0,0.0,0.0,0.0,0.0,0.0,0.0,0.0,0.0,0.0,0.0,0.0,0.0,0.0,0.0,0.0,0.0,0.0,0.0,0.0,0.0,0.0,0.0,0.0]","[8,8,8,8]","[-0.04498831927776337,-0.13026376068592072,-0.2830309271812439,-0.8247339129447937]",False,"[false,false,false,false]","[false,false,false,false]",pure_coverage,"[0.0,0.0,1.0,0.9909999966621399,0.0,0.0,0.0,0.0,1.0,1.0,0.0,0.0,0.0,0.0,0.0,0.0,0.0,0.0,0.0,0.0,0.0,0.0,0.0,0.0,0.0,0.0,0.0,0.0,0.0,0.0,0.0,0.0,0.0,0.0,0.0,0.0,0.0,0.0,0.0,0.0,0.0,0.0,0.0,0.0,0.0,0.0,0.0,0.0,0.0,0.0]","[-2.3766517639160156,-2.490589141845703,-3.1889896392822266,-5.253364562988281]","[-2.4582862854003906,-2.8165206909179688,-3.2079238891601562,-5.078704833984375]","[-0.8642677644563412,-2.4645251341540035,-3.4737386046503747,-7.17894506686278]","[-2.470756769180298,-3.1265392303466797,-4.708935737609863,-8.79464054107666]","[-2.478691816329956,-2.918619394302368,-3.4588756561279297,-5.852651596069336]"
3,27,pure_coverage,"[""coverage"",""coverage"",""coverage"",""coverage""]","[0.0,0.0,1.0,0.9909999966621399,0.0,0.0,0.0,0.0,1.0,1.0,0.0,0.0,0.0,0.0,0.0,0.0,0.0,0.0,0.0,0.0,0.0,0.0,0.0,0.0,0.0,0.0,0.0,0.0,0.0,0.0,0.0,0.0,0.0,0.0,0.0,0.0,0.0,0.0,0.0,0.0,0.0,0.0,0.0,0.0,0.0,0.0,0.0,0.0,0.0,0.0]","[3,8,6,6]","[-0.039318475872278214,-0.12456995993852615,-0.2733844518661499,-0.7624695301055908]",False,"[false,false,false,false]","[false,false,false,false]",pure_coverage,"[0.0,0.0,1.0,0.9906666874885559,0.0,0.0,0.0,0.0,1.0,1.0,0.0,0.0,0.0,0.0,0.0,0.0,0.0,0.0,0.0,0.0,0.0,0.0,0.0,0.0,0.0,0.0,0.0,0.0,0.0,0.0,0.0,0.0,0.0,0.0,0.0,0.0,0.0,0.0,0.0,0.0,0.0,0.0,0.0,0.0,0.0,0.0,0.0,0.0,0.0,0.0]","[-2.4582862854003906,-2.8165206909179688,-3.2079238891601562,-5.078704833984375]","[-2.1469879150390625,-2.555755615234375,-2.8044605255126953,-4.866710662841797]","[-0.8275549951298766,-2.3578397711798815,-3.222937047948617,-6.418395104967663]","[-2.4498491287231445,-3.0375943183898926,-4.537067890167236,-8.206816673278809]","[-2.4498491287231445,-3.0375943183898926,-4.537067890167236,-8.206816673278809]"
3,28,pure_coverage,"[""coverage"",""coverage"",""coverage"",""coverage""]","[0.0,0.0,1.0,0.9906666874885559,0.0,0.0,0.0,0.0,1.0,1.0,0.0,0.0,0.0,0.0,0.0,0.0,0.0,0.0,0.0,0.0,0.0,0.0,0.0,0.0,0.0,0.0,0.0,0.0,0.0,0.0,0.0,0.0,0.0,0.0,0.0,0.0,0.0,0.0,0.0,0.0,0.0,0.0,0.0,0.0,0.0,0.0,0.0,0.0,0.0,0.0]","[8,6,6,6]","[-0.0340016670525074,-0.11035285145044327,-0.26320680975914,-0.6653081774711609]",False,"[false,false,false,false]","[false,false,false,false]",pure_coverage,"[0.0,0.0,1.0,0.9903333187103271,0.0,0.0,0.0,0.0,1.0,1.0,0.0,0.0,0.0,0.0,0.0,0.0,0.0,0.0,0.0,0.0,0.0,0.0,0.0,0.0,0.0,0.0,0.0,0.0,0.0,0.0,0.0,0.0,0.0,0.0,0.0,0.0,0.0,0.0,0.0,0.0,0.0,0.0,0.0,0.0,0.0,0.0,0.0,0.0,0.0,0.0]","[-2.1469879150390625,-2.555755615234375,-2.8044605255126953,-4.866710662841797]","[-2.3397979736328125,-2.304798126220703,-2.7701473236083984,-4.833774566650391]","[-0.7961985043006045,-2.2558280921629854,-2.9793460566489567,-5.713056136224315]","[-2.4500315189361572,-2.962800979614258,-4.385818958282471,-7.659165382385254]","[-2.4500315189361572,-2.962800979614258,-4.385818958282471,-7.659165382385254]"
3,29,pure_coverage,"[""coverage"",""coverage"",""coverage"",""coverage""]","[0.0,0.0,1.0,0.9903333187103271,0.0,0.0,0.0,0.0,1.0,1.0,0.0,0.0,0.0,0.0,0.0,0.0,0.0,0.0,0.0,0.0,0.0,0.0,0.0,0.0,0.0,0.0,0.0,0.0,0.0,0.0,0.0,0.0,0.0,0.0,0.0,0.0,0.0,0.0,0.0,0.0,0.0,0.0,0.0,0.0,0.0,0.0,0.0,0.0,0.0,0.0]","[2,8,8,8]","[-0.021441249176859856,-0.0978502556681633,-0.24673186242580414,-0.6187134981155396]",False,"[false,false,false,false]","[false,false,false,false]",pure_coverage,"[0.0,0.0,1.0,0.9900000095367432,0.0,0.0,0.0,0.0,1.0,1.0,0.0,0.0,0.0,0.0,0.0,0.0,0.0,0.0,0.0,0.0,0.0,0.0,0.0,0.0,0.0,0.0,0.0,0.0,0.0,0.0,0.0,0.0,0.0,0.0,0.0,0.0,0.0,0.0,0.0,0.0,0.0,0.0,0.0,0.0,0.0,0.0,0.0,0.0,0.0,0.0]","[-2.3397979736328125,-2.304798126220703,-2.7701473236083984,-4.833774566650391]","[-2.6702747344970703,-2.6182899475097656,-3.316648483276367,-5.018571853637695]","[-0.7698957952000981,-2.1671467077904465,-2.743574996858401,-5.098735311871873]","[-2.4457309246063232,-2.9116010665893555,-4.237628936767578,-7.181909084320068]","[-2.4457309246063232,-2.9116010665893555,-4.237628936767578,-7.181909084320068]"
3,30,pure_coverage,"[""coverage"",""coverage"",""coverage"",""coverage""]","[0.0,0.0,1.0,0.9900000095367432,0.0,0.0,0.0,0.0,1.0,1.0,0.0,0.0,0.0,0.0,0.0,0.0,0.0,0.0,0.0,0.0,0.0,0.0,0.0,0.0,0.0,0.0,0.0,0.0,0.0,0.0,0.0,0.0,0.0,0.0,0.0,0.0,0.0,0.0,0.0,0.0,0.0,0.0,0.0,0.0,0.0,0.0,0.0,0.0,0.0,0.0]","[3,8,8,6]","[-0.024820249527692795,-0.09222086519002914,-0.22409836947917938,-0.5445060133934021]",False,"[false,false,false,false]","[false,false,false,false]",pure_coverage,"[0.0,0.0,1.0,0.9896666407585144,0.0,0.0,0.0,0.0,1.0,1.0,0.0,0.0,0.0,0.0,0.0,0.0,0.0,0.0,0.0,0.0,0.0,0.0,0.0,0.0,0.0,0.0,0.0,0.0,0.0,0.0,0.0,0.0,0.0,0.0,0.0,0.0,0.0,0.0,0.0,0.0,0.0,0.0,0.0,0.0,0.0,0.0,0.0,0.0,0.0,0.0]","[-2.6702747344970703,-2.6182899475097656,-3.316648483276367,-5.018571853637695]","[-2.677886962890625,-2.5506649017333984,-3.239910125732422,-4.713985443115234]","[-0.7560146929527659,-2.090198436487155,-2.522063772154138,-4.525274559349832]","[-2.437119722366333,-2.8539557456970215,-4.068817138671875,-6.714275360107422]","[-2.437119722366333,-2.8539557456970215,-4.068817138671875,-6.714275360107422]"
3,31,pure_coverage,"[""coverage"",""coverage"",""coverage"",""coverage""]","[0.0,0.0,1.0,0.9896666407585144,0.0,0.0,0.0,0.0,1.0,1.0,0.0,0.0,0.0,0.0,0.0,0.0,0.0,0.0,0.0,0.0,0.0,0.0,0.0,0.0,0.0,0.0,0.0,0.0,0.0,0.0,0.0,0.0,0.0,0.0,0.0,0.0,0.0,0.0,0.0,0.0,0.0,0.0,0.0,0.0,0.0,0.0,0.0,0.0,0.0,0.0]","[6,3,3,8]","[-0.017988296225667,-0.0830908715724945,-0.21122924983501434,-0.4867084324359894]",False,"[false,false,false,false]","[false,false,false,false]",pure_coverage,"[0.0,0.0,1.0,0.9893333315849304,0.0,0.0,0.0,0.0,1.0,1.0,0.0,0.0,0.0,0.0,0.0,0.0,0.0,0.0,0.0,0.0,0.0,0.0,0.0,0.0,0.0,0.0,0.0,0.0,0.0,0.0,0.0,0.0,0.0,0.0,0.0,0.0,0.0,0.0,0.0,0.0,0.0,0.0,0.0,0.0,0.0,0.0,0.0,0.0,0.0,0.0]","[-2.677886962890625,-2.5506649017333984,-3.239910125732422,-4.713985443115234]","[-2.169971466064453,-2.2094039916992188,-2.809864044189453,-4.520837783813477]","[-0.7385802458839122,-2.0181591629263895,-2.3211771744191503,-4.020978329248919]","[-2.4239702224731445,-2.802208423614502,-3.9174306392669678,-6.311990261077881]","[-2.4239702224731445,-2.802208423614502,-3.9174306392669678,-6.311990261077881]"
3,32,pure_coverage,"[""coverage"",""coverage"",""coverage"",""coverage""]","[0.0,0.0,1.0,0.9893333315849304,0.0,0.0,0.0,0.0,1.0,1.0,0.0,0.0,0.0,0.0,0.0,0.0,0.0,0.0,0.0,0.0,0.0,0.0,0.0,0.0,0.0,0.0,0.0,0.0,0.0,0.0,0.0,0.0,0.0,0.0,0.0,0.0,0.0,0.0,0.0,0.0,0.0,0.0,0.0,0.0,0.0,0.0,0.0,0.0,0.0,0.0]","[3,3,8,6]","[-0.01577124372124672,-0.06946094334125519,-0.18390308320522308,-0.43883875012397766]",False,"[false,false,false,false]","[false,false,false,false]",pure_coverage,"[0.0,0.0,1.0,0.9890000224113464,0.0,0.0,0.0,0.0,1.0,1.0,0.0,0.0,0.0,0.0,0.0,0.0,0.0,0.0,0.0,0.0,0.0,0.0,0.0,0.0,0.0,0.0,0.0,0.0,0.0,0.0,0.0,0.0,0.0,0.0,0.0,0.0,0.0,0.0,0.0,0.0,0.0,0.0,0.0,0.0,0.0,0.0,0.0,0.0,0.0,0.0]","[-2.169971466064453,-2.2094039916992188,-2.809864044189453,-4.520837783813477]","[-2.179262161254883,-2.410215377807617,-3.1767749786376953,-4.336477279663086]","[-0.7278706562204498,-1.9546144357110053,-2.1312605298829657,-3.569969592740333]","[-2.4439854621887207,-2.7748560905456543,-3.792783498764038,-5.955874919891357]","[-2.4439854621887207,-2.7748560905456543,-3.792783498764038,-5.955874919891357]"
3,33,pure_coverage,"[""coverage"",""coverage"",""coverage"",""coverage""]","[0.0,0.0,1.0,0.9890000224113464,0.0,0.0,0.0,0.0,1.0,1.0,0.0,0.0,0.0,0.0,0.0,0.0,0.0,0.0,0.0,0.0,0.0,0.0,0.0,0.0,0.0,0.0,0.0,0.0,0.0,0.0,0.0,0.0,0.0,0.0,0.0,0.0,0.0,0.0,0.0,0.0,0.0,0.0,0.0,0.0,0.0,0.0,0.0,0.0,0.0,0.0]","[8,6,3,6]","[-0.016539985314011574,-0.06092796102166176,-0.16890908777713776,-0.38720938563346863]",False,"[false,false,false,false]","[false,false,false,false]",pure_coverage,"[0.0,0.0,1.0,0.9886666536331177,0.0,0.0,0.0,0.0,1.0,1.0,0.0,0.0,0.0,0.0,0.0,0.0,0.0,0.0,0.0,0.0,0.0,0.0,0.0,0.0,0.0,0.0,0.0,0.0,0.0,0.0,0.0,0.0,0.0,0.0,0.0,0.0,0.0,0.0,0.0,0.0,0.0,0.0,0.0,0.0,0.0,0.0,0.0,0.0,0.0,0.0]","[-2.179262161254883,-2.410215377807617,-3.1767749786376953,-4.336477279663086]","[-2.302267074584961,-2.3042049407958984,-2.880535125732422,-4.102901458740234]","[-0.7192923358577809,-1.9041954468381315,-1.9670277239169116,-3.162758426885208]","[-2.467135429382324,-2.7496964931488037,-3.669994592666626,-5.63783073425293]","[-2.467135429382324,-2.7496964931488037,-3.669994592666626,-5.63783073425293]"
3,34,pure_coverage,"[""coverage"",""coverage"",""coverage"",""coverage""]","[0.0,0.0,1.0,0.9886666536331177,0.0,0.0,0.0,0.0,1.0,1.0,0.0,0.0,0.0,0.0,0.0,0.0,0.0,0.0,0.0,0.0,0.0,0.0,0.0,0.0,0.0,0.0,0.0,0.0,0.0,0.0,0.0,0.0,0.0,0.0,0.0,0.0,0.0,0.0,0.0,0.0,0.0,0.0,0.0,0.0,0.0,0.0,0.0,0.0,0.0,0.0]","[8,8,3,8]","[-0.014116905629634857,-0.04666289687156677,-0.1537638157606125,-0.3286137580871582]",False,"[false,false,false,false]","[false,false,false,false]",pure_coverage,"[0.0,0.0,1.0,0.9883333444595337,0.0,0.0,0.0,0.0,1.0,1.0,0.0,0.0,0.0,0.0,0.0,0.0,0.0,0.0,0.0,0.0,0.0,0.0,0.0,0.0,0.0,0.0,0.0,0.0,0.0,0.0,0.0,0.0,0.0,0.0,0.0,0.0,0.0,0.0,0.0,0.0,0.0,0.0,0.0,0.0,0.0,0.0,0.0,0.0,0.0,0.0]","[-2.302267074584961,-2.3042049407958984,-2.880535125732422,-4.102901458740234]","[-2.172975540161133,-2.385671615600586,-2.7798099517822266,-4.314188003540039]","[-0.7098508591351205,-1.8618863493095654,-1.8162814506462361,-2.803584890153272]","[-2.4844584465026855,-2.7375974655151367,-3.570971727371216,-5.366855621337891]","[-2.4844584465026855,-2.7375974655151367,-3.570971727371216,-5.366855621337891]"
3,35,pure_coverage,"[""coverage"",""coverage"",""coverage"",""coverage""]","[0.0,0.0,1.0,0.9883333444595337,0.0,0.0,0.0,0.0,1.0,1.0,0.0,0.0,0.0,0.0,0.0,0.0,0.0,0.0,0.0,0.0,0.0,0.0,0.0,0.0,0.0,0.0,0.0,0.0,0.0,0.0,0.0,0.0,0.0,0.0,0.0,0.0,0.0,0.0,0.0,0.0,0.0,0.0,0.0,0.0,0.0,0.0,0.0,0.0,0.0,0.0]","[3,8,8,3]","[-0.015903595834970474,-0.04144484922289848,-0.151340514421463,-0.27877283096313477]",False,"[false,false,false,false]","[false,false,false,false]",pure_coverage,"[0.0,0.0,1.0,0.9879999756813049,0.0,0.0,0.0,0.0,1.0,1.0,0.0,0.0,0.0,0.0,0.0,0.0,0.0,0.0,0.0,0.0,0.0,0.0,0.0,0.0,0.0,0.0,0.0,0.0,0.0,0.0,0.0,0.0,0.0,0.0,0.0,0.0,0.0,0.0,0.0,0.0,0.0,0.0,0.0,0.0,0.0,0.0,0.0,0.0,0.0,0.0]","[-2.172975540161133,-2.385671615600586,-2.7798099517822266,-4.314188003540039]","[-1.6509666442871094,-2.2227039337158203,-3.0677528381347656,-3.893636703491211]","[-0.7027615691974602,-1.8335590428666653,-1.6793107423087108,-2.499970840470822]","[-2.512258529663086,-2.7356128692626953,-3.487089157104492,-5.12992000579834]","[-2.512258529663086,-2.7356128692626953,-3.487089157104492,-5.12992000579834]"
3,36,pure_coverage,"[""coverage"",""coverage"",""coverage"",""coverage""]","[0.0,0.0,1.0,0.9879999756813049,0.0,0.0,0.0,0.0,1.0,1.0,0.0,0.0,0.0,0.0,0.0,0.0,0.0,0.0,0.0,0.0,0.0,0.0,0.0,0.0,0.0,0.0,0.0,0.0,0.0,0.0,0.0,0.0,0.0,0.0,0.0,0.0,0.0,0.0,0.0,0.0,0.0,0.0,0.0,0.0,0.0,0.0,0.0,0.0,0.0,0.0]","[2,8,8,8]","[-0.02017439901828766,-0.034471407532691956,-0.1351330429315567,-0.247337207198143]",False,"[false,false,false,false]","[false,false,false,false]",pure_coverage,"[0.0,0.0,1.0,0.987666666507721,0.0,0.0,0.0,0.0,1.0,1.0,0.0,0.0,0.0,0.0,0.0,0.0,0.0,0.0,0.0,0.0,0.0,0.0,0.0,0.0,0.0,0.0,0.0,0.0,0.0,0.0,0.0,0.0,0.0,0.0,0.0,0.0,0.0,0.0,0.0,0.0,0.0,0.0,0.0,0.0,0.0,0.0,0.0,0.0,0.0,0.0]","[-1.6509666442871094,-2.2227039337158203,-3.0677528381347656,-3.893636703491211]","[-2.5839805603027344,-2.3577041625976562,-3.284015655517578,-4.382062911987305]","[-0.6937959326893837,-1.810216357215926,-1.5434042705931796,-2.243634353038068]","[-2.567391872406006,-2.7476282119750977,-3.385321617126465,-4.953122615814209]","[-2.567391872406006,-2.7476282119750977,-3.385321617126465,-4.953122615814209]"
3,37,pure_coverage,"[""coverage"",""coverage"",""coverage"",""coverage""]","[0.0,0.0,1.0,0.987666666507721,0.0,0.0,0.0,0.0,1.0,1.0,0.0,0.0,0.0,0.0,0.0,0.0,0.0,0.0,0.0,0.0,0.0,0.0,0.0,0.0,0.0,0.0,0.0,0.0,0.0,0.0,0.0,0.0,0.0,0.0,0.0,0.0,0.0,0.0,0.0,0.0,0.0,0.0,0.0,0.0,0.0,0.0,0.0,0.0,0.0,0.0]","[8,8,3,3]","[-0.022548755630850792,-0.03055567666888237,-0.12464272975921631,-0.2130291759967804]",False,"[false,false,false,false]","[false,false,false,false]",pure_coverage,"[0.0,0.0,1.0,0.987333357334137,0.0,0.0,0.0,0.0,1.0,1.0,0.0,0.0,0.0,0.0,0.0,0.0,0.0,0.0,0.0,0.0,0.0,0.0,0.0,0.0,0.0,0.0,0.0,0.0,0.0,0.0,0.0,0.0,0.0,0.0,0.0,0.0,0.0,0.0,0.0,0.0,0.0,0.0,0.0,0.0,0.0,0.0,0.0,0.0,0.0,0.0]","[-2.5839805603027344,-2.3577041625976562,-3.284015655517578,-4.382062911987305]","[-2.5069198608398438,-2.1725025177001953,-2.9292774200439453,-3.977764129638672]","[-0.6804257915869657,-1.7936817673568022,-1.4224961895571948,-2.0164617634746715]","[-2.5723659992218018,-2.7607126235961914,-3.282966136932373,-4.772857666015625]","[-2.5723659992218018,-2.7607126235961914,-3.282966136932373,-4.772857666015625]"
3,38,pure_coverage,"[""coverage"",""coverage"",""coverage"",""coverage""]","[0.0,0.0,1.0,0.987333357334137,0.0,0.0,0.0,0.0,1.0,1.0,0.0,0.0,0.0,0.0,0.0,0.0,0.0,0.0,0.0,0.0,0.0,0.0,0.0,0.0,0.0,0.0,0.0,0.0,0.0,0.0,0.0,0.0,0.0,0.0,0.0,0.0,0.0,0.0,0.0,0.0,0.0,0.0,0.0,0.0,0.0,0.0,0.0,0.0,0.0,0.0]","[2,8,2,3]","[-0.02134065516293049,-0.03321615606546402,-0.1172037348151207,-0.18805010616779327]",False,"[false,false,false,false]","[false,false,false,false]",pure_coverage,"[0.0,0.0,1.0,0.9869999885559082,0.0,0.0,0.0,0.0,1.0,1.0,0.0,0.0,0.0,0.0,0.0,0.0,0.0,0.0,0.0,0.0,0.0,0.0,0.0,0.0,0.0,0.0,0.0,0.0,0.0,0.0,0.0,0.0,0.0,0.0,0.0,0.0,0.0,0.0,0.0,0.0,0.0,0.0,0.0,0.0,0.0,0.0,0.0,0.0,0.0,0.0]","[-2.5069198608398438,-2.1725025177001953,-2.9292774200439453,-3.977764129638672]","[-3.070425033569336,-2.212697982788086,-3.610292434692383,-3.913351058959961]","[-0.6645222585415302,-1.780935445139313,-1.3109630907050287,-1.821649078260496]","[-2.57918643951416,-2.7885358333587646,-3.2039601802825928,-4.638946533203125]","[-2.57918643951416,-2.7885358333587646,-3.2039601802825928,-4.638946533203125]"
3,39,pure_coverage,"[""coverage"",""coverage"",""coverage"",""coverage""]","[0.0,0.0,1.0,0.9869999885559082,0.0,0.0,0.0,0.0,1.0,1.0,0.0,0.0,0.0,0.0,0.0,0.0,0.0,0.0,0.0,0.0,0.0,0.0,0.0,0.0,0.0,0.0,0.0,0.0,0.0,0.0,0.0,0.0,0.0,0.0,0.0,0.0,0.0,0.0,0.0,0.0,0.0,0.0,0.0,0.0,0.0,0.0,0.0,0.0,0.0,0.0]","[8,2,8,8]","[-0.018676673993468285,-0.03909572586417198,-0.09741995483636856,-0.16787447035312653]",False,"[false,false,false,false]","[false,false,false,false]",pure_coverage,"[0.0,0.0,1.0,0.9866666793823242,0.0,0.0,0.0,0.0,1.0,1.0,0.0,0.0,0.0,0.0,0.0,0.0,0.0,0.0,0.0,0.0,0.0,0.0,0.0,0.0,0.0,0.0,0.0,0.0,0.0,0.0,0.0,0.0,0.0,0.0,0.0,0.0,0.0,0.0,0.0,0.0,0.0,0.0,0.0,0.0,0.0,0.0,0.0,0.0,0.0,0.0]","[-3.070425033569336,-2.212697982788086,-3.610292434692383,-3.913351058959961]","[-3.095836639404297,-2.105142593383789,-3.574077606201172,-4.388187408447266]","[-0.6496783872511108,-1.765373019266514,-1.2058175312019273,-1.6500999718108107]","[-2.5580646991729736,-2.8131747245788574,-3.092021942138672,-4.52651309967041]","[-2.5580646991729736,-2.8131747245788574,-3.092021942138672,-4.52651309967041]"
3,40,pure_coverage,"[""coverage"",""coverage"",""coverage"",""coverage""]","[0.0,0.0,1.0,0.9866666793823242,0.0,0.0,0.0,0.0,1.0,1.0,0.0,0.0,0.0,0.0,0.0,0.0,0.0,0.0,0.0,0.0,0.0,0.0,0.0,0.0,0.0,0.0,0.0,0.0,0.0,0.0,0.0,0.0,0.0,0.0,0.0,0.0,0.0,0.0,0.0,0.0,0.0,0.0,0.0,0.0,0.0,0.0,0.0,0.0,0.0,0.0]","[8,2,3,8]","[-0.030578704550862312,-0.04738391563296318,-0.1182674765586853,-0.14781807363033295]",False,"[false,false,false,false]","[false,false,false,false]",pure_coverage,"[0.0,0.0,1.0,0.9863333106040955,0.0,0.0,0.0,0.0,1.0,1.0,0.0,0.0,0.0,0.0,0.0,0.0,0.0,0.0,0.0,0.0,0.0,0.0,0.0,0.0,0.0,0.0,0.0,0.0,0.0,0.0,0.0,0.0,0.0,0.0,0.0,0.0,0.0,0.0,0.0,0.0,0.0,0.0,0.0,0.0,0.0,0.0,0.0,0.0,0.0,0.0]","[-3.095836639404297,-2.105142593383789,-3.574077606201172,-4.388187408447266]","[-3.0036697387695312,-1.7741985321044922,-3.1768722534179688,-4.133298873901367]","[-0.6373754679370127,-1.7437144377801435,-1.1195935114803623,-1.497197476219883]","[-2.5371017456054688,-2.8387820720672607,-2.995944023132324,-4.4034271240234375]","[-2.5371017456054688,-2.8387820720672607,-2.995944023132324,-4.4034271240234375]"
3,41,pure_coverage,"[""coverage"",""coverage"",""coverage"",""coverage""]","[0.0,0.0,1.0,0.9863333106040955,0.0,0.0,0.0,0.0,1.0,1.0,0.0,0.0,0.0,0.0,0.0,0.0,0.0,0.0,0.0,0.0,0.0,0.0,0.0,0.0,0.0,0.0,0.0,0.0,0.0,0.0,0.0,0.0,0.0,0.0,0.0,0.0,0.0,0.0,0.0,0.0,0.0,0.0,0.0,0.0,0.0,0.0,0.0,0.0,0.0,0.0]","[7,2,3,8]","[-0.01983000710606575,-0.056169237941503525,-0.08385787159204483,-0.1256113350391388]",False,"[false,false,false,false]","[false,false,false,false]",pure_coverage,"[0.0,0.0,1.0,0.9860000014305115,0.0,0.0,0.0,0.0,1.0,1.0,0.0,0.0,0.0,0.0,0.0,0.0,0.0,0.0,0.0,0.0,0.0,0.0,0.0,0.0,0.0,0.0,0.0,0.0,0.0,0.0,0.0,0.0,0.0,0.0,0.0,0.0,0.0,0.0,0.0,0.0,0.0,0.0,0.0,0.0,0.0,0.0,0.0,0.0,0.0,0.0]","[-3.0036697387695312,-1.7741985321044922,-3.1768722534179688,-4.133298873901367]","[-2.186990737915039,-1.2105865478515625,-2.505617141723633,-3.4819984436035156]","[-0.6129260236223741,-1.7134651738860407,-1.0114404393148253,-1.363009497565202]","[-2.5070083141326904,-2.874614715576172,-2.892526626586914,-4.307294845581055]","[-2.5070083141326904,-2.874614715576172,-2.892526626586914,-4.307294845581055]"
3,42,pure_coverage,"[""coverage"",""coverage"",""coverage"",""coverage""]","[0.0,0.0,1.0,0.9860000014305115,0.0,0.0,0.0,0.0,1.0,1.0,0.0,0.0,0.0,0.0,0.0,0.0,0.0,0.0,0.0,0.0,0.0,0.0,0.0,0.0,0.0,0.0,0.0,0.0,0.0,0.0,0.0,0.0,0.0,0.0,0.0,0.0,0.0,0.0,0.0,0.0,0.0,0.0,0.0,0.0,0.0,0.0,0.0,0.0,0.0,0.0]","[8,3,8,8]","[-0.017653003334999084,-0.05974630266427994,-0.07254305481910706,-0.10603205114603043]",False,"[false,false,false,false]","[false,false,false,false]",pure_coverage,"[0.0,0.0,1.0,0.9856666922569275,0.0,0.0,0.0,0.0,1.0,1.0,0.0,0.0,0.0,0.0,0.0,0.0,0.0,0.0,0.0,0.0,0.0,0.0,0.0,0.0,0.0,0.0,0.0,0.0,0.0,0.0,0.0,0.0,0.0,0.0,0.0,0.0,0.0,0.0,0.0,0.0,0.0,0.0,0.0,0.0,0.0,0.0,0.0,0.0,0.0,0.0]","[-2.186990737915039,-1.2105865478515625,-2.505617141723633,-3.4819984436035156]","[-2.7089080810546875,-1.4867916107177734,-3.069061279296875,-3.5958175659179688]","[-0.5990868853700084,-1.674036298933876,-0.936952088608869,-1.2498971338647105]","[-2.5294229984283447,-2.933037281036377,-2.854482650756836,-4.262970924377441]","[-2.5294229984283447,-2.933037281036377,-2.854482650756836,-4.262970924377441]"
3,43,pure_coverage,"[""coverage"",""coverage"",""coverage"",""coverage""]","[0.0,0.0,1.0,0.9856666922569275,0.0,0.0,0.0,0.0,1.0,1.0,0.0,0.0,0.0,0.0,0.0,0.0,0.0,0.0,0.0,0.0,0.0,0.0,0.0,0.0,0.0,0.0,0.0,0.0,0.0,0.0,0.0,0.0,0.0,0.0,0.0,0.0,0.0,0.0,0.0,0.0,0.0,0.0,0.0,0.0,0.0,0.0,0.0,0.0,0.0,0.0]","[2,3,8,3]","[-0.02607324719429016,-0.062127720564603806,-0.08985205739736557,-0.0894348993897438]",False,"[false,false,false,false]","[false,false,false,false]",pure_coverage,"[0.0,0.0,1.0,0.9853333234786987,0.0,0.0,0.0,0.0,1.0,1.0,0.0,0.0,0.0,0.0,0.0,0.0,0.0,0.0,0.0,0.0,0.0,0.0,0.0,0.0,0.0,0.0,0.0,0.0,0.0,0.0,0.0,0.0,0.0,0.0,0.0,0.0,0.0,0.0,0.0,0.0,0.0,0.0,0.0,0.0,0.0,0.0,0.0,0.0,0.0,0.0]","[-2.7089080810546875,-1.4867916107177734,-3.069061279296875,-3.5958175659179688]","[-3.848430633544922,-2.379121780395508,-3.720071792602539,-3.994251251220703]","[-0.5873069515505145,-1.6305959558278749,-0.8731404381714768,-1.1554192754734143]","[-2.5281009674072266,-2.9768152236938477,-2.7964072227478027,-4.23067045211792]","[-2.5281009674072266,-2.9768152236938477,-2.7964072227478027,-4.23067045211792]"
3,44,pure_coverage,"[""coverage"",""coverage"",""coverage"",""coverage""]","[0.0,0.0,1.0,0.9853333234786987,0.0,0.0,0.0,0.0,1.0,1.0,0.0,0.0,0.0,0.0,0.0,0.0,0.0,0.0,0.0,0.0,0.0,0.0,0.0,0.0,0.0,0.0,0.0,0.0,0.0,0.0,0.0,0.0,0.0,0.0,0.0,0.0,0.0,0.0,0.0,0.0,0.0,0.0,0.0,0.0,0.0,0.0,0.0,0.0,0.0,0.0]","[2,3,6,3]","[-0.019260946661233902,-0.06544075161218643,-0.05933123826980591,-0.08011527359485626]",False,"[false,false,false,false]","[false,false,false,false]",pure_coverage,"[0.0,0.0,1.0,0.9850000143051147,0.0,0.0,0.0,0.0,1.0,1.0,0.0,0.0,0.0,0.0,0.0,0.0,0.0,0.0,0.0,0.0,0.0,0.0,0.0,0.0,0.0,0.0,0.0,0.0,0.0,0.0,0.0,0.0,0.0,0.0,0.0,0.0,0.0,0.0,0.0,0.0,0.0,0.0,0.0,0.0,0.0,0.0,0.0,0.0,0.0,0.0]","[-3.848430633544922,-2.379121780395508,-3.720071792602539,-3.994251251220703]","[-4.438310623168945,-2.8752822875976562,-3.5133113861083984,-4.28654670715332]","[-0.5669027316729539,-1.584311348750779,-0.7912003846203144,-1.0767518950340107]","[-2.457767963409424,-2.9738659858703613,-2.681989908218384,-4.193004131317139]","[-2.457767963409424,-2.9738659858703613,-2.681989908218384,-4.193004131317139]"
3,45,pure_coverage,"[""coverage"",""coverage"",""coverage"",""coverage""]","[0.0,0.0,1.0,0.9850000143051147,0.0,0.0,0.0,0.0,1.0,1.0,0.0,0.0,0.0,0.0,0.0,0.0,0.0,0.0,0.0,0.0,0.0,0.0,0.0,0.0,0.0,0.0,0.0,0.0,0.0,0.0,0.0,0.0,0.0,0.0,0.0,0.0,0.0,0.0,0.0,0.0,0.0,0.0,0.0,0.0,0.0,0.0,0.0,0.0,0.0,0.0]","[6,3,6,3]","[-0.016319729387760162,-0.06437182426452637,-0.05025796219706535,-0.06408804655075073]",False,"[false,false,false,false]","[false,false,false,false]",pure_coverage,"[0.0,0.0,1.0,0.984666645526886,0.0,0.0,0.0,0.0,1.0,1.0,0.0,0.0,0.0,0.0,0.0,0.0,0.0,0.0,0.0,0.0,0.0,0.0,0.0,0.0,0.0,0.0,0.0,0.0,0.0,0.0,0.0,0.0,0.0,0.0,0.0,0.0,0.0,0.0,0.0,0.0,0.0,0.0,0.0,0.0,0.0,0.0,0.0,0.0,0.0,0.0]","[-4.438310623168945,-2.8752822875976562,-3.5133113861083984,-4.28654670715332]","[-3.548494338989258,-3.2592105865478516,-3.0598983764648438,-4.037700653076172]","[-0.5531735202138586,-1.5342127243824166,-0.7392617639904127,-1.006703658019348]","[-2.3591818809509277,-2.941093921661377,-2.603668212890625,-4.14747953414917]","[-2.3591818809509277,-2.941093921661377,-2.603668212890625,-4.14747953414917]"
3,46,pure_coverage,"[""coverage"",""coverage"",""coverage"",""coverage""]","[0.0,0.0,1.0,0.984666645526886,0.0,0.0,0.0,0.0,1.0,1.0,0.0,0.0,0.0,0.0,0.0,0.0,0.0,0.0,0.0,0.0,0.0,0.0,0.0,0.0,0.0,0.0,0.0,0.0,0.0,0.0,0.0,0.0,0.0,0.0,0.0,0.0,0.0,0.0,0.0,0.0,0.0,0.0,0.0,0.0,0.0,0.0,0.0,0.0,0.0,0.0]","[8,6,2,2]","[-0.026428382843732834,-0.061926502734422684,-0.06813417375087738,-0.05923121050000191]",False,"[false,false,false,false]","[false,false,false,false]",pure_coverage,"[0.0,0.0,1.0,0.984333336353302,0.0,0.0,0.0,0.0,1.0,1.0,0.0,0.0,0.0,0.0,0.0,0.0,0.0,0.0,0.0,0.0,0.0,0.0,0.0,0.0,0.0,0.0,0.0,0.0,0.0,0.0,0.0,0.0,0.0,0.0,0.0,0.0,0.0,0.0,0.0,0.0,0.0,0.0,0.0,0.0,0.0,0.0,0.0,0.0,0.0,0.0]","[-3.548494338989258,-3.2592105865478516,-3.0598983764648438,-4.037700653076172]","[-4.050443649291992,-3.8326892852783203,-3.920684814453125,-5.10914421081543]","[-0.5422765563899984,-1.4846877778968588,-0.6959634361548963,-0.9521369812814114]","[-2.30431866645813,-2.8871781826019287,-2.5539021492004395,-4.129213333129883]","[-2.30431866645813,-2.8871781826019287,-2.5539021492004395,-4.129213333129883]"
3,47,pure_coverage,"[""coverage"",""coverage"",""coverage"",""coverage""]","[0.0,0.0,1.0,0.984333336353302,0.0,0.0,0.0,0.0,1.0,1.0,0.0,0.0,0.0,0.0,0.0,0.0,0.0,0.0,0.0,0.0,0.0,0.0,0.0,0.0,0.0,0.0,0.0,0.0,0.0,0.0,0.0,0.0,0.0,0.0,0.0,0.0,0.0,0.0,0.0,0.0,0.0,0.0,0.0,0.0,0.0,0.0,0.0,0.0,0.0,0.0]","[6,6,8,3]","[-0.016338840126991272,-0.06462621688842773,-0.043112561106681824,-0.05063532292842865]",False,"[false,false,false,false]","[false,false,false,false]",pure_coverage,"[0.0,0.0,1.0,0.984000027179718,0.0,0.0,0.0,0.0,1.0,1.0,0.0,0.0,0.0,0.0,0.0,0.0,0.0,0.0,0.0,0.0,0.0,0.0,0.0,0.0,0.0,0.0,0.0,0.0,0.0,0.0,0.0,0.0,0.0,0.0,0.0,0.0,0.0,0.0,0.0,0.0,0.0,0.0,0.0,0.0,0.0,0.0,0.0,0.0,0.0,0.0]","[-4.050443649291992,-3.8326892852783203,-3.920684814453125,-5.10914421081543]","[-3.6573486328125,-4.205446243286133,-4.059848785400391,-4.7745208740234375]","[-0.521058761157844,-1.4371326011741778,-0.6341709721252716,-0.9019250209913228]","[-2.208818197250366,-2.8022685050964355,-2.436676502227783,-4.058563709259033]","[-2.208818197250366,-2.8022685050964355,-2.436676502227783,-4.058563709259033]"
3,48,pure_coverage,"[""coverage"",""coverage"",""coverage"",""coverage""]","[0.0,0.0,1.0,0.984000027179718,0.0,0.0,0.0,0.0,1.0,1.0,0.0,0.0,0.0,0.0,0.0,0.0,0.0,0.0,0.0,0.0,0.0,0.0,0.0,0.0,0.0,0.0,0.0,0.0,0.0,0.0,0.0,0.0,0.0,0.0,0.0,0.0,0.0,0.0,0.0,0.0,0.0,0.0,0.0,0.0,0.0,0.0,0.0,0.0,0.0,0.0]","[8,6,8,3]","[-0.012690454721450806,-0.05340801179409027,-0.04754640534520149,-0.04596675559878349]",False,"[false,false,false,false]","[false,false,false,false]",pure_coverage,"[0.0,0.0,1.0,0.9836666584014893,0.0,0.0,0.0,0.0,1.0,1.0,0.0,0.0,0.0,0.0,0.0,0.0,0.0,0.0,0.0,0.0,0.0,0.0,0.0,0.0,0.0,0.0,0.0,0.0,0.0,0.0,0.0,0.0,0.0,0.0,0.0,0.0,0.0,0.0,0.0,0.0,0.0,0.0,0.0,0.0,0.0,0.0,0.0,0.0,0.0,0.0]","[-3.6573486328125,-4.205446243286133,-4.059848785400391,-4.7745208740234375]","[-3.9774742126464844,-4.519819259643555,-4.2895050048828125,-4.754617691040039]","[-0.5098181020513664,-1.3863700851371212,-0.5970286979985756,-0.8598885839019133]","[-2.138692855834961,-2.689497947692871,-2.3313143253326416,-4.010196208953857]","[-2.138692855834961,-2.689497947692871,-2.3313143253326416,-4.010196208953857]"
3,49,pure_coverage,"[""coverage"",""coverage"",""coverage"",""coverage""]","[0.0,0.0,1.0,0.9836666584014893,0.0,0.0,0.0,0.0,1.0,1.0,0.0,0.0,0.0,0.0,0.0,0.0,0.0,0.0,0.0,0.0,0.0,0.0,0.0,0.0,0.0,0.0,0.0,0.0,0.0,0.0,0.0,0.0,0.0,0.0,0.0,0.0,0.0,0.0,0.0,0.0,0.0,0.0,0.0,0.0,0.0,0.0,0.0,0.0,0.0,0.0]","[8,6,6,3]","[-0.01731821708381176,-0.04961482807993889,-0.03870834782719612,-0.0437965914607048]",False,"[false,false,false,false]","[false,false,false,false]",pure_coverage,"[0.0,0.0,1.0,0.9833333492279053,0.0,0.0,0.0,0.0,1.0,1.0,0.0,0.0,0.0,0.0,0.0,0.0,0.0,0.0,0.0,0.0,0.0,0.0,0.0,0.0,0.0,0.0,0.0,0.0,0.0,0.0,0.0,0.0,0.0,0.0,0.0,0.0,0.0,0.0,0.0,0.0,0.0,0.0,0.0,0.0,0.0,0.0,0.0,0.0,0.0,0.0]","[-3.9774742126464844,-4.519819259643555,-4.2895050048828125,-4.754617691040039]","[-3.996370315551758,-4.52092170715332,-3.7830562591552734,-4.408073425292969]","[-0.5021491387170864,-1.3464263367101323,-0.555032618841792,-0.8221432609122523]","[-2.051161289215088,-2.564974546432495,-2.2024850845336914,-3.964780330657959]","[-2.051161289215088,-2.564974546432495,-2.2024850845336914,-3.964780330657959]"
3,50,pure_coverage,"[""coverage"",""coverage"",""coverage"",""coverage""]","[0.0,0.0,1.0,0.9833333492279053,0.0,0.0,0.0,0.0,1.0,1.0,0.0,0.0,0.0,0.0,0.0,0.0,0.0,0.0,0.0,0.0,0.0,0.0,0.0,0.0,0.0,0.0,0.0,0.0,0.0,0.0,0.0,0.0,0.0,0.0,0.0,0.0,0.0,0.0,0.0,0.0,0.0,0.0,0.0,0.0,0.0,0.0,0.0,0.0,0.0,0.0]","[8,6,8,2]","[-0.009048925712704659,-0.0415973886847496,-0.03540646657347679,-0.04581519216299057]",False,"[false,false,false,false]","[false,false,false,false]",pure_coverage,"[0.0,0.0,1.0,0.9829999804496765,0.0,0.0,0.0,0.0,1.0,1.0,0.0,0.0,0.0,0.0,0.0,0.0,0.0,0.0,0.0,0.0,0.0,0.0,0.0,0.0,0.0,0.0,0.0,0.0,0.0,0.0,0.0,0.0,0.0,0.0,0.0,0.0,0.0,0.0,0.0,0.0,0.0,0.0,0.0,0.0,0.0,0.0,0.0,0.0,0.0,0.0]","[-3.996370315551758,-4.52092170715332,-3.7830562591552734,-4.408073425292969]","[-4.100305557250977,-4.823286056518555,-4.117010116577148,-5.245628356933594]","[-0.4897282036699745,-1.309910614777973,-0.5215396676915109,-0.7862087570217652]","[-1.9521772861480713,-2.436548948287964,-2.101557970046997,-3.937037944793701]","[-1.9521772861480713,-2.436548948287964,-2.101557970046997,-3.937037944793701]"
3,51,pure_coverage,"[""coverage"",""coverage"",""coverage"",""coverage""]","[0.0,0.0,1.0,0.9829999804496765,0.0,0.0,0.0,0.0,1.0,1.0,0.0,0.0,0.0,0.0,0.0,0.0,0.0,0.0,0.0,0.0,0.0,0.0,0.0,0.0,0.0,0.0,0.0,0.0,0.0,0.0,0.0,0.0,0.0,0.0,0.0,0.0,0.0,0.0,0.0,0.0,0.0,0.0,0.0,0.0,0.0,0.0,0.0,0.0,0.0,0.0]","[8,6,8,2]","[-0.004763677250593901,-0.03801511973142624,-0.01567169465124607,-0.03992125019431114]",False,"[false,false,false,false]","[false,false,false,false]",pure_coverage,"[0.0,0.0,1.0,0.9826666712760925,0.0,0.0,0.0,0.0,1.0,1.0,0.0,0.0,0.0,0.0,0.0,0.0,0.0,0.0,0.0,0.0,0.0,0.0,0.0,0.0,0.0,0.0,0.0,0.0,0.0,0.0,0.0,0.0,0.0,0.0,0.0,0.0,0.0,0.0,0.0,0.0,0.0,0.0,0.0,0.0,0.0,0.0,0.0,0.0,0.0,0.0]","[-4.100305557250977,-4.823286056518555,-4.117010116577148,-5.245628356933594]","[-4.142866134643555,-4.93016242980957,-4.097450256347656,-5.596427917480469]","[-0.48553462419926247,-1.281124470801236,-0.4910436374929638,-0.747872287736136]","[-1.8502535820007324,-2.292609453201294,-1.980180263519287,-3.8613126277923584]","[-1.8502535820007324,-2.292609453201294,-1.980180263519287,-3.8613126277923584]"
3,52,pure_coverage,"[""coverage"",""coverage"",""coverage"",""coverage""]","[0.0,0.0,1.0,0.9826666712760925,0.0,0.0,0.0,0.0,1.0,1.0,0.0,0.0,0.0,0.0,0.0,0.0,0.0,0.0,0.0,0.0,0.0,0.0,0.0,0.0,0.0,0.0,0.0,0.0,0.0,0.0,0.0,0.0,0.0,0.0,0.0,0.0,0.0,0.0,0.0,0.0,0.0,0.0,0.0,0.0,0.0,0.0,0.0,0.0,0.0,0.0]","[3,6,2,8]","[-0.0037930116523057222,-0.024040531367063522,-0.018150892108678818,-0.036785490810871124]",False,"[false,false,false,false]","[false,false,false,false]",pure_coverage,"[0.0,0.0,1.0,0.9823333621025085,0.0,0.0,0.03333333507180214,0.0,1.0,1.0,0.0,0.0,0.0,0.0,0.0,0.0,0.0,0.0,0.0,0.0,0.0,0.0,0.0,0.0,0.0,0.0,0.0,0.0,0.0,0.0,0.0,0.0,0.0,0.0,0.0,0.0,0.0,0.0,0.0,0.0,0.0,0.0,0.0,0.0,0.0,0.0,0.0,0.0,0.0,0.0]","[-4.142866134643555,-4.93016242980957,-4.097450256347656,-5.596427917480469]","[-3.4660205841064453,-4.470081329345703,-3.9179916381835938,-5.409685134887695]","[-0.4856272191400693,-1.255666011181626,-0.48017367963809876,-0.7151020581230554]","[-1.7441978454589844,-2.1377475261688232,-1.8731365203857422,-3.768599510192871]","[-1.7441978454589844,-2.1377475261688232,-1.8731365203857422,-3.768599510192871]"
3,53,pure_coverage,"[""coverage"",""coverage"",""coverage"",""coverage""]","[0.0,0.0,1.0,0.9823333621025085,0.0,0.0,0.03333333507180214,0.0,1.0,1.0,0.0,0.0,0.0,0.0,0.0,0.0,0.0,0.0,0.0,0.0,0.0,0.0,0.0,0.0,0.0,0.0,0.0,0.0,0.0,0.0,0.0,0.0,0.0,0.0,0.0,0.0,0.0,0.0,0.0,0.0,0.0,0.0,0.0,0.0,0.0,0.0,0.0,0.0,0.0,0.0]","[3,6,3,3]","[-0.007193020079284906,-0.018025293946266174,-0.017033321782946587,-0.03548980504274368]",False,"[false,false,false,false]","[false,false,false,false]",pure_coverage,"[0.0,0.0,1.0,0.9819999933242798,0.0,0.0,0.06666667014360428,0.0,1.0,1.0,0.0,0.0,0.0,0.0,0.0,0.0,0.0,0.0,0.0,0.0,0.0,0.0,0.0,0.0,0.0,0.0,0.0,0.0,0.0,0.0,0.0,0.0,0.0,0.0,0.0,0.0,0.0,0.0,0.0,0.0,0.0,0.0,0.0,0.0,0.0,0.0,0.0,0.0,0.0,0.0]","[-3.4660205841064453,-4.470081329345703,-3.9179916381835938,-5.409685134887695]","[-3.744028091430664,-4.048200607299805,-3.4570388793945312,-4.897790908813477]","[-0.48670121968460966,-1.2440661412268308,-0.46668968437315145,-0.6851682498102871]","[-1.6680879592895508,-2.0121612548828125,-1.766129732131958,-3.6831839084625244]","[-1.6680879592895508,-2.0121612548828125,-1.766129732131958,-3.6831839084625244]"
3,54,pure_coverage,"[""coverage"",""coverage"",""coverage"",""coverage""]","[0.0,0.0,1.0,0.9819999933242798,0.0,0.0,0.06666667014360428,0.0,1.0,1.0,0.0,0.0,0.0,0.0,0.0,0.0,0.0,0.0,0.0,0.0,0.0,0.0,0.0,0.0,0.0,0.0,0.0,0.0,0.0,0.0,0.0,0.0,0.0,0.0,0.0,0.0,0.0,0.0,0.0,0.0,0.0,0.0,0.0,0.0,0.0,0.0,0.0,0.0,0.0,0.0]","[6,6,6,3]","[-0.0009071881650015712,-0.022575916722416878,-0.007736701052635908,-0.0340031236410141]",False,"[false,false,false,false]","[false,false,false,false]",pure_coverage,"[0.0,0.0,1.0,0.9816666841506958,0.0,0.0,0.10000000149011612,0.0,1.0,1.0,0.0,0.0,0.0,0.0,0.0,0.0,0.0,0.0,0.0,0.0,0.0,0.0,0.0,0.0,0.0,0.0,0.0,0.0,0.0,0.0,0.0,0.0,0.0,0.0,0.0,0.0,0.0,0.0,0.0,0.0,0.0,0.0,0.0,0.0,0.0,0.0,0.0,0.0,0.0,0.0]","[-3.744028091430664,-4.048200607299805,-3.4570388793945312,-4.897790908813477]","[-2.7967605590820312,-3.5391483306884766,-3.087961196899414,-4.497161865234375]","[-0.48435171677305533,-1.2384250982631966,-0.45419834605071197,-0.6562408533005489]","[-1.5689160823822021,-1.9072301387786865,-1.677802324295044,-3.6206839084625244]","[-1.5689160823822021,-1.9072301387786865,-1.677802324295044,-3.6206839084625244]"
3,55,pure_coverage,"[""coverage"",""coverage"",""coverage"",""coverage""]","[0.0,0.0,1.0,0.9816666841506958,0.0,0.0,0.10000000149011612,0.0,1.0,1.0,0.0,0.0,0.0,0.0,0.0,0.0,0.0,0.0,0.0,0.0,0.0,0.0,0.0,0.0,0.0,0.0,0.0,0.0,0.0,0.0,0.0,0.0,0.0,0.0,0.0,0.0,0.0,0.0,0.0,0.0,0.0,0.0,0.0,0.0,0.0,0.0,0.0,0.0,0.0,0.0]","[3,6,6,3]","[-0.0003879464347846806,-0.016931120306253433,-0.0030206984374672174,-0.032842546701431274]",False,"[false,false,false,false]","[false,false,false,false]",pure_coverage,"[0.0,0.0,1.0,0.981333315372467,0.0,0.0,0.13333334028720856,0.0,1.0,1.0,0.0,0.0,0.0,0.0,0.0,0.0,0.0,0.0,0.0,0.0,0.0,0.0,0.0,0.0,0.0,0.0,0.0,0.0,0.0,0.0,0.0,0.0,0.0,0.0,0.0,0.0,0.0,0.0,0.0,0.0,0.0,0.0,0.0,0.0,0.0,0.0,0.0,0.0,0.0,0.0]","[-2.7967605590820312,-3.5391483306884766,-3.087961196899414,-4.497161865234375]","[-2.425447463989258,-2.574380874633789,-2.600564956665039,-4.147855758666992]","[-0.4883278066748018,-1.228130486404828,-0.45097135858391524,-0.6285229592520554]","[-1.520009994506836,-1.8176143169403076,-1.6131967306137085,-3.5768964290618896]","[-1.520009994506836,-1.8176143169403076,-1.6131967306137085,-3.5768964290618896]"
3,56,pure_coverage,"[""coverage"",""coverage"",""coverage"",""coverage""]","[0.0,0.0,1.0,0.981333315372467,0.0,0.0,0.13333334028720856,0.0,1.0,1.0,0.0,0.0,0.0,0.0,0.0,0.0,0.0,0.0,0.0,0.0,0.0,0.0,0.0,0.0,0.0,0.0,0.0,0.0,0.0,0.0,0.0,0.0,0.0,0.0,0.0,0.0,0.0,0.0,0.0,0.0,0.0,0.0,0.0,0.0,0.0,0.0,0.0,0.0,0.0,0.0]","[8,6,8,3]","[-0.0017869547009468079,-0.018923573195934296,-0.007303287275135517,-0.03118247725069523]",False,"[false,false,false,false]","[false,false,false,false]",pure_coverage,"[0.0,0.0,1.0,0.9810000061988831,0.0,0.0,0.1666666716337204,0.0,1.0,1.0,0.0,0.0,0.0,0.0,0.0,0.0,0.0,0.0,0.0,0.0,0.0,0.0,0.0,0.0,0.0,0.0,0.0,0.0,0.0,0.0,0.0,0.0,0.0,0.0,0.0,0.0,0.0,0.0,0.0,0.0,0.0,0.0,0.0,0.0,0.0,0.0,0.0,0.0,0.0,0.0]","[-2.425447463989258,-2.574380874633789,-2.600564956665039,-4.147855758666992]","[-2.5598831176757812,-2.3227920532226562,-2.6560440063476562,-3.9703807830810547]","[-0.492868545696987,-1.2234337031298732,-0.45247541428934146,-0.6016973864147718]","[-1.4881047010421753,-1.7791082859039307,-1.5751705169677734,-3.549957513809204]","[-1.4881047010421753,-1.7791082859039307,-1.5751705169677734,-3.549957513809204]"
3,57,pure_coverage,"[""coverage"",""coverage"",""coverage"",""coverage""]","[0.0,0.0,1.0,0.9810000061988831,0.0,0.0,0.1666666716337204,0.0,1.0,1.0,0.0,0.0,0.0,0.0,0.0,0.0,0.0,0.0,0.0,0.0,0.0,0.0,0.0,0.0,0.0,0.0,0.0,0.0,0.0,0.0,0.0,0.0,0.0,0.0,0.0,0.0,0.0,0.0,0.0,0.0,0.0,0.0,0.0,0.0,0.0,0.0,0.0,0.0,0.0,0.0]","[3,6,8,2]","[-0.0009329158347100019,-0.02519650012254715,-0.0028315798845142126,-0.036526698619127274]",False,"[false,false,false,false]","[false,false,false,false]",pure_coverage,"[0.0,0.0,1.0,0.9806666374206543,0.0,0.0,0.20000000298023224,0.0,1.0,1.0,0.0,0.0,0.0,0.0,0.0,0.0,0.0,0.0,0.0,0.0,0.0,0.0,0.0,0.0,0.0,0.0,0.0,0.0,0.0,0.0,0.0,0.0,0.0,0.0,0.0,0.0,0.0,0.0,0.0,0.0,0.0,0.0,0.0,0.0,0.0,0.0,0.0,0.0,0.0,0.0]","[-2.5598831176757812,-2.3227920532226562,-2.6560440063476562,-3.9703807830810547]","[-2.026477813720703,-1.9716777801513672,-2.3108978271484375,-4.636421203613281]","[-0.4960420111071113,-1.2166768989231707,-0.4496688151658646,-0.5762776860243197]","[-1.4456177949905396,-1.7492892742156982,-1.5272653102874756,-3.5324201583862305]","[-1.4456177949905396,-1.7492892742156982,-1.5272653102874756,-3.5324201583862305]"
3,58,pure_coverage,"[""coverage"",""coverage"",""coverage"",""coverage""]","[0.0,0.0,1.0,0.9806666374206543,0.0,0.0,0.20000000298023224,0.0,1.0,1.0,0.0,0.0,0.0,0.0,0.0,0.0,0.0,0.0,0.0,0.0,0.0,0.0,0.0,0.0,0.0,0.0,0.0,0.0,0.0,0.0,0.0,0.0,0.0,0.0,0.0,0.0,0.0,0.0,0.0,0.0,0.0,0.0,0.0,0.0,0.0,0.0,0.0,0.0,0.0,0.0]","[3,3,3,8]","[-0.0009955723071470857,-0.03473055362701416,-0.004525602329522371,-0.032343003898859024]",False,"[false,false,false,false]","[false,false,false,false]",pure_coverage,"[0.0,0.0,1.0,0.9803333282470703,0.0,0.0,0.23333333432674408,0.0,1.0,1.0,0.0,0.0,0.0,0.0,0.0,0.0,0.0,0.0,0.0,0.0,0.0,0.0,0.0,0.0,0.0,0.0,0.0,0.0,0.0,0.0,0.0,0.0,0.0,0.0,0.0,0.0,0.0,0.0,0.0,0.0,0.0,0.0,0.0,0.0,0.0,0.0,0.0,0.0,0.0,0.0]","[-2.026477813720703,-1.9716777801513672,-2.3108978271484375,-4.636421203613281]","[-1.8053359985351562,-1.6156368255615234,-1.7849960327148438,-4.076383590698242]","[-0.5001101972448498,-1.203515554344064,-0.4513507427084347,-0.5452030175810024]","[-1.4294251203536987,-1.729393482208252,-1.4992495775222778,-3.473036289215088]","[-1.4294251203536987,-1.729393482208252,-1.4992495775222778,-3.473036289215088]"
3,59,pure_coverage,"[""coverage"",""coverage"",""coverage"",""coverage""]","[0.0,0.0,1.0,0.9803333282470703,0.0,0.0,0.23333333432674408,0.0,1.0,1.0,0.0,0.0,0.0,0.0,0.0,0.0,0.0,0.0,0.0,0.0,0.0,0.0,0.0,0.0,0.0,0.0,0.0,0.0,0.0,0.0,0.0,0.0,0.0,0.0,0.0,0.0,0.0,0.0,0.0,0.0,0.0,0.0,0.0,0.0,0.0,0.0,0.0,0.0,0.0,0.0]","[8,3,3,3]","[-0.001905167824588716,-0.04753296077251434,-0.00614816602319479,-0.028630947694182396]",False,"[false,false,false,false]","[false,false,false,false]",pure_coverage,"[0.0,0.0,1.0,0.9800000190734863,0.0,0.0,0.2666666805744171,0.0,1.0,1.0,0.0,0.0,0.0,0.0,0.0,0.0,0.0,0.0,0.0,0.0,0.0,0.0,0.0,0.0,0.0,0.0,0.0,0.0,0.0,0.0,0.0,0.0,0.0,0.0,0.0,0.0,0.0,0.0,0.0,0.0,0.0,0.0,0.0,0.0,0.0,0.0,0.0,0.0,0.0,0.0]","[-1.8053359985351562,-1.6156368255615234,-1.7849960327148438,-4.076383590698242]","[-1.9140701293945312,-1.4519004821777344,-1.7534675598144531,-3.765789031982422]","[-0.5041561868057604,-1.1805909098152019,-0.451338525635265,-0.518040417860751]","[-1.4237803220748901,-1.7168408632278442,-1.495339274406433,-3.443819761276245]","[-1.4237803220748901,-1.7168408632278442,-1.495339274406433,-3.443819761276245]"
3,60,pure_coverage,"[""coverage"",""coverage"",""coverage"",""coverage""]","[0.0,0.0,1.0,0.9800000190734863,0.0,0.0,0.2666666805744171,0.0,1.0,1.0,0.0,0.0,0.0,0.0,0.0,0.0,0.0,0.0,0.0,0.0,0.0,0.0,0.0,0.0,0.0,0.0,0.0,0.0,0.0,0.0,0.0,0.0,0.0,0.0,0.0,0.0,0.0,0.0,0.0,0.0,0.0,0.0,0.0,0.0,0.0,0.0,0.0,0.0,0.0,0.0]","[8,3,6,3]","[-0.002617080695927143,-0.03587023541331291,-0.014532973058521748,-0.0384356752038002]",False,"[false,false,false,false]","[false,false,false,false]",pure_coverage,"[0.0,0.0,1.0,0.9796666502952576,0.0,0.0,0.30000001192092896,0.0,1.0,1.0,0.0,0.0,0.0,0.0,0.0,0.0,0.0,0.0,0.0,0.0,0.0,0.0,0.0,0.0,0.0,0.0,0.0,0.0,0.0,0.0,0.0,0.0,0.0,0.0,0.0,0.0,0.0,0.0,0.0,0.0,0.0,0.0,0.0,0.0,0.0,0.0,0.0,0.0,0.0,0.0]","[-1.9140701293945312,-1.4519004821777344,-1.7534675598144531,-3.765789031982422]","[-1.7380752563476562,-1.3413772583007812,-1.5700950622558594,-3.664043426513672]","[-0.5073242615971431,-1.1445029788309975,-0.44968723193138405,-0.4943530001682511]","[-1.411088466644287,-1.6984995603561401,-1.491115689277649,-3.4330484867095947]","[-1.411088466644287,-1.6984995603561401,-1.491115689277649,-3.4330484867095947]"
3,61,pure_coverage,"[""coverage"",""coverage"",""coverage"",""coverage""]","[0.0,0.0,1.0,0.9796666502952576,0.0,0.0,0.30000001192092896,0.0,1.0,1.0,0.0,0.0,0.0,0.0,0.0,0.0,0.0,0.0,0.0,0.0,0.0,0.0,0.0,0.0,0.0,0.0,0.0,0.0,0.0,0.0,0.0,0.0,0.0,0.0,0.0,0.0,0.0,0.0,0.0,0.0,0.0,0.0,0.0,0.0,0.0,0.0,0.0,0.0,0.0,0.0]","[8,3,6,2]","[-0.0036601489409804344,-0.061388611793518066,-0.008734219707548618,-0.04227617010474205]",False,"[false,false,false,false]","[false,false,false,false]",pure_coverage,"[0.0,0.0,1.0,0.9793333411216736,0.0,0.0,0.3333333432674408,0.0,1.0,1.0,0.0,0.0,0.0,0.0,0.0,0.0,0.0,0.0,0.0,0.0,0.0,0.0,0.0,0.0,0.0,0.0,0.0,0.0,0.0,0.0,0.0,0.0,0.0,0.0,0.0,0.0,0.0,0.0,0.0,0.0,0.0,0.0,0.0,0.0,0.0,0.0,0.0,0.0,0.0,0.0]","[-1.7380752563476562,-1.3413772583007812,-1.5700950622558594,-3.664043426513672]","[-1.491994857788086,-1.0639209747314453,-1.639017105102539,-4.757255554199219]","[-0.5098052332335514,-1.1198310539572571,-0.43954975643723465,-0.46052255046914237]","[-1.406099557876587,-1.6972155570983887,-1.4873610734939575,-3.4165258407592773]","[-1.406099557876587,-1.6972155570983887,-1.4873610734939575,-3.4165258407592773]"
3,62,pure_coverage,"[""coverage"",""coverage"",""coverage"",""coverage""]","[0.0,0.0,1.0,0.9793333411216736,0.0,0.0,0.3333333432674408,0.0,1.0,1.0,0.0,0.0,0.0,0.0,0.0,0.0,0.0,0.0,0.0,0.0,0.0,0.0,0.0,0.0,0.0,0.0,0.0,0.0,0.0,0.0,0.0,0.0,0.0,0.0,0.0,0.0,0.0,0.0,0.0,0.0,0.0,0.0,0.0,0.0,0.0,0.0,0.0,0.0,0.0,0.0]","[2,3,3,2]","[-0.005020680837333202,-0.07014588266611099,-0.008673637174069881,-0.039997801184654236]",False,"[false,false,false,false]","[false,false,false,false]",pure_coverage,"[0.0,0.0,1.0,0.9789999723434448,0.0,0.0,0.0,0.0,1.0,1.0,0.0,0.0,0.0,0.0,0.0,0.0,0.0,0.0,0.0,0.0,0.0,0.0,0.0,0.0,0.0,0.0,0.0,0.0,0.0,0.0,0.0,0.0,0.0,0.0,0.0,0.0,0.0,0.0,0.0,0.0,0.0,0.0,0.0,0.0,0.0,0.0,0.0,0.0,0.0,0.0]","[-1.491994857788086,-1.0639209747314453,-1.639017105102539,-4.757255554199219]","[-1.5216503143310547,-0.9282875061035156,-1.8148307800292969,-5.7811737060546875]","[-0.5112576609015869,-1.0691337799633729,-0.4351672088178647,-0.42247109127717203]","[-1.41263747215271,-1.68332040309906,-1.485906958580017,-3.337337017059326]","[-1.41263747215271,-1.68332040309906,-1.485906958580017,-3.337337017059326]"
3,63,pure_coverage,"[""coverage"",""coverage"",""coverage"",""coverage""]","[0.0,0.0,1.0,0.9789999723434448,0.0,0.0,0.0,0.0,1.0,1.0,0.0,0.0,0.0,0.0,0.0,0.0,0.0,0.0,0.0,0.0,0.0,0.0,0.0,0.0,0.0,0.0,0.0,0.0,0.0,0.0,0.0,0.0,0.0,0.0,0.0,0.0,0.0,0.0,0.0,0.0,0.0,0.0,0.0,0.0,0.0,0.0,0.0,0.0,0.0,0.0]","[3,3,3,8]","[-0.007188344374299049,-0.07339835911989212,-0.009324878454208374,-0.04044399410486221]",False,"[false,false,false,false]","[false,false,false,false]",pure_coverage,"[0.0,0.0,1.0,0.9786666631698608,0.0,0.0,0.0,0.0,1.0,1.0,0.0,0.0,0.0,0.0,0.0,0.0,0.0,0.0,0.0,0.0,0.0,0.0,0.0,0.0,0.0,0.0,0.0,0.0,0.0,0.0,0.0,0.0,0.0,0.0,0.0,0.0,0.0,0.0,0.0,0.0,0.0,0.0,0.0,0.0,0.0,0.0,0.0,0.0,0.0,0.0]","[-1.5216503143310547,-0.9282875061035156,-1.8148307800292969,-5.7811737060546875]","[-1.1344795227050781,-0.9127998352050781,-1.9467620849609375,-5.240427017211914]","[-0.5113504849133875,-1.0090786841386483,-0.4308015875189847,-0.3863366566591089]","[-1.416581630706787,-1.6663734912872314,-1.4751719236373901,-3.2016708850860596]","[-1.416581630706787,-1.6663734912872314,-1.4751719236373901,-3.2016708850860596]"
3,64,pure_coverage,"[""coverage"",""coverage"",""coverage"",""coverage""]","[0.0,0.0,1.0,0.9786666631698608,0.0,0.0,0.0,0.0,1.0,1.0,0.0,0.0,0.0,0.0,0.0,0.0,0.0,0.0,0.0,0.0,0.0,0.0,0.0,0.0,0.0,0.0,0.0,0.0,0.0,0.0,0.0,0.0,0.0,0.0,0.0,0.0,0.0,0.0,0.0,0.0,0.0,0.0,0.0,0.0,0.0,0.0,0.0,0.0,0.0,0.0]","[6,3,6,8]","[-0.011946218088269234,-0.07364004850387573,-0.007482129614800215,-0.043525613844394684]",False,"[false,false,false,false]","[false,false,false,false]",pure_coverage,"[0.0,0.0,1.0,0.9783333539962769,0.0,0.0,0.0,0.0,1.0,1.0,0.0,0.0,0.0,0.0,0.0,0.0,0.0,0.0,0.0,0.0,0.0,0.0,0.0,0.0,0.0,0.0,0.0,0.0,0.0,0.0,0.0,0.0,0.0,0.0,0.0,0.0,0.0,0.0,0.0,0.0,0.0,0.0,0.0,0.0,0.0,0.0,0.0,0.0,0.0,0.0]","[-1.1344795227050781,-0.9127998352050781,-1.9467620849609375,-5.240427017211914]","[-0.7689609527587891,-0.8871059417724609,-1.7907981872558594,-4.472312927246094]","[-0.5092546874132207,-0.945131641433087,-0.4257340495603801,-0.3493865278325724]","[-1.4388480186462402,-1.6457113027572632,-1.4561214447021484,-3.0854077339172363]","[-1.4388480186462402,-1.6457113027572632,-1.4561214447021484,-3.0854077339172363]"
3,65,pure_coverage,"[""coverage"",""coverage"",""coverage"",""coverage""]","[0.0,0.0,1.0,0.9783333539962769,0.0,0.0,0.0,0.0,1.0,1.0,0.0,0.0,0.0,0.0,0.0,0.0,0.0,0.0,0.0,0.0,0.0,0.0,0.0,0.0,0.0,0.0,0.0,0.0,0.0,0.0,0.0,0.0,0.0,0.0,0.0,0.0,0.0,0.0,0.0,0.0,0.0,0.0,0.0,0.0,0.0,0.0,0.0,0.0,0.0,0.0]","[3,3,6,8]","[-0.0062935915775597095,-0.07168560475111008,-0.005147537216544151,-0.05474165081977844]",False,"[false,false,false,false]","[false,false,false,false]",pure_coverage,"[0.0,0.0,1.0,0.9779999852180481,0.0,0.0,0.0,0.0,1.0,1.0,0.0,0.0,0.0,0.0,0.0,0.0,0.0,0.0,0.0,0.0,0.0,0.0,0.0,0.0,0.0,0.0,0.0,0.0,0.0,0.0,0.0,0.0,0.0,0.0,0.0,0.0,0.0,0.0,0.0,0.0,0.0,0.0,0.0,0.0,0.0,0.0,0.0,0.0,0.0,0.0]","[-0.7689609527587891,-0.8871059417724609,-1.7907981872558594,-4.472312927246094]","[-0.7047977447509766,-0.9542598724365234,-1.6721172332763672,-3.8963069915771484]","[-0.5023317871969206,-0.8802945383123346,-0.42247668681371703,-0.3089504181698765]","[-1.4767019748687744,-1.6248373985290527,-1.4460338354110718,-2.998939275741577]","[-1.4767019748687744,-1.6248373985290527,-1.4460338354110718,-2.998939275741577]"
3,66,pure_coverage,"[""coverage"",""coverage"",""coverage"",""coverage""]","[0.0,0.0,1.0,0.9779999852180481,0.0,0.0,0.0,0.0,1.0,1.0,0.0,0.0,0.0,0.0,0.0,0.0,0.0,0.0,0.0,0.0,0.0,0.0,0.0,0.0,0.0,0.0,0.0,0.0,0.0,0.0,0.0,0.0,0.0,0.0,0.0,0.0,0.0,0.0,0.0,0.0,0.0,0.0,0.0,0.0,0.0,0.0,0.0,0.0,0.0,0.0]","[3,3,6,8]","[-0.012532856315374374,-0.07141126692295074,-0.001632221625186503,-0.04044124484062195]",False,"[false,false,false,false]","[false,false,false,false]",pure_coverage,"[0.0,0.0,1.0,0.9776666760444641,0.0,0.0,0.0,0.0,1.0,1.0,0.0,0.0,0.0,0.0,0.0,0.0,0.0,0.0,0.0,0.0,0.0,0.0,0.0,0.0,0.0,0.0,0.0,0.0,0.0,0.0,0.0,0.0,0.0,0.0,0.0,0.0,0.0,0.0,0.0,0.0,0.0,0.0,0.0,0.0,0.0,0.0,0.0,0.0,0.0,0.0]","[-0.7047977447509766,-0.9542598724365234,-1.6721172332763672,-3.8963069915771484]","[-0.7025852203369141,-1.1721000671386719,-1.5354385375976562,-3.4433746337890625]","[-0.501048682443799,-0.8167767005668934,-0.42154459555269985,-0.25677653267686673]","[-1.5263378620147705,-1.6011865139007568,-1.444036602973938,-2.92539119720459]","[-1.5263378620147705,-1.6011865139007568,-1.444036602973938,-2.92539119720459]"
3,67,pure_coverage,"[""coverage"",""coverage"",""coverage"",""coverage""]","[0.0,0.0,1.0,0.9776666760444641,0.0,0.0,0.0,0.0,1.0,1.0,0.0,0.0,0.0,0.0,0.0,0.0,0.0,0.0,0.0,0.0,0.0,0.0,0.0,0.0,0.0,0.0,0.0,0.0,0.0,0.0,0.0,0.0,0.0,0.0,0.0,0.0,0.0,0.0,0.0,0.0,0.0,0.0,0.0,0.0,0.0,0.0,0.0,0.0,0.0,0.0]","[3,3,6,8]","[-0.016229549422860146,-0.06579703092575073,-0.0023993216454982758,-0.03200675919651985]",False,"[false,false,false,false]","[false,false,false,false]",pure_coverage,"[0.0,0.0,1.0,0.9773333072662354,0.0,0.0,0.0,0.0,1.0,1.0,0.0,0.0,0.0,0.0,0.0,0.0,0.0,0.0,0.0,0.0,0.0,0.0,0.0,0.0,0.0,0.0,0.0,0.0,0.0,0.0,0.0,0.0,0.0,0.0,0.0,0.0,0.0,0.0,0.0,0.0,0.0,0.0,0.0,0.0,0.0,0.0,0.0,0.0,0.0,0.0]","[-0.7025852203369141,-1.1721000671386719,-1.5354385375976562,-3.4433746337890625]","[-0.7462177276611328,-1.4107418060302734,-1.3016014099121094,-3.2229251861572266]","[-0.49345032942265105,-0.7528943774181239,-0.4241539130580943,-0.21852049276388366]","[-1.572596549987793,-1.5648658275604248,-1.4528443813323975,-2.8862338066101074]","[-1.572596549987793,-1.5648658275604248,-1.4528443813323975,-2.8862338066101074]"
3,68,pure_coverage,"[""coverage"",""coverage"",""coverage"",""coverage""]","[0.0,0.0,1.0,0.9773333072662354,0.0,0.0,0.0,0.0,1.0,1.0,0.0,0.0,0.0,0.0,0.0,0.0,0.0,0.0,0.0,0.0,0.0,0.0,0.0,0.0,0.0,0.0,0.0,0.0,0.0,0.0,0.0,0.0,0.0,0.0,0.0,0.0,0.0,0.0,0.0,0.0,0.0,0.0,0.0,0.0,0.0,0.0,0.0,0.0,0.0,0.0]","[6,3,6,6]","[-0.017263883724808693,-0.059090543538331985,-0.0027317150961607695,-0.02679421380162239]",False,"[false,false,false,false]","[false,false,false,false]",pure_coverage,"[0.0,0.0,1.0,0.9769999980926514,0.0,0.0,0.0,0.0,1.0,1.0,0.0,0.0,0.0,0.0,0.0,0.0,0.0,0.0,0.0,0.0,0.0,0.0,0.0,0.0,0.0,0.0,0.0,0.0,0.0,0.0,0.0,0.0,0.0,0.0,0.0,0.0,0.0,0.0,0.0,0.0,0.0,0.0,0.0,0.0,0.0,0.0,0.0,0.0,0.0,0.0]","[-0.7462177276611328,-1.4107418060302734,-1.3016014099121094,-3.2229251861572266]","[-0.8156070709228516,-1.8660011291503906,-1.0090980529785156,-3.081867218017578]","[-0.4820411919189807,-0.6940377237296699,-0.42601473880060203,-0.18839771067410485]","[-1.615554690361023,-1.5196566581726074,-1.473701000213623,-2.8651697635650635]","[-1.615554690361023,-1.5196566581726074,-1.473701000213623,-2.8651697635650635]"
3,69,pure_coverage,"[""coverage"",""coverage"",""coverage"",""coverage""]","[0.0,0.0,1.0,0.9769999980926514,0.0,0.0,0.0,0.0,1.0,1.0,0.0,0.0,0.0,0.0,0.0,0.0,0.0,0.0,0.0,0.0,0.0,0.0,0.0,0.0,0.0,0.0,0.0,0.0,0.0,0.0,0.0,0.0,0.0,0.0,0.0,0.0,0.0,0.0,0.0,0.0,0.0,0.0,0.0,0.0,0.0,0.0,0.0,0.0,0.0,0.0]","[3,6,3,8]","[-0.01955978199839592,-0.055081114172935486,-0.006194704212248325,-0.023432277143001556]",False,"[false,false,false,false]","[false,false,false,false]",pure_coverage,"[0.0,0.0,1.0,0.9766666889190674,0.0,0.0,0.0,0.0,1.0,1.0,0.0,0.0,0.0,0.0,0.0,0.0,0.0,0.0,0.0,0.0,0.0,0.0,0.0,0.0,0.0,0.0,0.0,0.0,0.0,0.0,0.0,0.0,0.0,0.0,0.0,0.0,0.0,0.0,0.0,0.0,0.0,0.0,0.0,0.0,0.0,0.0,0.0,0.0,0.0,0.0]","[-0.8156070709228516,-1.8660011291503906,-1.0090980529785156,-3.081867218017578]","[-0.9184112548828125,-1.5774898529052734,-0.8287506103515625,-2.8910770416259766]","[-0.46947202847896163,-0.6413607880720584,-0.4275586098024659,-0.16323585542674995]","[-1.6564786434173584,-1.4547569751739502,-1.5109186172485352,-2.8557398319244385]","[-1.6564786434173584,-1.4547569751739502,-1.5109186172485352,-2.8557398319244385]"
3,70,pure_coverage,"[""coverage"",""coverage"",""coverage"",""coverage""]","[0.0,0.0,1.0,0.9766666889190674,0.0,0.0,0.0,0.0,1.0,1.0,0.0,0.0,0.0,0.0,0.0,0.0,0.0,0.0,0.0,0.0,0.0,0.0,0.0,0.0,0.0,0.0,0.0,0.0,0.0,0.0,0.0,0.0,0.0,0.0,0.0,0.0,0.0,0.0,0.0,0.0,0.0,0.0,0.0,0.0,0.0,0.0,0.0,0.0,0.0,0.0]","[3,6,3,3]","[-0.021860642358660698,-0.049903154373168945,-0.010098190046846867,-0.01771610789000988]",False,"[false,false,false,false]","[false,false,false,false]",pure_coverage,"[0.0,0.0,1.0,0.9763333201408386,0.0,0.0,0.0,0.0,1.0,1.0,0.0,0.0,0.0,0.0,0.0,0.0,0.0,0.0,0.0,0.0,0.0,0.0,0.0,0.0,0.0,0.0,0.0,0.0,0.0,0.0,0.0,0.0,0.0,0.0,0.0,0.0,0.0,0.0,0.0,0.0,0.0,0.0,0.0,0.0,0.0,0.0,0.0,0.0,0.0,0.0]","[-0.9184112548828125,-1.5774898529052734,-0.8287506103515625,-2.8910770416259766]","[-1.4138832092285156,-1.6939373016357422,-0.9877700805664062,-2.872486114501953]","[-0.45445681462683407,-0.5922016908071949,-0.42562010665678546,-0.1412157356401499]","[-1.6921398639678955,-1.4051995277404785,-1.5563006401062012,-2.8593292236328125]","[-1.6921398639678955,-1.4051995277404785,-1.5563006401062012,-2.8593292236328125]"
3,71,pure_coverage,"[""coverage"",""coverage"",""coverage"",""coverage""]","[0.0,0.0,1.0,0.9763333201408386,0.0,0.0,0.0,0.0,1.0,1.0,0.0,0.0,0.0,0.0,0.0,0.0,0.0,0.0,0.0,0.0,0.0,0.0,0.0,0.0,0.0,0.0,0.0,0.0,0.0,0.0,0.0,0.0,0.0,0.0,0.0,0.0,0.0,0.0,0.0,0.0,0.0,0.0,0.0,0.0,0.0,0.0,0.0,0.0,0.0,0.0]","[3,6,3,6]","[-0.023844962939620018,-0.04285705089569092,-0.014839072711765766,-0.013874372467398643]",False,"[false,false,false,false]","[false,false,false,false]",pure_coverage,"[0.0,0.0,1.0,0.9760000109672546,0.0,0.0,0.03333333507180214,0.0,1.0,1.0,0.0,0.0,0.0,0.0,0.0,0.0,0.0,0.0,0.0,0.0,0.0,0.0,0.0,0.0,0.0,0.0,0.0,0.0,0.0,0.0,0.0,0.0,0.0,0.0,0.0,0.0,0.0,0.0,0.0,0.0,0.0,0.0,0.0,0.0,0.0,0.0,0.0,0.0,0.0,0.0]","[-1.4138832092285156,-1.6939373016357422,-0.9877700805664062,-2.872486114501953]","[-1.8573074340820312,-1.8022270202636719,-1.2673168182373047,-2.9749889373779297]","[-0.43696583057391253,-0.547776299428309,-0.41971910768680665,-0.12474709873751516]","[-1.7015331983566284,-1.3518835306167603,-1.5920337438583374,-2.87020206451416]","[-1.7015331983566284,-1.3518835306167603,-1.5920337438583374,-2.87020206451416]"
3,72,pure_coverage,"[""coverage"",""coverage"",""coverage"",""coverage""]","[0.0,0.0,1.0,0.9760000109672546,0.0,0.0,0.03333333507180214,0.0,1.0,1.0,0.0,0.0,0.0,0.0,0.0,0.0,0.0,0.0,0.0,0.0,0.0,0.0,0.0,0.0,0.0,0.0,0.0,0.0,0.0,0.0,0.0,0.0,0.0,0.0,0.0,0.0,0.0,0.0,0.0,0.0,0.0,0.0,0.0,0.0,0.0,0.0,0.0,0.0,0.0,0.0]","[3,6,3,6]","[-0.02689187042415142,-0.038260623812675476,-0.019057191908359528,-0.010345034301280975]",False,"[false,false,false,false]","[false,false,false,false]",pure_coverage,"[0.0,0.0,1.0,0.9756666421890259,0.0,0.0,0.06666667014360428,0.0,1.0,1.0,0.0,0.0,0.0,0.0,0.0,0.0,0.0,0.0,0.0,0.0,0.0,0.0,0.0,0.0,0.0,0.0,0.0,0.0,0.0,0.0,0.0,0.0,0.0,0.0,0.0,0.0,0.0,0.0,0.0,0.0,0.0,0.0,0.0,0.0,0.0,0.0,0.0,0.0,0.0,0.0]","[-1.8573074340820312,-1.8022270202636719,-1.2673168182373047,-2.9749889373779297]","[-2.154674530029297,-1.8312625885009766,-1.547372817993164,-2.8798160552978516]","[-0.41729380569120456,-0.5100194429622404,-0.4089697322980211,-0.11199265279809749]","[-1.686072826385498,-1.2969870567321777,-1.610273838043213,-2.8804526329040527]","[-1.686072826385498,-1.2969870567321777,-1.610273838043213,-2.8804526329040527]"
3,73,pure_coverage,"[""coverage"",""coverage"",""coverage"",""coverage""]","[0.0,0.0,1.0,0.9756666421890259,0.0,0.0,0.06666667014360428,0.0,1.0,1.0,0.0,0.0,0.0,0.0,0.0,0.0,0.0,0.0,0.0,0.0,0.0,0.0,0.0,0.0,0.0,0.0,0.0,0.0,0.0,0.0,0.0,0.0,0.0,0.0,0.0,0.0,0.0,0.0,0.0,0.0,0.0,0.0,0.0,0.0,0.0,0.0,0.0,0.0,0.0,0.0]","[3,6,3,2]","[-0.02888103388249874,-0.02947777882218361,-0.024221589788794518,-0.007436786312609911]",False,"[false,false,false,false]","[false,false,false,false]",pure_coverage,"[0.0,0.0,1.0,0.9753333330154419,0.0,0.0,0.10000000149011612,0.0,1.0,1.0,0.0,0.0,0.0,0.0,0.0,0.0,0.0,0.0,0.0,0.0,0.0,0.0,0.0,0.0,0.0,0.0,0.0,0.0,0.0,0.0,0.0,0.0,0.0,0.0,0.0,0.0,0.0,0.0,0.0,0.0,0.0,0.0,0.0,0.0,0.0,0.0,0.0,0.0,0.0,0.0]","[-2.154674530029297,-1.8312625885009766,-1.547372817993164,-2.8798160552978516]","[-2.1259918212890625,-1.6678848266601562,-1.61968994140625,-3.176328659057617]","[-0.39434538915863954,-0.4765240597470354,-0.393851050898648,-0.10267436211799648]","[-1.6507439613342285,-1.2419764995574951,-1.6104429960250854,-2.900113582611084]","[-1.6507439613342285,-1.2419764995574951,-1.6104429960250854,-2.900113582611084]"
3,74,pure_coverage,"[""coverage"",""coverage"",""coverage"",""coverage""]","[0.0,0.0,1.0,0.9753333330154419,0.0,0.0,0.10000000149011612,0.0,1.0,1.0,0.0,0.0,0.0,0.0,0.0,0.0,0.0,0.0,0.0,0.0,0.0,0.0,0.0,0.0,0.0,0.0,0.0,0.0,0.0,0.0,0.0,0.0,0.0,0.0,0.0,0.0,0.0,0.0,0.0,0.0,0.0,0.0,0.0,0.0,0.0,0.0,0.0,0.0,0.0,0.0]","[3,6,3,2]","[-0.029123665764927864,-0.02203293703496456,-0.026423141360282898,-0.004778608214110136]",False,"[false,false,false,false]","[false,false,false,false]",pure_coverage,"[0.0,0.0,1.0,0.9750000238418579,0.0,0.0,0.13333334028720856,0.0,1.0,1.0,0.0,0.0,0.0,0.0,0.0,0.0,0.0,0.0,0.0,0.0,0.0,0.0,0.0,0.0,0.0,0.0,0.0,0.0,0.0,0.0,0.0,0.0,0.0,0.0,0.0,0.0,0.0,0.0,0.0,0.0,0.0,0.0,0.0,0.0,0.0,0.0,0.0,0.0,0.0,0.0]","[-2.1259918212890625,-1.6678848266601562,-1.61968994140625,-3.176328659057617]","[-2.104339599609375,-1.5040702819824219,-1.720306396484375,-2.9550724029541016]","[-0.36915591442034423,-0.4515618999240927,-0.37336309203015505,-0.0961995715205925]","[-1.6125743389129639,-1.2014230489730835,-1.6013256311416626,-2.9085044860839844]","[-1.6125743389129639,-1.2014230489730835,-1.6013256311416626,-2.9085044860839844]"
3,75,pure_coverage,"[""coverage"",""coverage"",""coverage"",""coverage""]","[0.0,0.0,1.0,0.9750000238418579,0.0,0.0,0.13333334028720856,0.0,1.0,1.0,0.0,0.0,0.0,0.0,0.0,0.0,0.0,0.0,0.0,0.0,0.0,0.0,0.0,0.0,0.0,0.0,0.0,0.0,0.0,0.0,0.0,0.0,0.0,0.0,0.0,0.0,0.0,0.0,0.0,0.0,0.0,0.0,0.0,0.0,0.0,0.0,0.0,0.0,0.0,0.0]","[6,6,3,3]","[-0.02918143942952156,-0.01645943708717823,-0.02574470266699791,-0.003056536428630352]",False,"[false,false,false,false]","[false,false,false,false]",pure_coverage,"[0.0,0.0,1.0,0.9746666550636292,0.0,0.0,0.1666666716337204,0.0,1.0,1.0,0.0,0.0,0.0,0.0,0.0,0.0,0.0,0.0,0.0,0.0,0.0,0.0,0.0,0.0,0.0,0.0,0.0,0.0,0.0,0.0,0.0,0.0,0.0,0.0,0.0,0.0,0.0,0.0,0.0,0.0,0.0,0.0,0.0,0.0,0.0,0.0,0.0,0.0,0.0,0.0]","[-2.104339599609375,-1.5040702819824219,-1.720306396484375,-2.9550724029541016]","[-2.5897083282470703,-1.7174873352050781,-2.2481613159179688,-3.0305614471435547]","[-0.34346691783375394,-0.4338676392819476,-0.3504443946160325,-0.09234440738028521]","[-1.572871446609497,-1.1748416423797607,-1.5839951038360596,-2.9318978786468506]","[-1.572871446609497,-1.1748416423797607,-1.5839951038360596,-2.9318978786468506]"
3,76,pure_coverage,"[""coverage"",""coverage"",""coverage"",""coverage""]","[0.0,0.0,1.0,0.9746666550636292,0.0,0.0,0.1666666716337204,0.0,1.0,1.0,0.0,0.0,0.0,0.0,0.0,0.0,0.0,0.0,0.0,0.0,0.0,0.0,0.0,0.0,0.0,0.0,0.0,0.0,0.0,0.0,0.0,0.0,0.0,0.0,0.0,0.0,0.0,0.0,0.0,0.0,0.0,0.0,0.0,0.0,0.0,0.0,0.0,0.0,0.0,0.0]","[6,8,3,8]","[-0.03041982837021351,-0.009528039023280144,-0.024425093084573746,-0.0020945891737937927]",False,"[false,false,false,false]","[false,false,false,false]",pure_coverage,"[0.0,0.0,1.0,0.9743333458900452,0.0,0.0,0.20000000298023224,0.0,1.0,1.0,0.0,0.0,0.0,0.0,0.0,0.0,0.0,0.0,0.0,0.0,0.0,0.0,0.0,0.0,0.0,0.0,0.0,0.0,0.0,0.0,0.0,0.0,0.0,0.0,0.0,0.0,0.0,0.0,0.0,0.0,0.0,0.0,0.0,0.0,0.0,0.0,0.0,0.0,0.0,0.0]","[-2.5897083282470703,-1.7174873352050781,-2.2481613159179688,-3.0305614471435547]","[-2.8794212341308594,-1.7416343688964844,-2.7130165100097656,-3.2882938385009766]","[-0.31746007919619434,-0.4216244466613832,-0.3279794868172067,-0.09018976863803521]","[-1.5050498247146606,-1.1412721872329712,-1.5385078191757202,-2.9546289443969727]","[-1.5050498247146606,-1.1412721872329712,-1.5385078191757202,-2.9546289443969727]"
3,77,pure_coverage,"[""coverage"",""coverage"",""coverage"",""coverage""]","[0.0,0.0,1.0,0.9743333458900452,0.0,0.0,0.20000000298023224,0.0,1.0,1.0,0.0,0.0,0.0,0.0,0.0,0.0,0.0,0.0,0.0,0.0,0.0,0.0,0.0,0.0,0.0,0.0,0.0,0.0,0.0,0.0,0.0,0.0,0.0,0.0,0.0,0.0,0.0,0.0,0.0,0.0,0.0,0.0,0.0,0.0,0.0,0.0,0.0,0.0,0.0,0.0]","[6,8,3,8]","[-0.025857582688331604,-0.009662398137152195,-0.021516263484954834,-0.0013540490763261914]",False,"[false,false,false,false]","[false,false,false,false]",pure_coverage,"[0.0,0.0,1.0,0.9739999771118164,0.0,0.0,0.23333333432674408,0.0,1.0,1.0,0.0,0.0,0.0,0.0,0.0,0.0,0.0,0.0,0.0,0.0,0.0,0.0,0.0,0.0,0.0,0.0,0.0,0.0,0.0,0.0,0.0,0.0,0.0,0.0,0.0,0.0,0.0,0.0,0.0,0.0,0.0,0.0,0.0,0.0,0.0,0.0,0.0,0.0,0.0,0.0]","[-2.8794212341308594,-1.7416343688964844,-2.7130165100097656,-3.2882938385009766]","[-3.150484085083008,-1.685506820678711,-3.0978012084960938,-3.373077392578125]","[-0.28993964729897054,-0.4162589976142455,-0.3066205997299323,-0.08898502976186003]","[-1.4163728952407837,-1.111678123474121,-1.467079758644104,-2.9662561416625977]","[-1.4163728952407837,-1.111678123474121,-1.467079758644104,-2.9662561416625977]"
3,78,pure_coverage,"[""coverage"",""coverage"",""coverage"",""coverage""]","[0.0,0.0,1.0,0.9739999771118164,0.0,0.0,0.23333333432674408,0.0,1.0,1.0,0.0,0.0,0.0,0.0,0.0,0.0,0.0,0.0,0.0,0.0,0.0,0.0,0.0,0.0,0.0,0.0,0.0,0.0,0.0,0.0,0.0,0.0,0.0,0.0,0.0,0.0,0.0,0.0,0.0,0.0,0.0,0.0,0.0,0.0,0.0,0.0,0.0,0.0,0.0,0.0]","[6,8,3,8]","[-0.02420087717473507,-0.004327189642935991,-0.013441788963973522,-0.0014493409544229507]",False,"[false,false,false,false]","[false,false,false,false]",pure_coverage,"[0.0,0.0,1.0,0.9736666679382324,0.0,0.0,0.2666666805744171,0.0,1.0,1.0,0.0,0.0,0.0,0.0,0.0,0.0,0.0,0.0,0.0,0.0,0.0,0.0,0.0,0.0,0.0,0.0,0.0,0.0,0.0,0.0,0.0,0.0,0.0,0.0,0.0,0.0,0.0,0.0,0.0,0.0,0.0,0.0,0.0,0.0,0.0,0.0,0.0,0.0,0.0,0.0]","[-3.150484085083008,-1.685506820678711,-3.0978012084960938,-3.373077392578125]","[-3.343751907348633,-2.1393814086914062,-3.3208465576171875,-3.2432117462158203]","[-0.2667495602127666,-0.4107036358354478,-0.28798417802522974,-0.08851614210659983]","[-1.3126702308654785,-1.083022952079773,-1.3739737272262573,-2.9749438762664795]","[-1.3126702308654785,-1.083022952079773,-1.3739737272262573,-2.9749438762664795]"
3,79,pure_coverage,"[""coverage"",""coverage"",""coverage"",""coverage""]","[0.0,0.0,1.0,0.9736666679382324,0.0,0.0,0.2666666805744171,0.0,1.0,1.0,0.0,0.0,0.0,0.0,0.0,0.0,0.0,0.0,0.0,0.0,0.0,0.0,0.0,0.0,0.0,0.0,0.0,0.0,0.0,0.0,0.0,0.0,0.0,0.0,0.0,0.0,0.0,0.0,0.0,0.0,0.0,0.0,0.0,0.0,0.0,0.0,0.0,0.0,0.0,0.0]","[6,3,6,2]","[-0.020278962329030037,-0.0021098097786307335,-0.02199636399745941,-0.0018895494285970926]",False,"[false,false,false,false]","[false,false,false,false]",pure_coverage,"[0.0,0.0,1.0,0.9733333587646484,0.0,0.0,0.30000001192092896,0.0,1.0,1.0,0.0,0.0,0.0,0.0,0.0,0.0,0.0,0.0,0.0,0.0,0.0,0.0,0.0,0.0,0.0,0.0,0.0,0.0,0.0,0.0,0.0,0.0,0.0,0.0,0.0,0.0,0.0,0.0,0.0,0.0,0.0,0.0,0.0,0.0,0.0,0.0,0.0,0.0,0.0,0.0]","[-3.343751907348633,-2.1393814086914062,-3.3208465576171875,-3.2432117462158203]","[-3.264842987060547,-2.0971240997314453,-3.245859146118164,-3.251798629760742]","[-0.24499866973538537,-0.41048125878031494,-0.2773155445063194,-0.08794626379007765]","[-1.1939964294433594,-1.034339427947998,-1.2718234062194824,-2.990915060043335]","[-1.1939964294433594,-1.034339427947998,-1.2718234062194824,-2.990915060043335]"
3,80,pure_coverage,"[""coverage"",""coverage"",""coverage"",""coverage""]","[0.0,0.0,1.0,0.9733333587646484,0.0,0.0,0.30000001192092896,0.0,1.0,1.0,0.0,0.0,0.0,0.0,0.0,0.0,0.0,0.0,0.0,0.0,0.0,0.0,0.0,0.0,0.0,0.0,0.0,0.0,0.0,0.0,0.0,0.0,0.0,0.0,0.0,0.0,0.0,0.0,0.0,0.0,0.0,0.0,0.0,0.0,0.0,0.0,0.0,0.0,0.0,0.0]","[6,6,6,2]","[-0.011044280603528023,-0.0027566617354750633,-0.011152590624988079,-0.00038748973747715354]",False,"[false,false,false,false]","[false,false,false,false]",pure_coverage,"[0.0,0.0,1.0,0.9729999899864197,0.0,0.0,0.3333333432674408,0.0,1.0,1.0,0.0,0.0,0.0,0.0,0.0,0.0,0.0,0.0,0.0,0.0,0.0,0.0,0.0,0.0,0.0,0.0,0.0,0.0,0.0,0.0,0.0,0.0,0.0,0.0,0.0,0.0,0.0,0.0,0.0,0.0,0.0,0.0,0.0,0.0,0.0,0.0,0.0,0.0,0.0,0.0]","[-3.264842987060547,-2.0971240997314453,-3.245859146118164,-3.251798629760742]","[-3.045248031616211,-2.129528045654297,-2.8359756469726562,-3.289243698120117]","[-0.22698960344076297,-0.41249641313301433,-0.2578981621301616,-0.08692597410250562]","[-1.0761380195617676,-0.9871580600738525,-1.1580619812011719,-3.00697660446167]","[-1.0761380195617676,-0.9871580600738525,-1.1580619812011719,-3.00697660446167]"
3,81,pure_coverage,"[""coverage"",""coverage"",""coverage"",""coverage""]","[0.0,0.0,1.0,0.9729999899864197,0.0,0.0,0.3333333432674408,0.0,1.0,1.0,0.0,0.0,0.0,0.0,0.0,0.0,0.0,0.0,0.0,0.0,0.0,0.0,0.0,0.0,0.0,0.0,0.0,0.0,0.0,0.0,0.0,0.0,0.0,0.0,0.0,0.0,0.0,0.0,0.0,0.0,0.0,0.0,0.0,0.0,0.0,0.0,0.0,0.0,0.0,0.0]","[6,3,6,2]","[-0.006569127552211285,-0.0023156115785241127,-0.005581993144005537,-0.00012991370749659836]",False,"[false,false,false,false]","[false,false,false,false]",pure_coverage,"[0.0,0.0,1.0,0.9726666808128357,0.0,0.0,0.36666667461395264,0.0,1.0,1.0,0.0,0.0,0.0,0.0,0.0,0.0,0.0,0.0,0.0,0.0,0.0,0.0,0.0,0.0,0.0,0.0,0.0,0.0,0.0,0.0,0.0,0.0,0.0,0.0,0.0,0.0,0.0,0.0,0.0,0.0,0.0,0.0,0.0,0.0,0.0,0.0,0.0,0.0,0.0,0.0]","[-3.045248031616211,-2.129528045654297,-2.8359756469726562,-3.289243698120117]","[-2.757322311401367,-2.25067138671875,-2.4759178161621094,-4.317588806152344]","[-0.21812658872447974,-0.4138785367651912,-0.2492379510153268,-0.08741261046972572]","[-0.9721999168395996,-0.934598445892334,-1.070205807685852,-3.0236806869506836]","[-0.9721999168395996,-0.934598445892334,-1.070205807685852,-3.0236806869506836]"
3,82,pure_coverage,"[""coverage"",""coverage"",""coverage"",""coverage""]","[0.0,0.0,1.0,0.9726666808128357,0.0,0.0,0.36666667461395264,0.0,1.0,1.0,0.0,0.0,0.0,0.0,0.0,0.0,0.0,0.0,0.0,0.0,0.0,0.0,0.0,0.0,0.0,0.0,0.0,0.0,0.0,0.0,0.0,0.0,0.0,0.0,0.0,0.0,0.0,0.0,0.0,0.0,0.0,0.0,0.0,0.0,0.0,0.0,0.0,0.0,0.0,0.0]","[6,6,8,3]","[-0.0032372234854847193,-0.0020757971797138453,-0.004533873870968819,-0.0007732373778708279]",False,"[false,false,false,false]","[false,false,false,false]",pure_coverage,"[0.0,0.0,1.0,0.9723333120346069,0.0,0.0,0.4000000059604645,0.0,1.0,1.0,0.0,0.0,0.0,0.0,0.0,0.0,0.0,0.0,0.0,0.0,0.0,0.0,0.0,0.0,0.0,0.0,0.0,0.0,0.0,0.0,0.0,0.0,0.0,0.0,0.0,0.0,0.0,0.0,0.0,0.0,0.0,0.0,0.0,0.0,0.0,0.0,0.0,0.0,0.0,0.0]","[-2.757322311401367,-2.25067138671875,-2.4759178161621094,-4.317588806152344]","[-2.6453933715820312,-2.272541046142578,-2.694704055786133,-4.462621688842773]","[-0.21369440522451358,-0.4157201264511789,-0.24611712916295078,-0.0881643401638678]","[-0.8815982341766357,-0.8728066682815552,-1.0016647577285767,-2.9875917434692383]","[-0.8815982341766357,-0.8728066682815552,-1.0016647577285767,-2.9875917434692383]"
3,83,pure_coverage,"[""coverage"",""coverage"",""coverage"",""coverage""]","[0.0,0.0,1.0,0.9723333120346069,0.0,0.0,0.4000000059604645,0.0,1.0,1.0,0.0,0.0,0.0,0.0,0.0,0.0,0.0,0.0,0.0,0.0,0.0,0.0,0.0,0.0,0.0,0.0,0.0,0.0,0.0,0.0,0.0,0.0,0.0,0.0,0.0,0.0,0.0,0.0,0.0,0.0,0.0,0.0,0.0,0.0,0.0,0.0,0.0,0.0,0.0,0.0]","[6,6,8,2]","[-0.0007285914034582675,-0.002432107226923108,-0.004096528980880976,-0.0038043344393372536]",False,"[false,false,false,false]","[false,false,false,false]",pure_coverage,"[0.0,0.0,1.0,0.972000002861023,0.0,0.0,0.4333333373069763,0.0,1.0,1.0,0.0,0.0,0.0,0.0,0.0,0.0,0.0,0.0,0.0,0.0,0.0,0.0,0.0,0.0,0.0,0.0,0.0,0.0,0.0,0.0,0.0,0.0,0.0,0.0,0.0,0.0,0.0,0.0,0.0,0.0,0.0,0.0,0.0,0.0,0.0,0.0,0.0,0.0,0.0,0.0]","[-2.6453933715820312,-2.272541046142578,-2.694704055786133,-4.462621688842773]","[-2.143068313598633,-1.927480697631836,-2.4072017669677734,-5.526157379150391]","[-0.21258301185760492,-0.4178225548196617,-0.24402349019392117,-0.08827384119797674]","[-0.7946987152099609,-0.8062094449996948,-0.9183871746063232,-2.9409022331237793]","[-0.7946987152099609,-0.8062094449996948,-0.9183871746063232,-2.9409022331237793]"
3,84,pure_coverage,"[""coverage"",""coverage"",""coverage"",""coverage""]","[0.0,0.0,1.0,0.972000002861023,0.0,0.0,0.4333333373069763,0.0,1.0,1.0,0.0,0.0,0.0,0.0,0.0,0.0,0.0,0.0,0.0,0.0,0.0,0.0,0.0,0.0,0.0,0.0,0.0,0.0,0.0,0.0,0.0,0.0,0.0,0.0,0.0,0.0,0.0,0.0,0.0,0.0,0.0,0.0,0.0,0.0,0.0,0.0,0.0,0.0,0.0,0.0]","[6,6,6,2]","[-0.0014491977635771036,-0.0056296964175999165,-0.0016496226890012622,-0.0049923015758395195]",False,"[false,false,false,false]","[false,false,false,false]",pure_coverage,"[0.0,0.0,1.0,0.971666693687439,0.0,0.0,0.46666666865348816,0.0,1.0,1.0,0.0,0.0,0.0,0.0,0.0,0.0,0.0,0.0,0.0,0.0,0.0,0.0,0.0,0.0,0.0,0.0,0.0,0.0,0.0,0.0,0.0,0.0,0.0,0.0,0.0,0.0,0.0,0.0,0.0,0.0,0.0,0.0,0.0,0.0,0.0,0.0,0.0,0.0,0.0,0.0]","[-2.143068313598633,-1.927480697631836,-2.4072017669677734,-5.526157379150391]","[-1.589223861694336,-1.1566810607910156,-1.6508407592773438,-6.367954254150391]","[-0.21399436409509762,-0.41958631069973595,-0.24235046587175776,-0.08532273409963584]","[-0.7314070463180542,-0.7531813383102417,-0.8454376459121704,-2.8320610523223877]","[-0.7314070463180542,-0.7531813383102417,-0.8454376459121704,-2.8320610523223877]"
3,85,pure_coverage,"[""coverage"",""coverage"",""coverage"",""coverage""]","[0.0,0.0,1.0,0.971666693687439,0.0,0.0,0.46666666865348816,0.0,1.0,1.0,0.0,0.0,0.0,0.0,0.0,0.0,0.0,0.0,0.0,0.0,0.0,0.0,0.0,0.0,0.0,0.0,0.0,0.0,0.0,0.0,0.0,0.0,0.0,0.0,0.0,0.0,0.0,0.0,0.0,0.0,0.0,0.0,0.0,0.0,0.0,0.0,0.0,0.0,0.0,0.0]","[2,6,3,2]","[-0.0018977212021127343,-0.009993295185267925,-0.0002904208085965365,-0.003460627980530262]",False,"[false,false,false,false]","[false,false,false,false]",pure_coverage,"[0.0,0.0,1.0,0.9713333249092102,0.0,0.0,0.5,0.0,1.0,1.0,0.0,0.0,0.0,0.0,0.0,0.0,0.0,0.0,0.0,0.0,0.0,0.0,0.0,0.0,0.0,0.0,0.0,0.0,0.0,0.0,0.0,0.0,0.0,0.0,0.0,0.0,0.0,0.0,0.0,0.0,0.0,0.0,0.0,0.0,0.0,0.0,0.0,0.0,0.0,0.0]","[-1.589223861694336,-1.1566810607910156,-1.6508407592773438,-6.367954254150391]","[-1.616720199584961,-0.8017807006835938,-1.164388656616211,-5.921154022216797]","[-0.21469208720355606,-0.41813799422437986,-0.24313216483106717,-0.0811418510341377]","[-0.6924946904182434,-0.7339669466018677,-0.8102831840515137,-2.6707656383514404]","[-0.6924946904182434,-0.7339669466018677,-0.8102831840515137,-2.6707656383514404]"
3,86,pure_coverage,"[""coverage"",""coverage"",""coverage"",""coverage""]","[0.0,0.0,1.0,0.9713333249092102,0.0,0.0,0.5,0.0,1.0,1.0,0.0,0.0,0.0,0.0,0.0,0.0,0.0,0.0,0.0,0.0,0.0,0.0,0.0,0.0,0.0,0.0,0.0,0.0,0.0,0.0,0.0,0.0,0.0,0.0,0.0,0.0,0.0,0.0,0.0,0.0,0.0,0.0,0.0,0.0,0.0,0.0,0.0,0.0,0.0,0.0]","[3,3,3,2]","[-0.00317902909591794,-0.017848113551735878,-0.0011353687150403857,-0.00488310307264328]",False,"[false,false,false,false]","[false,false,false,false]",pure_coverage,"[0.0,0.0,1.0,0.9710000157356262,0.0,0.0,0.5333333611488342,0.0,1.0,1.0,0.0,0.0,0.0,0.0,0.0,0.0,0.0,0.0,0.0,0.0,0.0,0.0,0.0,0.0,0.0,0.0,0.0,0.0,0.0,0.0,0.0,0.0,0.0,0.0,0.0,0.0,0.0,0.0,0.0,0.0,0.0,0.0,0.0,0.0,0.0,0.0,0.0,0.0,0.0,0.0]","[-1.616720199584961,-0.8017807006835938,-1.164388656616211,-5.921154022216797]","[-1.6105823516845703,-0.7677669525146484,-1.0561904907226562,-5.651161193847656]","[-0.21494380404186195,-0.4122673727667797,-0.24529469093178852,-0.07846588187233074]","[-0.6491965055465698,-0.7275762557983398,-0.7999527454376221,-2.5244102478027344]","[-0.6491965055465698,-0.7275762557983398,-0.7999527454376221,-2.5244102478027344]"
3,87,pure_coverage,"[""coverage"",""coverage"",""coverage"",""coverage""]","[0.0,0.0,1.0,0.9710000157356262,0.0,0.0,0.5333333611488342,0.0,1.0,1.0,0.0,0.0,0.0,0.0,0.0,0.0,0.0,0.0,0.0,0.0,0.0,0.0,0.0,0.0,0.0,0.0,0.0,0.0,0.0,0.0,0.0,0.0,0.0,0.0,0.0,0.0,0.0,0.0,0.0,0.0,0.0,0.0,0.0,0.0,0.0,0.0,0.0,0.0,0.0,0.0]","[3,3,2,2]","[-0.005956597160547972,-0.01967518962919712,-0.0034932068083435297,-0.007568942848592997]",False,"[false,false,false,false]","[false,false,false,false]",pure_coverage,"[0.0,0.0,1.0,0.9706666469573975,0.0,0.0,0.5666666626930237,0.0,1.0,1.0,0.0,0.0,0.0,0.0,0.0,0.0,0.0,0.0,0.0,0.0,0.0,0.0,0.0,0.0,0.0,0.0,0.0,0.0,0.0,0.0,0.0,0.0,0.0,0.0,0.0,0.0,0.0,0.0,0.0,0.0,0.0,0.0,0.0,0.0,0.0,0.0,0.0,0.0,0.0,0.0]","[-1.6105823516845703,-0.7677669525146484,-1.0561904907226562,-5.651161193847656]","[-1.4749526977539062,-0.8534011840820312,-1.361593246459961,-5.654052734375]","[-0.2139038130767111,-0.3984032921364079,-0.24662557799671528,-0.0743260391916035]","[-0.6021196842193604,-0.7142196893692017,-0.7937650084495544,-2.381493091583252]","[-0.6021196842193604,-0.7142196893692017,-0.7937650084495544,-2.381493091583252]"
3,88,pure_coverage,"[""coverage"",""coverage"",""coverage"",""coverage""]","[0.0,0.0,1.0,0.9706666469573975,0.0,0.0,0.5666666626930237,0.0,1.0,1.0,0.0,0.0,0.0,0.0,0.0,0.0,0.0,0.0,0.0,0.0,0.0,0.0,0.0,0.0,0.0,0.0,0.0,0.0,0.0,0.0,0.0,0.0,0.0,0.0,0.0,0.0,0.0,0.0,0.0,0.0,0.0,0.0,0.0,0.0,0.0,0.0,0.0,0.0,0.0,0.0]","[6,3,8,3]","[-0.010498693212866783,-0.020696299150586128,-0.00734557444229722,-0.010995626449584961]",False,"[false,false,false,false]","[false,false,false,false]",pure_coverage,"[0.0,0.0,1.0,0.9703333377838135,0.0,0.0,0.6000000238418579,0.0,1.0,1.0,0.0,0.0,0.0,0.0,0.0,0.0,0.0,0.0,0.0,0.0,0.0,0.0,0.0,0.0,0.0,0.0,0.0,0.0,0.0,0.0,0.0,0.0,0.0,0.0,0.0,0.0,0.0,0.0,0.0,0.0,0.0,0.0,0.0,0.0,0.0,0.0,0.0,0.0,0.0,0.0]","[-1.4749526977539062,-0.8534011840820312,-1.361593246459961,-5.654052734375]","[-0.945709228515625,-0.6709938049316406,-0.6969318389892578,-5.407337188720703]","[-0.21004769284460922,-0.3825536388961725,-0.24558825372562804,-0.06743141044748535]","[-0.5562497973442078,-0.6935684680938721,-0.7686049938201904,-2.226526975631714]","[-0.5562497973442078,-0.6935684680938721,-0.7686049938201904,-2.226526975631714]"
3,89,pure_coverage,"[""coverage"",""coverage"",""coverage"",""coverage""]","[0.0,0.0,1.0,0.9703333377838135,0.0,0.0,0.6000000238418579,0.0,1.0,1.0,0.0,0.0,0.0,0.0,0.0,0.0,0.0,0.0,0.0,0.0,0.0,0.0,0.0,0.0,0.0,0.0,0.0,0.0,0.0,0.0,0.0,0.0,0.0,0.0,0.0,0.0,0.0,0.0,0.0,0.0,0.0,0.0,0.0,0.0,0.0,0.0,0.0,0.0,0.0,0.0]","[3,3,3,2]","[-0.009426622651517391,-0.028730202466249466,-0.014872218482196331,-0.009408009238541126]",False,"[false,false,false,false]","[false,false,false,false]",pure_coverage,"[0.0,0.0,1.0,0.9700000286102295,0.0,0.0,0.6333333253860474,0.0,1.0,1.0,0.0,0.0,0.0,0.0,0.0,0.0,0.0,0.0,0.0,0.0,0.0,0.0,0.0,0.0,0.0,0.0,0.0,0.0,0.0,0.0,0.0,0.0,0.0,0.0,0.0,0.0,0.0,0.0,0.0,0.0,0.0,0.0,0.0,0.0,0.0,0.0,0.0,0.0,0.0,0.0]","[-0.945709228515625,-0.6709938049316406,-0.6969318389892578,-5.407337188720703]","[-1.0135536193847656,-0.8369007110595703,-0.7195148468017578,-5.282636642456055]","[-0.20156464609266914,-0.3655124643894812,-0.24064917099326344,-0.057005842422121616]","[-0.530503511428833,-0.6801254749298096,-0.7727393507957458,-2.0710983276367188]","[-0.530503511428833,-0.6801254749298096,-0.7727393507957458,-2.0710983276367188]"
3,90,pure_coverage,"[""coverage"",""coverage"",""coverage"",""coverage""]","[0.0,0.0,1.0,0.9700000286102295,0.0,0.0,0.6333333253860474,0.0,1.0,1.0,0.0,0.0,0.0,0.0,0.0,0.0,0.0,0.0,0.0,0.0,0.0,0.0,0.0,0.0,0.0,0.0,0.0,0.0,0.0,0.0,0.0,0.0,0.0,0.0,0.0,0.0,0.0,0.0,0.0,0.0,0.0,0.0,0.0,0.0,0.0,0.0,0.0,0.0,0.0,0.0]","[3,3,3,3]","[-0.013987082056701183,-0.03462699055671692,-0.014193440787494183,-0.00859453808516264]",False,"[false,false,false,false]","[false,false,false,false]",pure_coverage,"[0.0,0.0,1.0,0.9696666598320007,0.0,0.0,0.6666666865348816,0.0,1.0,1.0,0.0,0.0,0.0,0.0,0.0,0.0,0.0,0.0,0.0,0.0,0.0,0.0,0.0,0.0,0.0,0.0,0.0,0.0,0.0,0.0,0.0,0.0,0.0,0.0,0.0,0.0,0.0,0.0,0.0,0.0,0.0,0.0,0.0,0.0,0.0,0.0,0.0,0.0,0.0,0.0]","[-1.0135536193847656,-0.8369007110595703,-0.7195148468017578,-5.282636642456055]","[-0.875213623046875,-0.7691364288330078,-0.8563079833984375,-4.890859603881836]","[-0.19407881155671894,-0.34018410295275936,-0.2280575277889567,-0.04807861937735403]","[-0.5006974935531616,-0.6485579013824463,-0.767943799495697,-1.914088249206543]","[-0.5006974935531616,-0.6485579013824463,-0.767943799495697,-1.914088249206543]"
3,91,pure_coverage,"[""coverage"",""coverage"",""coverage"",""coverage""]","[0.0,0.0,1.0,0.9696666598320007,0.0,0.0,0.6666666865348816,0.0,1.0,1.0,0.0,0.0,0.0,0.0,0.0,0.0,0.0,0.0,0.0,0.0,0.0,0.0,0.0,0.0,0.0,0.0,0.0,0.0,0.0,0.0,0.0,0.0,0.0,0.0,0.0,0.0,0.0,0.0,0.0,0.0,0.0,0.0,0.0,0.0,0.0,0.0,0.0,0.0,0.0,0.0]","[3,3,2,2]","[-0.017340172082185745,-0.03692542389035225,-0.01992390677332878,-0.008392756804823875]",False,"[false,false,false,false]","[false,false,false,false]",pure_coverage,"[0.0,0.0,1.0,0.9693333506584167,0.0,0.0,0.699999988079071,0.0,1.0,1.0,0.0,0.0,0.0,0.0,0.0,0.0,0.0,0.0,0.0,0.0,0.0,0.0,0.0,0.0,0.0,0.0,0.0,0.0,0.0,0.0,0.0,0.0,0.0,0.0,0.0,0.0,0.0,0.0,0.0,0.0,0.0,0.0,0.0,0.0,0.0,0.0,0.0,0.0,0.0,0.0]","[-0.875213623046875,-0.7691364288330078,-0.8563079833984375,-4.890859603881836]","[-0.7503929138183594,-0.8219890594482422,-0.8664436340332031,-4.8927764892578125]","[-0.18191083787880583,-0.30864354787479037,-0.21602433030450757,-0.039882910396152924]","[-0.471437931060791,-0.6122899651527405,-0.7563669681549072,-1.768629789352417]","[-0.471437931060791,-0.6122899651527405,-0.7563669681549072,-1.768629789352417]"
3,92,pure_coverage,"[""coverage"",""coverage"",""coverage"",""coverage""]","[0.0,0.0,1.0,0.9693333506584167,0.0,0.0,0.699999988079071,0.0,1.0,1.0,0.0,0.0,0.0,0.0,0.0,0.0,0.0,0.0,0.0,0.0,0.0,0.0,0.0,0.0,0.0,0.0,0.0,0.0,0.0,0.0,0.0,0.0,0.0,0.0,0.0,0.0,0.0,0.0,0.0,0.0,0.0,0.0,0.0,0.0,0.0,0.0,0.0,0.0,0.0,0.0]","[6,6,2,3]","[-0.020471535623073578,-0.03971739113330841,-0.024568749591708183,-0.008269986137747765]",False,"[false,false,false,false]","[false,false,false,false]",pure_coverage,"[0.0,0.0,1.0,0.968999981880188,0.0,0.0,0.7333333492279053,0.0,1.0,1.0,0.0,0.0,0.0,0.0,0.0,0.0,0.0,0.0,0.0,0.0,0.0,0.0,0.0,0.0,0.0,0.0,0.0,0.0,0.0,0.0,0.0,0.0,0.0,0.0,0.0,0.0,0.0,0.0,0.0,0.0,0.0,0.0,0.0,0.0,0.0,0.0,0.0,0.0,0.0,0.0]","[-0.7503929138183594,-0.8219890594482422,-0.8664436340332031,-4.8927764892578125]","[-0.3151531219482422,-0.5929279327392578,-0.8937225341796875,-4.755105972290039]","[-0.1662329957541617,-0.27446275149943244,-0.1980812358900796,-0.03180823595083742]","[-0.4433315396308899,-0.5685019493103027,-0.7374312281608582,-1.6140825748443604]","[-0.4433315396308899,-0.5685019493103027,-0.7374312281608582,-1.6140825748443604]"
3,93,pure_coverage,"[""coverage"",""coverage"",""coverage"",""coverage""]","[0.0,0.0,1.0,0.968999981880188,0.0,0.0,0.7333333492279053,0.0,1.0,1.0,0.0,0.0,0.0,0.0,0.0,0.0,0.0,0.0,0.0,0.0,0.0,0.0,0.0,0.0,0.0,0.0,0.0,0.0,0.0,0.0,0.0,0.0,0.0,0.0,0.0,0.0,0.0,0.0,0.0,0.0,0.0,0.0,0.0,0.0,0.0,0.0,0.0,0.0,0.0,0.0]","[3,3,2,2]","[-0.023617036640644073,-0.040477871894836426,-0.026237891986966133,-0.0061399065889418125]",False,"[false,false,false,false]","[false,false,false,false]",pure_coverage,"[0.0,0.0,1.0,0.968666672706604,0.0,0.0,0.7666666507720947,0.0,1.0,1.0,0.0,0.0,0.0,0.0,0.0,0.0,0.0,0.0,0.0,0.0,0.0,0.0,0.0,0.0,0.0,0.0,0.0,0.0,0.0,0.0,0.0,0.0,0.0,0.0,0.0,0.0,0.0,0.0,0.0,0.0,0.0,0.0,0.0,0.0,0.0,0.0,0.0,0.0,0.0,0.0]","[-0.3151531219482422,-0.5929279327392578,-0.8937225341796875,-4.755105972290039]","[-0.0047817230224609375,-0.6419410705566406,-1.8753700256347656,-4.922248840332031]","[-0.1472337981122102,-0.23711652562234753,-0.17526513767512264,-0.023776009912211772]","[-0.43302491307258606,-0.5310310125350952,-0.7109231948852539,-1.45713472366333]","[-0.43302491307258606,-0.5310310125350952,-0.7109231948852539,-1.45713472366333]"
3,94,pure_coverage,"[""coverage"",""coverage"",""coverage"",""coverage""]","[0.0,0.0,1.0,0.968666672706604,0.0,0.0,0.7666666507720947,0.0,1.0,1.0,0.0,0.0,0.0,0.0,0.0,0.0,0.0,0.0,0.0,0.0,0.0,0.0,0.0,0.0,0.0,0.0,0.0,0.0,0.0,0.0,0.0,0.0,0.0,0.0,0.0,0.0,0.0,0.0,0.0,0.0,0.0,0.0,0.0,0.0,0.0,0.0,0.0,0.0,0.0,0.0]","[3,3,8,2]","[-0.025698460638523102,-0.04089430347084999,-0.026626797392964363,-0.004851373843848705]",False,"[false,false,false,false]","[false,false,false,false]",pure_coverage,"[0.0,0.0,1.0,0.9683333039283752,0.0,0.0,0.800000011920929,0.0,1.0,1.0,0.0,0.0,0.0,0.0,0.0,0.0,0.0,0.0,0.0,0.0,0.0,0.0,0.0,0.0,0.0,0.0,0.0,0.0,0.0,0.0,0.0,0.0,0.0,0.0,0.0,0.0,0.0,0.0,0.0,0.0,0.0,0.0,0.0,0.0,0.0,0.0,0.0,0.0,0.0,0.0]","[-0.0047817230224609375,-0.6419410705566406,-1.8753700256347656,-4.922248840332031]","[-0.34004783630371094,-0.8336734771728516,-1.0800457000732422,-5.254039764404297]","[-0.12486541562784458,-0.19862490275506173,-0.1505325714021783,-0.01781424578108077]","[-0.4350570738315582,-0.4878012239933014,-0.6292977333068848,-1.2837252616882324]","[-0.4350570738315582,-0.4878012239933014,-0.6292977333068848,-1.2837252616882324]"
3,95,pure_coverage,"[""coverage"",""coverage"",""coverage"",""coverage""]","[0.0,0.0,1.0,0.9683333039283752,0.0,0.0,0.800000011920929,0.0,1.0,1.0,0.0,0.0,0.0,0.0,0.0,0.0,0.0,0.0,0.0,0.0,0.0,0.0,0.0,0.0,0.0,0.0,0.0,0.0,0.0,0.0,0.0,0.0,0.0,0.0,0.0,0.0,0.0,0.0,0.0,0.0,0.0,0.0,0.0,0.0,0.0,0.0,0.0,0.0,0.0,0.0]","[3,3,2,2]","[-0.02127833291888237,-0.0409780815243721,-0.021543866023421288,-0.004274255596101284]",False,"[false,false,false,false]","[false,false,false,false]",pure_coverage,"[0.0,0.0,1.0,0.9679999947547913,0.0,0.0,0.8333333134651184,0.0,1.0,1.0,0.0,0.0,0.0,0.0,0.0,0.0,0.0,0.0,0.0,0.0,0.0,0.0,0.0,0.0,0.0,0.0,0.0,0.0,0.0,0.0,0.0,0.0,0.0,0.0,0.0,0.0,0.0,0.0,0.0,0.0,0.0,0.0,0.0,0.0,0.0,0.0,0.0,0.0,0.0,0.0]","[-0.34004783630371094,-0.8336734771728516,-1.0800457000732422,-5.254039764404297]","[-1.0852928161621094,-1.1831321716308594,-2.557872772216797,-5.690595626831055]","[-0.10016864140335502,-0.15932383766081995,-0.1251573474840545,-0.013093810037608147]","[-0.4173591136932373,-0.431302547454834,-0.5839539766311646,-1.0832524299621582]","[-0.4173591136932373,-0.431302547454834,-0.5839539766311646,-1.0832524299621582]"
3,96,pure_coverage,"[""coverage"",""coverage"",""coverage"",""coverage""]","[0.0,0.0,1.0,0.9679999947547913,0.0,0.0,0.8333333134651184,0.0,1.0,1.0,0.0,0.0,0.0,0.0,0.0,0.0,0.0,0.0,0.0,0.0,0.0,0.0,0.0,0.0,0.0,0.0,0.0,0.0,0.0,0.0,0.0,0.0,0.0,0.0,0.0,0.0,0.0,0.0,0.0,0.0,0.0,0.0,0.0,0.0,0.0,0.0,0.0,0.0,0.0,0.0]","[3,3,5,8]","[-0.0208489578217268,-0.04327063262462616,-0.022506127133965492,-0.0035999715328216553]",False,"[false,false,false,false]","[false,false,false,false]",pure_coverage,"[0.0,0.0,1.0,0.9676666855812073,0.0,0.0,0.8666666746139526,0.0,1.0,1.0,0.0,0.0,0.0,0.0,0.0,0.0,0.0,0.0,0.0,0.0,0.0,0.0,0.0,0.0,0.0,0.0,0.0,0.0,0.0,0.0,0.0,0.0,0.0,0.0,0.0,0.0,0.0,0.0,0.0,0.0,0.0,0.0,0.0,0.0,0.0,0.0,0.0,0.0,0.0,0.0]","[-1.0852928161621094,-1.1831321716308594,-2.557872772216797,-5.690595626831055]","[-1.4807186126708984,-1.570037841796875,-3.1581287384033203,-5.074010848999023]","[-0.07968718028734612,-0.11954116781459379,-0.10466008228346789,-0.008908640850006932]","[-0.3640178442001343,-0.35274791717529297,-0.4633655548095703,-0.8477334976196289]","[-0.3640178442001343,-0.35274791717529297,-0.4633655548095703,-0.8477334976196289]"
3,97,pure_coverage,"[""coverage"",""coverage"",""coverage"",""coverage""]","[0.0,0.0,1.0,0.9676666855812073,0.0,0.0,0.8666666746139526,0.0,1.0,1.0,0.0,0.0,0.0,0.0,0.0,0.0,0.0,0.0,0.0,0.0,0.0,0.0,0.0,0.0,0.0,0.0,0.0,0.0,0.0,0.0,0.0,0.0,0.0,0.0,0.0,0.0,0.0,0.0,0.0,0.0,0.0,0.0,0.0,0.0,0.0,0.0,0.0,0.0,0.0,0.0]","[3,6,8,6]","[-0.02212406136095524,-0.03339818865060806,-0.02611881121993065,-0.0033771067392081022]",False,"[false,false,false,false]","[false,false,false,false]",pure_coverage,"[0.0,0.0,1.0,0.9673333168029785,0.0,0.0,0.8999999761581421,0.0,1.0,1.0,0.0,0.0,0.0,0.0,0.0,0.0,0.0,0.0,0.0,0.0,0.0,0.0,0.0,0.0,0.0,0.0,0.0,0.0,0.0,0.0,0.0,0.0,0.0,0.0,0.0,0.0,0.0,0.0,0.0,0.0,0.0,0.0,0.0,0.0,0.0,0.0,0.0,0.0,0.0,0.0]","[-1.4807186126708984,-1.570037841796875,-3.1581287384033203,-5.074010848999023]","[-1.6261634826660156,-1.3267974853515625,-2.0126209259033203,-3.3353443145751953]","[-0.059432547945070024,-0.07704094463633093,-0.08298379308030546,-0.005362292239581089]","[-0.2869466543197632,-0.2464226484298706,-0.3025326728820801,-0.6304841041564941]","[-0.2869466543197632,-0.2464226484298706,-0.3025326728820801,-0.6304841041564941]"
3,98,pure_coverage,"[""coverage"",""coverage"",""coverage"",""coverage""]","[0.0,0.0,1.0,0.9673333168029785,0.0,0.0,0.8999999761581421,0.0,1.0,1.0,0.0,0.0,0.0,0.0,0.0,0.0,0.0,0.0,0.0,0.0,0.0,0.0,0.0,0.0,0.0,0.0,0.0,0.0,0.0,0.0,0.0,0.0,0.0,0.0,0.0,0.0,0.0,0.0,0.0,0.0,0.0,0.0,0.0,0.0,0.0,0.0,0.0,0.0,0.0,0.0]","[6,6,8,2]","[-0.020944001153111458,-0.028324369341135025,-0.027675123885273933,-0.0011124310549348593]",False,"[false,false,false,false]","[false,false,false,false]",pure_coverage,"[0.0,0.0,1.0,0.9670000076293945,0.0,0.0,0.9333333373069763,0.0,1.0,1.0,0.0,0.0,0.0,0.0,0.0,0.0,0.0,0.0,0.0,0.0,0.0,0.0,0.0,0.0,0.0,0.0,0.0,0.0,0.0,0.0,0.0,0.0,0.0,0.0,0.0,0.0,0.0,0.0,0.0,0.0,0.0,0.0,0.0,0.0,0.0,0.0,0.0,0.0,0.0,0.0]","[-1.6261634826660156,-1.3267974853515625,-2.0126209259033203,-3.3353443145751953]","[-1.8372211456298828,-1.3816566467285156,-1.451711654663086,-5.197563171386719]","[-0.03768533998395433,-0.04408359190477058,-0.0574393756165402,-0.0020052378791646334]","[-0.19598877429962158,-0.1566699743270874,-0.18797338008880615,-0.49123573303222656]","[-0.19598877429962158,-0.1566699743270874,-0.18797338008880615,-0.49123573303222656]"
3,99,pure_coverage,"[""coverage"",""coverage"",""coverage"",""coverage""]","[0.0,0.0,1.0,0.9670000076293945,0.0,0.0,0.9333333373069763,0.0,1.0,1.0,0.0,0.0,0.0,0.0,0.0,0.0,0.0,0.0,0.0,0.0,0.0,0.0,0.0,0.0,0.0,0.0,0.0,0.0,0.0,0.0,0.0,0.0,0.0,0.0,0.0,0.0,0.0,0.0,0.0,0.0,0.0,0.0,0.0,0.0,0.0,0.0,0.0,0.0,0.0,0.0]","[6,6,8,3]","[-0.017566395923495293,-0.02165072038769722,-0.029061026871204376,-0.0012160822516307235]",False,"[false,false,false,false]","[false,false,false,false]",pure_coverage,"[0.0,0.0,1.0,0.9666666388511658,0.0,0.0,0.9666666388511658,0.0,1.0,1.0,0.0,0.0,0.0,0.0,0.0,0.0,0.0,0.0,0.0,0.0,0.0,0.0,0.0,0.0,0.0,0.0,0.0,0.0,0.0,0.0,0.0,0.0,0.0,0.0,0.0,0.0,0.0,0.0,0.0,0.0,0.0,0.0,0.0,0.0,0.0,0.0,0.0,0.0,0.0,0.0]","[-1.8372211456298828,-1.3816566467285156,-1.451711654663086,-5.197563171386719]","[-1.4642372131347656,-0.9604358673095703,-1.2933082580566406,-4.982975006103516]","[-0.016910443263477647,-0.015918406629934906,-0.030064900738652797,-0.0009018250749795698]","[-0.08942306041717529,-0.06374657154083252,-0.09403347969055176,-0.2475748062133789]","[-0.08942306041717529,-0.06374657154083252,-0.09403347969055176,-0.2475748062133789]"
3,100,pure_coverage,"[""coverage"",""coverage"",""coverage"",""coverage""]","[0.0,0.0,1.0,0.9666666388511658,0.0,0.0,0.9666666388511658,0.0,1.0,1.0,0.0,0.0,0.0,0.0,0.0,0.0,0.0,0.0,0.0,0.0,0.0,0.0,0.0,0.0,0.0,0.0,0.0,0.0,0.0,0.0,0.0,0.0,0.0,0.0,0.0,0.0,0.0,0.0,0.0,0.0,0.0,0.0,0.0,0.0,0.0,0.0,0.0,0.0,0.0,0.0]","[6,6,6,6]","[0.0006625784444622695,0.005790215916931629,-0.0010140140075236559,0.00031743149156682193]",False,"[true,true,true,true]","[false,false,false,false]",pure_coverage,"[0.0,0.0,1.0,0.9663333296775818,0.0,0.0,1.0,1.0,1.0,1.0,0.0,0.0,0.0,0.0,0.0,0.0,0.0,0.0,0.0,0.0,0.0,0.0,0.0,0.0,0.0,0.0,0.0,0.0,0.0,0.0,0.0,0.0,0.0,0.0,0.0,0.0,0.0,0.0,0.0,0.0,0.0,0.0,0.0,0.0,0.0,0.0,0.0,0.0,0.0,0.0]","[-1.4642372131347656,-0.9604358673095703,-1.2933082580566406,-4.982975006103516]","[-1.4711875915527344,-0.7091217041015625,-0.7532844543457031,-3.686023712158203]","[0.0006625784444622695,0.005790215916931629,-0.0010140140075236559,0.00031743149156682193]","[0.0006625652313232422,0.005790233612060547,-0.0010139942169189453,0.00031757354736328125]","[0.0006625652313232422,0.005790233612060547,-0.0010139942169189453,0.00031757354736328125]"
