line,step,mode,episodes,scene,seed_base,normal_capture_rate,collision_rate,ring2_rate,ring3_rate,strict_geometry_rate,checkpoint_sha256,source_evaluation,evaluation_sha256,cloud_evaluation
p1-control,775000,argmax,10,3P1E0O4C,2056100900,0.9,0.1,0.9,0.9,0.9,c6816b3417a02e7ff2b662b127ff72691eba43a78d9b9f0280bc752f558d78d8,/home/yjq/rl/CoCap1/batch01-p1-control-v3r2-20261009/runs/B01-P1-CONTROL-PROV-V3R2-20261009/evaluations/screen_000775000.json,b12c39f8798acc15d3b2a767b70a03da3b18fc7c272b7a9558bad4000d9af98d,artifacts/2026-10-09_terl_mappo_batch01/commander_v3r2/status_20261011/screens/p1-control/screen_000775000.json
p1-control,775000,sample,10,3P1E0O4C,2056100900,0.9,0.1,0.9,0.9,0.9,c6816b3417a02e7ff2b662b127ff72691eba43a78d9b9f0280bc752f558d78d8,/home/yjq/rl/CoCap1/batch01-p1-control-v3r2-20261009/runs/B01-P1-CONTROL-PROV-V3R2-20261009/evaluations/screen_000775000.json,b12c39f8798acc15d3b2a767b70a03da3b18fc7c272b7a9558bad4000d9af98d,artifacts/2026-10-09_terl_mappo_batch01/commander_v3r2/status_20261011/screens/p1-control/screen_000775000.json
p1-control,800000,argmax,10,3P1E0O4C,2056100900,0.2,0.1,0.9,0.7,0.2,92a5d872ec43629ee0a2b8d32437cc35acb534f90ea906d782211c76bcf21521,/home/yjq/rl/CoCap1/batch01-p1-control-long-v3r2-20261010/runs/B01-P1-CONTROL-PROVLONG-V3R2-20261010/evaluations/screen_000800000.json,3b55bba00b76f060eb934eb9d92e7099e8f1399b85e6f5425d5c805fecd8e0b0,artifacts/2026-10-09_terl_mappo_batch01/commander_v3r2/status_20261011/screens/p1-control/screen_000800000.json
p1-control,800000,sample,10,3P1E0O4C,2056100900,0.3,0.4,1.0,1.0,0.3,92a5d872ec43629ee0a2b8d32437cc35acb534f90ea906d782211c76bcf21521,/home/yjq/rl/CoCap1/batch01-p1-control-long-v3r2-20261010/runs/B01-P1-CONTROL-PROVLONG-V3R2-20261010/evaluations/screen_000800000.json,3b55bba00b76f060eb934eb9d92e7099e8f1399b85e6f5425d5c805fecd8e0b0,artifacts/2026-10-09_terl_mappo_batch01/commander_v3r2/status_20261011/screens/p1-control/screen_000800000.json
p1-control,825000,argmax,10,3P1E0O4C,2056100900,0.3,0.2,0.8,0.4,0.3,79e41ce6f8c336f1c4d89cf23d7fd9f21a62737243437ef251c0a4b0687b57b5,/home/yjq/rl/CoCap1/batch01-p1-control-long-v3r2-20261010/runs/B01-P1-CONTROL-PROVLONG-V3R2-20261010/evaluations/screen_000825000.json,0fb41eaaff31c2618ece45bc1cb7b75d7313c6aad9126edb60c1a95a76303866,artifacts/2026-10-09_terl_mappo_batch01/commander_v3r2/status_20261011/screens/p1-control/screen_000825000.json
p1-control,825000,sample,10,3P1E0O4C,2056100900,0.5,0.1,1.0,1.0,0.5,79e41ce6f8c336f1c4d89cf23d7fd9f21a62737243437ef251c0a4b0687b57b5,/home/yjq/rl/CoCap1/batch01-p1-control-long-v3r2-20261010/runs/B01-P1-CONTROL-PROVLONG-V3R2-20261010/evaluations/screen_000825000.json,0fb41eaaff31c2618ece45bc1cb7b75d7313c6aad9126edb60c1a95a76303866,artifacts/2026-10-09_terl_mappo_batch01/commander_v3r2/status_20261011/screens/p1-control/screen_000825000.json
p1-control,850000,argmax,10,3P1E0O4C,2056100900,0.7,0.3,0.8,0.7,0.7,b7e796c641c21588ccf23eaaa15cb413b675655ec90af2894b2d90e84e7f699d,/home/yjq/rl/CoCap1/batch01-p1-control-long-v3r2-20261010/runs/B01-P1-CONTROL-PROVLONG-V3R2-20261010/evaluations/screen_000850000.json,872d4afff27476b7229ec0b42099f369e47d074c26a39a59e24e3f10c23813c3,artifacts/2026-10-09_terl_mappo_batch01/commander_v3r2/status_20261011/screens/p1-control/screen_000850000.json
p1-control,850000,sample,10,3P1E0O4C,2056100900,0.7,0.1,0.9,0.9,0.7,b7e796c641c21588ccf23eaaa15cb413b675655ec90af2894b2d90e84e7f699d,/home/yjq/rl/CoCap1/batch01-p1-control-long-v3r2-20261010/runs/B01-P1-CONTROL-PROVLONG-V3R2-20261010/evaluations/screen_000850000.json,872d4afff27476b7229ec0b42099f369e47d074c26a39a59e24e3f10c23813c3,artifacts/2026-10-09_terl_mappo_batch01/commander_v3r2/status_20261011/screens/p1-control/screen_000850000.json
p1-control,875000,argmax,10,3P1E0O4C,2056100900,0.4,0.1,0.9,0.7,0.4,10bb30a15fc8fe34715f339487ce5f3894d0dd15f9e8abb6d4d679dab9578bc8,/home/yjq/rl/CoCap1/batch01-p1-control-long-v3r2-20261010/runs/B01-P1-CONTROL-PROVLONG-V3R2-20261010/evaluations/screen_000875000.json,9b6fd24cdc350416931d77f7d28ef40d2877c53cea8fa5f51312fa4dc976a9ba,artifacts/2026-10-09_terl_mappo_batch01/commander_v3r2/status_20261011/screens/p1-control/screen_000875000.json
p1-control,875000,sample,10,3P1E0O4C,2056100900,0.5,0.3,0.9,0.8,0.6,10bb30a15fc8fe34715f339487ce5f3894d0dd15f9e8abb6d4d679dab9578bc8,/home/yjq/rl/CoCap1/batch01-p1-control-long-v3r2-20261010/runs/B01-P1-CONTROL-PROVLONG-V3R2-20261010/evaluations/screen_000875000.json,9b6fd24cdc350416931d77f7d28ef40d2877c53cea8fa5f51312fa4dc976a9ba,artifacts/2026-10-09_terl_mappo_batch01/commander_v3r2/status_20261011/screens/p1-control/screen_000875000.json
p1-control,900000,argmax,10,3P1E0O4C,2056100900,0.7,0.3,0.8,0.8,0.7,46d5a26b9762b342c7a09179a0f01ea8bb4cf39f33c4bb784aa017fae3870ebf,/home/yjq/rl/CoCap1/batch01-p1-control-long-v3r2-20261010/runs/B01-P1-CONTROL-PROVLONG-V3R2-20261010/evaluations/screen_000900000.json,8b7740dc5d3c1f1814daf1b53846c48112782fb4adab035eabbc81645d16eb1e,artifacts/2026-10-09_terl_mappo_batch01/commander_v3r2/status_20261011/screens/p1-control/screen_000900000.json
p1-control,900000,sample,10,3P1E0O4C,2056100900,0.8,0.1,0.9,0.9,0.8,46d5a26b9762b342c7a09179a0f01ea8bb4cf39f33c4bb784aa017fae3870ebf,/home/yjq/rl/CoCap1/batch01-p1-control-long-v3r2-20261010/runs/B01-P1-CONTROL-PROVLONG-V3R2-20261010/evaluations/screen_000900000.json,8b7740dc5d3c1f1814daf1b53846c48112782fb4adab035eabbc81645d16eb1e,artifacts/2026-10-09_terl_mappo_batch01/commander_v3r2/status_20261011/screens/p1-control/screen_000900000.json
p1-control,925000,argmax,10,3P1E0O4C,2056100900,0.8,0.2,0.8,0.8,0.8,c403e9d0ddde9c033fc0ab7572acae7cae50c8627efa5dc293691af49b29473b,/home/yjq/rl/CoCap1/batch01-p1-control-long-v3r2-20261010/runs/B01-P1-CONTROL-PROVLONG-V3R2-20261010/evaluations/screen_000925000.json,32073fd59848d5e8697f1d15bf5e44a731cc93439fb3747a07839f22a18309c6,artifacts/2026-10-09_terl_mappo_batch01/commander_v3r2/status_20261011/screens/p1-control/screen_000925000.json
p1-control,925000,sample,10,3P1E0O4C,2056100900,0.6,0.2,0.9,0.8,0.6,c403e9d0ddde9c033fc0ab7572acae7cae50c8627efa5dc293691af49b29473b,/home/yjq/rl/CoCap1/batch01-p1-control-long-v3r2-20261010/runs/B01-P1-CONTROL-PROVLONG-V3R2-20261010/evaluations/screen_000925000.json,32073fd59848d5e8697f1d15bf5e44a731cc93439fb3747a07839f22a18309c6,artifacts/2026-10-09_terl_mappo_batch01/commander_v3r2/status_20261011/screens/p1-control/screen_000925000.json
p1-control,950000,argmax,10,3P1E0O4C,2056100900,0.5,0.4,0.8,0.6,0.5,34644533274cf936ae5a289ca63114e1860f1fbed0343b4c8db288d8b0713791,/home/yjq/rl/CoCap1/batch01-p1-control-long-v3r2-20261010/runs/B01-P1-CONTROL-PROVLONG-V3R2-20261010/evaluations/screen_000950000.json,2fa84c3f73c460f41866800702756fd3419713cbf714bda25c97bf02210956c5,artifacts/2026-10-09_terl_mappo_batch01/commander_v3r2/status_20261011/screens/p1-control/screen_000950000.json
p1-control,950000,sample,10,3P1E0O4C,2056100900,0.4,0.6,0.8,0.6,0.4,34644533274cf936ae5a289ca63114e1860f1fbed0343b4c8db288d8b0713791,/home/yjq/rl/CoCap1/batch01-p1-control-long-v3r2-20261010/runs/B01-P1-CONTROL-PROVLONG-V3R2-20261010/evaluations/screen_000950000.json,2fa84c3f73c460f41866800702756fd3419713cbf714bda25c97bf02210956c5,artifacts/2026-10-09_terl_mappo_batch01/commander_v3r2/status_20261011/screens/p1-control/screen_000950000.json
p1-control,975000,argmax,10,3P1E0O4C,2056100900,0.3,0.4,0.8,0.8,0.3,8728fd9ced2c50798b061f30843a57ac3bc89518c68e99c057ea1396d1da64e0,/home/yjq/rl/CoCap1/batch01-p1-control-long-v3r2-20261010/runs/B01-P1-CONTROL-PROVLONG-V3R2-20261010/evaluations/screen_000975000.json,e05c6c25b5b53244162afa0b8a37001dd31cbdcbce1194c4db5ec9ac1480c65c,artifacts/2026-10-09_terl_mappo_batch01/commander_v3r2/status_20261011/screens/p1-control/screen_000975000.json
p1-control,975000,sample,10,3P1E0O4C,2056100900,0.4,0.4,0.9,0.9,0.4,8728fd9ced2c50798b061f30843a57ac3bc89518c68e99c057ea1396d1da64e0,/home/yjq/rl/CoCap1/batch01-p1-control-long-v3r2-20261010/runs/B01-P1-CONTROL-PROVLONG-V3R2-20261010/evaluations/screen_000975000.json,e05c6c25b5b53244162afa0b8a37001dd31cbdcbce1194c4db5ec9ac1480c65c,artifacts/2026-10-09_terl_mappo_batch01/commander_v3r2/status_20261011/screens/p1-control/screen_000975000.json
p1-control,1000000,argmax,20,3P1E0O4C,2056100900,0.4,0.45,0.75,0.6,0.4,6bec9a74546794f6eb46af62fe682008acd249b4afacf0a067f3662fbaf17761,/home/yjq/rl/CoCap1/batch01-p1-control-long-v3r2-20261010/runs/B01-P1-CONTROL-PROVLONG-V3R2-20261010/evaluations/screen_001000000.json,a7cde541f4a71efb6fe75dd52722b27b9bf9b90e06d086d889c26a6241b15a16,artifacts/2026-10-09_terl_mappo_batch01/commander_v3r2/status_20261011/screens/p1-control/screen_001000000.json
p1-control,1000000,sample,20,3P1E0O4C,2056100900,0.45,0.4,0.8,0.7,0.45,6bec9a74546794f6eb46af62fe682008acd249b4afacf0a067f3662fbaf17761,/home/yjq/rl/CoCap1/batch01-p1-control-long-v3r2-20261010/runs/B01-P1-CONTROL-PROVLONG-V3R2-20261010/evaluations/screen_001000000.json,a7cde541f4a71efb6fe75dd52722b27b9bf9b90e06d086d889c26a6241b15a16,artifacts/2026-10-09_terl_mappo_batch01/commander_v3r2/status_20261011/screens/p1-control/screen_001000000.json
p1-treatment,775000,argmax,10,3P1E0O4C,2056100900,0.9,0.1,0.9,0.9,0.9,824e629df898409d4b804e9b097fd51cda0e181ec3217240d56a8afe5a4f92bb,/home/yjq/rl/CoCap1/batch01-p1-treatment-v3r2-20261009/runs/B01-P1-TREATMENT-PROV-V3R2-20261009/evaluations/screen_000775000.json,58f1d48a689b4ea4c01175c490faa8a4d337af3108bd49de2f0dc3756f2c00ea,artifacts/2026-10-09_terl_mappo_batch01/commander_v3r2/status_20261011/screens/p1-treatment/screen_000775000.json
p1-treatment,775000,sample,10,3P1E0O4C,2056100900,0.9,0.1,0.9,0.9,0.9,824e629df898409d4b804e9b097fd51cda0e181ec3217240d56a8afe5a4f92bb,/home/yjq/rl/CoCap1/batch01-p1-treatment-v3r2-20261009/runs/B01-P1-TREATMENT-PROV-V3R2-20261009/evaluations/screen_000775000.json,58f1d48a689b4ea4c01175c490faa8a4d337af3108bd49de2f0dc3756f2c00ea,artifacts/2026-10-09_terl_mappo_batch01/commander_v3r2/status_20261011/screens/p1-treatment/screen_000775000.json
p1-treatment,800000,argmax,10,3P1E0O4C,2056100900,0.8,0.2,0.9,0.8,0.8,ec4b6b37d6be2cf7b9fcceb5164c2242a1ace4465ce6c0a9d45b6af06852344d,/home/yjq/rl/CoCap1/batch01-p1-treatment-long-v3r2-20261010/runs/B01-P1-TREATMENT-PROVLONG-V3R2-20261010/evaluations/screen_000800000.json,08035112f964777c753f12c7a0026695b32bf7969c927a87d4cda03767e98318,artifacts/2026-10-09_terl_mappo_batch01/commander_v3r2/status_20261011/screens/p1-treatment/screen_000800000.json
p1-treatment,800000,sample,10,3P1E0O4C,2056100900,0.9,0.1,0.9,0.9,0.9,ec4b6b37d6be2cf7b9fcceb5164c2242a1ace4465ce6c0a9d45b6af06852344d,/home/yjq/rl/CoCap1/batch01-p1-treatment-long-v3r2-20261010/runs/B01-P1-TREATMENT-PROVLONG-V3R2-20261010/evaluations/screen_000800000.json,08035112f964777c753f12c7a0026695b32bf7969c927a87d4cda03767e98318,artifacts/2026-10-09_terl_mappo_batch01/commander_v3r2/status_20261011/screens/p1-treatment/screen_000800000.json
p1-treatment,825000,argmax,10,3P1E0O4C,2056100900,0.4,0.2,0.9,0.9,0.4,ff99686f8740f10dccca9d884cfb98ab96d61c1cfeaecb8362a47cf895d0ce9d,/home/yjq/rl/CoCap1/batch01-p1-treatment-long-v3r2-20261010/runs/B01-P1-TREATMENT-PROVLONG-V3R2-20261010/evaluations/screen_000825000.json,8ae4b64420c2383870e162a67ea66e0730c59c16aa672a071a042d5f9afc2010,artifacts/2026-10-09_terl_mappo_batch01/commander_v3r2/status_20261011/screens/p1-treatment/screen_000825000.json
p1-treatment,825000,sample,10,3P1E0O4C,2056100900,0.6,0.1,0.9,0.9,0.6,ff99686f8740f10dccca9d884cfb98ab96d61c1cfeaecb8362a47cf895d0ce9d,/home/yjq/rl/CoCap1/batch01-p1-treatment-long-v3r2-20261010/runs/B01-P1-TREATMENT-PROVLONG-V3R2-20261010/evaluations/screen_000825000.json,8ae4b64420c2383870e162a67ea66e0730c59c16aa672a071a042d5f9afc2010,artifacts/2026-10-09_terl_mappo_batch01/commander_v3r2/status_20261011/screens/p1-treatment/screen_000825000.json
p1-treatment,850000,argmax,10,3P1E0O4C,2056100900,1.0,0.0,1.0,1.0,1.0,8ca1f7cf2f3858cbd16cd1250250c2f395b5638af9b5c345f396b6ef58188d61,/home/yjq/rl/CoCap1/batch01-p1-treatment-long-v3r2-20261010/runs/B01-P1-TREATMENT-PROVLONG-V3R2-20261010/evaluations/screen_000850000.json,e1e005145ac037bfc89073578232d4c47b47a9d5441b7ab51df7591ba419a3ba,artifacts/2026-10-09_terl_mappo_batch01/commander_v3r2/status_20261011/screens/p1-treatment/screen_000850000.json
p1-treatment,850000,sample,10,3P1E0O4C,2056100900,0.8,0.1,0.9,0.9,0.8,8ca1f7cf2f3858cbd16cd1250250c2f395b5638af9b5c345f396b6ef58188d61,/home/yjq/rl/CoCap1/batch01-p1-treatment-long-v3r2-20261010/runs/B01-P1-TREATMENT-PROVLONG-V3R2-20261010/evaluations/screen_000850000.json,e1e005145ac037bfc89073578232d4c47b47a9d5441b7ab51df7591ba419a3ba,artifacts/2026-10-09_terl_mappo_batch01/commander_v3r2/status_20261011/screens/p1-treatment/screen_000850000.json
p1-treatment,875000,argmax,10,3P1E0O4C,2056100900,0.8,0.1,0.9,0.9,0.8,62626ba3d1648418b4b6a5dde76c55632c8e6bf1425f6e0f7b49f40767209d74,/home/yjq/rl/CoCap1/batch01-p1-treatment-long-v3r2-20261010/runs/B01-P1-TREATMENT-PROVLONG-V3R2-20261010/evaluations/screen_000875000.json,57240e9a81f2efa274c9692ffe1d48436d152ab02e6f74b900c8dc637dde41f1,artifacts/2026-10-09_terl_mappo_batch01/commander_v3r2/status_20261011/screens/p1-treatment/screen_000875000.json
p1-treatment,875000,sample,10,3P1E0O4C,2056100900,0.8,0.1,0.9,0.9,0.8,62626ba3d1648418b4b6a5dde76c55632c8e6bf1425f6e0f7b49f40767209d74,/home/yjq/rl/CoCap1/batch01-p1-treatment-long-v3r2-20261010/runs/B01-P1-TREATMENT-PROVLONG-V3R2-20261010/evaluations/screen_000875000.json,57240e9a81f2efa274c9692ffe1d48436d152ab02e6f74b900c8dc637dde41f1,artifacts/2026-10-09_terl_mappo_batch01/commander_v3r2/status_20261011/screens/p1-treatment/screen_000875000.json
p1-treatment,900000,argmax,10,3P1E0O4C,2056100900,0.4,0.2,0.9,0.5,0.4,4e7185ba148e6471888b9df73375ea6e61157186e9d9bf2ac8c8c8ace3a77076,/home/yjq/rl/CoCap1/batch01-p1-treatment-long-v3r2-20261010/runs/B01-P1-TREATMENT-PROVLONG-V3R2-20261010/evaluations/screen_000900000.json,a03741a5c783e13ea003b5c2ff3b67f64ef5cabe64e003439f0fb9f16427ec9a,artifacts/2026-10-09_terl_mappo_batch01/commander_v3r2/status_20261011/screens/p1-treatment/screen_000900000.json
p1-treatment,900000,sample,10,3P1E0O4C,2056100900,0.6,0.2,1.0,1.0,0.6,4e7185ba148e6471888b9df73375ea6e61157186e9d9bf2ac8c8c8ace3a77076,/home/yjq/rl/CoCap1/batch01-p1-treatment-long-v3r2-20261010/runs/B01-P1-TREATMENT-PROVLONG-V3R2-20261010/evaluations/screen_000900000.json,a03741a5c783e13ea003b5c2ff3b67f64ef5cabe64e003439f0fb9f16427ec9a,artifacts/2026-10-09_terl_mappo_batch01/commander_v3r2/status_20261011/screens/p1-treatment/screen_000900000.json
p1-treatment,925000,argmax,10,3P1E0O4C,2056100900,0.6,0.0,1.0,1.0,0.6,e915ea9b8cd24f1c1d173f7d6db8dba32ecf66c832773ddf8580508a79ea55a8,/home/yjq/rl/CoCap1/batch01-p1-treatment-long-v3r2-20261010/runs/B01-P1-TREATMENT-PROVLONG-V3R2-20261010/evaluations/screen_000925000.json,3a8b64c327659b4abd809e06517ccc37da72d66e2c200255c7cab1885fb00efc,artifacts/2026-10-09_terl_mappo_batch01/commander_v3r2/status_20261011/screens/p1-treatment/screen_000925000.json
p1-treatment,925000,sample,10,3P1E0O4C,2056100900,0.8,0.1,1.0,1.0,0.8,e915ea9b8cd24f1c1d173f7d6db8dba32ecf66c832773ddf8580508a79ea55a8,/home/yjq/rl/CoCap1/batch01-p1-treatment-long-v3r2-20261010/runs/B01-P1-TREATMENT-PROVLONG-V3R2-20261010/evaluations/screen_000925000.json,3a8b64c327659b4abd809e06517ccc37da72d66e2c200255c7cab1885fb00efc,artifacts/2026-10-09_terl_mappo_batch01/commander_v3r2/status_20261011/screens/p1-treatment/screen_000925000.json
p1-treatment,950000,argmax,10,3P1E0O4C,2056100900,1.0,0.0,1.0,1.0,1.0,7fb3fa7660ac79b670548bd3d500e886e84dd47a3361a6509a6e72bd6ec8a5eb,/home/yjq/rl/CoCap1/batch01-p1-treatment-long-v3r2-20261010/runs/B01-P1-TREATMENT-PROVLONG-V3R2-20261010/evaluations/screen_000950000.json,06f29ffc335c2fc546db3282d3e22493a777bf8b9bd246d83b7a89223ffc2bb5,artifacts/2026-10-09_terl_mappo_batch01/commander_v3r2/status_20261011/screens/p1-treatment/screen_000950000.json
p1-treatment,950000,sample,10,3P1E0O4C,2056100900,1.0,0.0,1.0,1.0,1.0,7fb3fa7660ac79b670548bd3d500e886e84dd47a3361a6509a6e72bd6ec8a5eb,/home/yjq/rl/CoCap1/batch01-p1-treatment-long-v3r2-20261010/runs/B01-P1-TREATMENT-PROVLONG-V3R2-20261010/evaluations/screen_000950000.json,06f29ffc335c2fc546db3282d3e22493a777bf8b9bd246d83b7a89223ffc2bb5,artifacts/2026-10-09_terl_mappo_batch01/commander_v3r2/status_20261011/screens/p1-treatment/screen_000950000.json
p1-treatment,975000,argmax,10,3P1E0O4C,2056100900,1.0,0.0,1.0,1.0,1.0,8cd96f7777925b5edc5f8f04e530927cd0572372063690b52704ac867bcb2a03,/home/yjq/rl/CoCap1/batch01-p1-treatment-long-v3r2-20261010/runs/B01-P1-TREATMENT-PROVLONG-V3R2-20261010/evaluations/screen_000975000.json,5625516b233f0b6d734aac8fe0eb6d95cf53ab40b83599c7adbe0ff14c86de86,artifacts/2026-10-09_terl_mappo_batch01/commander_v3r2/status_20261011/screens/p1-treatment/screen_000975000.json
p1-treatment,975000,sample,10,3P1E0O4C,2056100900,0.7,0.2,1.0,1.0,0.7,8cd96f7777925b5edc5f8f04e530927cd0572372063690b52704ac867bcb2a03,/home/yjq/rl/CoCap1/batch01-p1-treatment-long-v3r2-20261010/runs/B01-P1-TREATMENT-PROVLONG-V3R2-20261010/evaluations/screen_000975000.json,5625516b233f0b6d734aac8fe0eb6d95cf53ab40b83599c7adbe0ff14c86de86,artifacts/2026-10-09_terl_mappo_batch01/commander_v3r2/status_20261011/screens/p1-treatment/screen_000975000.json
p1-treatment,1000000,argmax,20,3P1E0O4C,2056100900,0.95,0.05,0.95,0.95,0.95,cf920ad57f5aefb0faa25777902324930264b63aea8901391948476c8dcb6f72,/home/yjq/rl/CoCap1/batch01-p1-treatment-long-v3r2-20261010/runs/B01-P1-TREATMENT-PROVLONG-V3R2-20261010/evaluations/screen_001000000.json,81d6ab0ba3322a7659e01d33c9624db92ad34a7fda90477209d8490340d34f88,artifacts/2026-10-09_terl_mappo_batch01/commander_v3r2/status_20261011/screens/p1-treatment/screen_001000000.json
p1-treatment,1000000,sample,20,3P1E0O4C,2056100900,0.7,0.1,0.95,0.9,0.7,cf920ad57f5aefb0faa25777902324930264b63aea8901391948476c8dcb6f72,/home/yjq/rl/CoCap1/batch01-p1-treatment-long-v3r2-20261010/runs/B01-P1-TREATMENT-PROVLONG-V3R2-20261010/evaluations/screen_001000000.json,81d6ab0ba3322a7659e01d33c9624db92ad34a7fda90477209d8490340d34f88,artifacts/2026-10-09_terl_mappo_batch01/commander_v3r2/status_20261011/screens/p1-treatment/screen_001000000.json
r1,0,argmax,20,3P1E0O4C,2056100900,0.0,0.15,0.0,0.0,0.0,542aec097a8fe2f45981059ffcc3a6f7cede663ef61c9e217c5aec061fa7abd0,/home/yjq/rl/CoCap1/batch01-r1-v3r2-20261009/runs/B01-R1-PROV-V3R2-20261009/evaluations/screen_000000000.json,275ca4ac9d17191acf7fe87bbd25ce96cdc20c119030fc4f5d185e3b167605d2,artifacts/2026-10-09_terl_mappo_batch01/commander_v3r2/status_20261011/screens/r1/screen_000000000.json
r1,0,sample,20,3P1E0O4C,2056100900,0.0,0.25,0.0,0.0,0.0,542aec097a8fe2f45981059ffcc3a6f7cede663ef61c9e217c5aec061fa7abd0,/home/yjq/rl/CoCap1/batch01-r1-v3r2-20261009/runs/B01-R1-PROV-V3R2-20261009/evaluations/screen_000000000.json,275ca4ac9d17191acf7fe87bbd25ce96cdc20c119030fc4f5d185e3b167605d2,artifacts/2026-10-09_terl_mappo_batch01/commander_v3r2/status_20261011/screens/r1/screen_000000000.json
r1,25000,argmax,20,3P1E0O4C,2056100900,0.0,1.0,0.4,0.05,0.0,d1ca83d4c7d9005c7b9967a8e697cab24b04f88d11535840944514fbfd6b87bb,/home/yjq/rl/CoCap1/batch01-r1-long-v3r2-20261010/runs/B01-R1-PROVLONG-V3R2-20261010/evaluations/screen_000025000.json,6607da94dc94e16c8a1a83ca1560f1c4b9fa4d13b8daefbf860484457807770e,artifacts/2026-10-09_terl_mappo_batch01/commander_v3r2/status_20261011/screens/r1/screen_000025000.json
r1,25000,sample,20,3P1E0O4C,2056100900,0.0,1.0,0.45,0.0,0.0,d1ca83d4c7d9005c7b9967a8e697cab24b04f88d11535840944514fbfd6b87bb,/home/yjq/rl/CoCap1/batch01-r1-long-v3r2-20261010/runs/B01-R1-PROVLONG-V3R2-20261010/evaluations/screen_000025000.json,6607da94dc94e16c8a1a83ca1560f1c4b9fa4d13b8daefbf860484457807770e,artifacts/2026-10-09_terl_mappo_batch01/commander_v3r2/status_20261011/screens/r1/screen_000025000.json
r1,50000,argmax,20,3P1E0O4C,2056100900,0.15,0.85,1.0,0.7,0.15,4b87bd53aa9d19b3157a6c01c2d05434882f9da69a394764f8293a747c9522c7,/home/yjq/rl/CoCap1/batch01-r1-long-v3r2-20261010/runs/B01-R1-PROVLONG-V3R2-20261010/evaluations/screen_000050000.json,0e62b658b60acc8563ce52e5f13c1ec9539d91a0ae6d02ec411ae5a8cef5f219,artifacts/2026-10-09_terl_mappo_batch01/commander_v3r2/status_20261011/screens/r1/screen_000050000.json
r1,50000,sample,20,3P1E0O4C,2056100900,0.0,1.0,0.85,0.4,0.0,4b87bd53aa9d19b3157a6c01c2d05434882f9da69a394764f8293a747c9522c7,/home/yjq/rl/CoCap1/batch01-r1-long-v3r2-20261010/runs/B01-R1-PROVLONG-V3R2-20261010/evaluations/screen_000050000.json,0e62b658b60acc8563ce52e5f13c1ec9539d91a0ae6d02ec411ae5a8cef5f219,artifacts/2026-10-09_terl_mappo_batch01/commander_v3r2/status_20261011/screens/r1/screen_000050000.json
r1,75000,argmax,10,3P1E0O4C,2056100900,0.1,0.9,0.5,0.2,0.1,d591c3d229cd6cad5c0b6be66831e694dd1f4e3876af2327383890c13422c679,/home/yjq/rl/CoCap1/batch01-r1-long-v3r2-20261010/runs/B01-R1-PROVLONG-V3R2-20261010/evaluations/screen_000075000.json,5f0b3c092a7ba661b8278bcae2a6539adf964eebf08fb9dbe576dc968a6fb973,artifacts/2026-10-09_terl_mappo_batch01/commander_v3r2/status_20261011/screens/r1/screen_000075000.json
r1,75000,sample,10,3P1E0O4C,2056100900,0.1,0.9,0.6,0.3,0.1,d591c3d229cd6cad5c0b6be66831e694dd1f4e3876af2327383890c13422c679,/home/yjq/rl/CoCap1/batch01-r1-long-v3r2-20261010/runs/B01-R1-PROVLONG-V3R2-20261010/evaluations/screen_000075000.json,5f0b3c092a7ba661b8278bcae2a6539adf964eebf08fb9dbe576dc968a6fb973,artifacts/2026-10-09_terl_mappo_batch01/commander_v3r2/status_20261011/screens/r1/screen_000075000.json
r1,100000,argmax,20,3P1E0O4C,2056100900,0.0,1.0,0.55,0.1,0.0,925f16202cbcd404c8bf81daaf8bfadbed4ac3f5c316a9b2e5b3ce894185bea6,/home/yjq/rl/CoCap1/batch01-r1-long-v3r2-20261010/runs/B01-R1-PROVLONG-V3R2-20261010/evaluations/screen_000100000.json,b311eb2625cabc794958b5aea77fe531290dae57a9c57ef1f18277eff18871a4,artifacts/2026-10-09_terl_mappo_batch01/commander_v3r2/status_20261011/screens/r1/screen_000100000.json
r1,100000,sample,20,3P1E0O4C,2056100900,0.0,1.0,0.45,0.05,0.0,925f16202cbcd404c8bf81daaf8bfadbed4ac3f5c316a9b2e5b3ce894185bea6,/home/yjq/rl/CoCap1/batch01-r1-long-v3r2-20261010/runs/B01-R1-PROVLONG-V3R2-20261010/evaluations/screen_000100000.json,b311eb2625cabc794958b5aea77fe531290dae57a9c57ef1f18277eff18871a4,artifacts/2026-10-09_terl_mappo_batch01/commander_v3r2/status_20261011/screens/r1/screen_000100000.json
r1,125000,argmax,10,3P1E0O4C,2056100900,0.2,0.8,0.8,0.6,0.2,f041cc748f85792a052391b5243abb0ea18d486a57054a1e63ab3d31e5e7dd70,/home/yjq/rl/CoCap1/batch01-r1-long-v3r2-20261010/runs/B01-R1-PROVLONG-V3R2-20261010/evaluations/screen_000125000.json,5f27872e9a98343cce464b71113cb29cd3c3b57526cad1d6ee59d30502816933,artifacts/2026-10-09_terl_mappo_batch01/commander_v3r2/status_20261011/screens/r1/screen_000125000.json
r1,125000,sample,10,3P1E0O4C,2056100900,0.7,0.3,0.9,0.7,0.7,f041cc748f85792a052391b5243abb0ea18d486a57054a1e63ab3d31e5e7dd70,/home/yjq/rl/CoCap1/batch01-r1-long-v3r2-20261010/runs/B01-R1-PROVLONG-V3R2-20261010/evaluations/screen_000125000.json,5f27872e9a98343cce464b71113cb29cd3c3b57526cad1d6ee59d30502816933,artifacts/2026-10-09_terl_mappo_batch01/commander_v3r2/status_20261011/screens/r1/screen_000125000.json
r1,150000,argmax,10,3P1E0O4C,2056100900,0.0,0.6,0.9,0.0,0.0,9c9053f6bd5d0539d3624a5ac461d8fd5e5e0abdd3b79f05d7fd148224215c1f,/home/yjq/rl/CoCap1/batch01-r1-long-v3r2-20261010/runs/B01-R1-PROVLONG-V3R2-20261010/evaluations/screen_000150000.json,65caf9b9613151783f5365ef69729427a9c8ce7972fe48985bdbc048f1dc4262,artifacts/2026-10-09_terl_mappo_batch01/commander_v3r2/status_20261011/screens/r1/screen_000150000.json
r1,150000,sample,10,3P1E0O4C,2056100900,0.0,0.5,0.9,0.0,0.0,9c9053f6bd5d0539d3624a5ac461d8fd5e5e0abdd3b79f05d7fd148224215c1f,/home/yjq/rl/CoCap1/batch01-r1-long-v3r2-20261010/runs/B01-R1-PROVLONG-V3R2-20261010/evaluations/screen_000150000.json,65caf9b9613151783f5365ef69729427a9c8ce7972fe48985bdbc048f1dc4262,artifacts/2026-10-09_terl_mappo_batch01/commander_v3r2/status_20261011/screens/r1/screen_000150000.json
r1,175000,argmax,10,3P1E0O4C,2056100900,0.1,0.9,0.6,0.3,0.1,6f46814b09fc9cb2a15a1cfdaef765cf99e72f46f11efa57f70cc29cec583bbf,/home/yjq/rl/CoCap1/batch01-r1-long-v3r2-20261010/runs/B01-R1-PROVLONG-V3R2-20261010/evaluations/screen_000175000.json,ff00ac5ded71a687fad4bf1022e31d4947b10119e778c0d51508ae5b1811c0fc,artifacts/2026-10-09_terl_mappo_batch01/commander_v3r2/status_20261011/screens/r1/screen_000175000.json
r1,175000,sample,10,3P1E0O4C,2056100900,0.4,0.6,0.8,0.6,0.4,6f46814b09fc9cb2a15a1cfdaef765cf99e72f46f11efa57f70cc29cec583bbf,/home/yjq/rl/CoCap1/batch01-r1-long-v3r2-20261010/runs/B01-R1-PROVLONG-V3R2-20261010/evaluations/screen_000175000.json,ff00ac5ded71a687fad4bf1022e31d4947b10119e778c0d51508ae5b1811c0fc,artifacts/2026-10-09_terl_mappo_batch01/commander_v3r2/status_20261011/screens/r1/screen_000175000.json
r1,200000,argmax,10,3P1E0O4C,2056100900,0.0,0.4,0.8,0.0,0.0,9056807b0f413243eb2000bcc1e95fc7133b124eb582f738a66553c164307716,/home/yjq/rl/CoCap1/batch01-r1-long-v3r2-20261010/runs/B01-R1-PROVLONG-V3R2-20261010/evaluations/screen_000200000.json,092fd3870af493c923171d26ad19ce00b132d73a96df77f255f307b2fa8051e9,artifacts/2026-10-09_terl_mappo_batch01/commander_v3r2/status_20261011/screens/r1/screen_000200000.json
r1,200000,sample,10,3P1E0O4C,2056100900,0.0,0.8,0.8,0.1,0.0,9056807b0f413243eb2000bcc1e95fc7133b124eb582f738a66553c164307716,/home/yjq/rl/CoCap1/batch01-r1-long-v3r2-20261010/runs/B01-R1-PROVLONG-V3R2-20261010/evaluations/screen_000200000.json,092fd3870af493c923171d26ad19ce00b132d73a96df77f255f307b2fa8051e9,artifacts/2026-10-09_terl_mappo_batch01/commander_v3r2/status_20261011/screens/r1/screen_000200000.json
r1,225000,argmax,10,3P1E0O4C,2056100900,0.1,0.9,0.5,0.3,0.1,b866f60eb2ca9197615af9889246a82a388914651ce0c0d679d41849c3ce8990,/home/yjq/rl/CoCap1/batch01-r1-long-v3r2-20261010/runs/B01-R1-PROVLONG-V3R2-20261010/evaluations/screen_000225000.json,c73bf6a09ed23ded2eaaa9c2fcc842b7834f31d70a3c4862f0e2900875808096,artifacts/2026-10-09_terl_mappo_batch01/commander_v3r2/status_20261011/screens/r1/screen_000225000.json
r1,225000,sample,10,3P1E0O4C,2056100900,0.4,0.6,0.8,0.5,0.4,b866f60eb2ca9197615af9889246a82a388914651ce0c0d679d41849c3ce8990,/home/yjq/rl/CoCap1/batch01-r1-long-v3r2-20261010/runs/B01-R1-PROVLONG-V3R2-20261010/evaluations/screen_000225000.json,c73bf6a09ed23ded2eaaa9c2fcc842b7834f31d70a3c4862f0e2900875808096,artifacts/2026-10-09_terl_mappo_batch01/commander_v3r2/status_20261011/screens/r1/screen_000225000.json
r1,250000,argmax,20,3P1E0O4C,2056100900,0.0,1.0,0.65,0.1,0.05,e47c44eb9a461de8754367f8377afc8a328fe380f839e7b07c416eb121e8ffcc,/home/yjq/rl/CoCap1/batch01-r1-long-v3r2-20261010/runs/B01-R1-PROVLONG-V3R2-20261010/evaluations/screen_000250000.json,771b46e310522e7a8bbda7947c0150bb7321dc0755214035936af8dd14171241,artifacts/2026-10-09_terl_mappo_batch01/commander_v3r2/status_20261011/screens/r1/screen_000250000.json
r1,250000,sample,20,3P1E0O4C,2056100900,0.3,0.7,0.65,0.3,0.3,e47c44eb9a461de8754367f8377afc8a328fe380f839e7b07c416eb121e8ffcc,/home/yjq/rl/CoCap1/batch01-r1-long-v3r2-20261010/runs/B01-R1-PROVLONG-V3R2-20261010/evaluations/screen_000250000.json,771b46e310522e7a8bbda7947c0150bb7321dc0755214035936af8dd14171241,artifacts/2026-10-09_terl_mappo_batch01/commander_v3r2/status_20261011/screens/r1/screen_000250000.json
r1,275000,argmax,10,3P1E0O4C,2056100900,0.5,0.5,0.7,0.5,0.5,5895433fc62c1a044ba9cccdd771482744c6a4c9c045b0dbdffdade4ac650d9c,/home/yjq/rl/CoCap1/batch01-r1-long-v3r2-20261010/runs/B01-R1-PROVLONG-V3R2-20261010/evaluations/screen_000275000.json,2c420045134b5523844c1f1012d9b7ca9ee5e86a3a3a99c9dbcb5d7656ef9134,artifacts/2026-10-09_terl_mappo_batch01/commander_v3r2/status_20261011/screens/r1/screen_000275000.json
r1,275000,sample,10,3P1E0O4C,2056100900,0.2,0.8,0.7,0.5,0.2,5895433fc62c1a044ba9cccdd771482744c6a4c9c045b0dbdffdade4ac650d9c,/home/yjq/rl/CoCap1/batch01-r1-long-v3r2-20261010/runs/B01-R1-PROVLONG-V3R2-20261010/evaluations/screen_000275000.json,2c420045134b5523844c1f1012d9b7ca9ee5e86a3a3a99c9dbcb5d7656ef9134,artifacts/2026-10-09_terl_mappo_batch01/commander_v3r2/status_20261011/screens/r1/screen_000275000.json
r1,300000,argmax,10,3P1E0O4C,2056100900,0.7,0.3,0.8,0.7,0.7,e1f6de88080c24d5729c6870e0f14279560989c9cbf7690030b210e608dc68fb,/home/yjq/rl/CoCap1/batch01-r1-long-v3r2-20261010/runs/B01-R1-PROVLONG-V3R2-20261010/evaluations/screen_000300000.json,1ae11a0c4939f01b0da06fa87542868ba67cee0c8c9ead476b3435c8a3d3019d,artifacts/2026-10-09_terl_mappo_batch01/commander_v3r2/status_20261011/screens/r1/screen_000300000.json
r1,300000,sample,10,3P1E0O4C,2056100900,0.6,0.3,0.8,0.6,0.6,e1f6de88080c24d5729c6870e0f14279560989c9cbf7690030b210e608dc68fb,/home/yjq/rl/CoCap1/batch01-r1-long-v3r2-20261010/runs/B01-R1-PROVLONG-V3R2-20261010/evaluations/screen_000300000.json,1ae11a0c4939f01b0da06fa87542868ba67cee0c8c9ead476b3435c8a3d3019d,artifacts/2026-10-09_terl_mappo_batch01/commander_v3r2/status_20261011/screens/r1/screen_000300000.json
r1,325000,argmax,10,3P1E0O4C,2056100900,0.9,0.1,0.9,0.9,0.9,07b1fd6b1621a288f0daece3af43ca00b4d0cf9c41aee62096892c58612ac939,/home/yjq/rl/CoCap1/batch01-r1-long-v3r2-20261010/runs/B01-R1-PROVLONG-V3R2-20261010/evaluations/screen_000325000.json,d18cd7da31517560a35e5669e5a60fd5c81538f55d8ad71aae87b8a152c43fd3,artifacts/2026-10-09_terl_mappo_batch01/commander_v3r2/status_20261011/screens/r1/screen_000325000.json
r1,325000,sample,10,3P1E0O4C,2056100900,0.6,0.4,0.9,0.6,0.6,07b1fd6b1621a288f0daece3af43ca00b4d0cf9c41aee62096892c58612ac939,/home/yjq/rl/CoCap1/batch01-r1-long-v3r2-20261010/runs/B01-R1-PROVLONG-V3R2-20261010/evaluations/screen_000325000.json,d18cd7da31517560a35e5669e5a60fd5c81538f55d8ad71aae87b8a152c43fd3,artifacts/2026-10-09_terl_mappo_batch01/commander_v3r2/status_20261011/screens/r1/screen_000325000.json
r1,350000,argmax,10,3P1E0O4C,2056100900,0.0,0.4,0.7,0.0,0.0,680c3dd9e19fa0e2ccbf8655ef33e6887c9ad6512344fbf31c3ae5ee3aaa1bb0,/home/yjq/rl/CoCap1/batch01-r1-long-v3r2-20261010/runs/B01-R1-PROVLONG-V3R2-20261010/evaluations/screen_000350000.json,a0e002fe8cb79f5aca9760a7913c421f74f96b568e63f1063870c1b2d99aa348,artifacts/2026-10-09_terl_mappo_batch01/commander_v3r2/status_20261011/screens/r1/screen_000350000.json
r1,350000,sample,10,3P1E0O4C,2056100900,0.0,0.3,0.7,0.0,0.0,680c3dd9e19fa0e2ccbf8655ef33e6887c9ad6512344fbf31c3ae5ee3aaa1bb0,/home/yjq/rl/CoCap1/batch01-r1-long-v3r2-20261010/runs/B01-R1-PROVLONG-V3R2-20261010/evaluations/screen_000350000.json,a0e002fe8cb79f5aca9760a7913c421f74f96b568e63f1063870c1b2d99aa348,artifacts/2026-10-09_terl_mappo_batch01/commander_v3r2/status_20261011/screens/r1/screen_000350000.json
r1,375000,argmax,10,3P1E0O4C,2056100900,0.0,0.3,0.8,0.0,0.0,03b9d8fc59c1e5d6a2bde39dfc0dec6f28256a13f9f1fbb1dd1fdd56a5fb8eab,/home/yjq/rl/CoCap1/batch01-r1-long-v3r2-20261010/runs/B01-R1-PROVLONG-V3R2-20261010/evaluations/screen_000375000.json,0b2a59177e62a0be250783dec0b51db2ae346e2b151dc53b6544eadd564c5be3,artifacts/2026-10-09_terl_mappo_batch01/commander_v3r2/status_20261011/screens/r1/screen_000375000.json
r1,375000,sample,10,3P1E0O4C,2056100900,0.0,0.4,0.6,0.0,0.0,03b9d8fc59c1e5d6a2bde39dfc0dec6f28256a13f9f1fbb1dd1fdd56a5fb8eab,/home/yjq/rl/CoCap1/batch01-r1-long-v3r2-20261010/runs/B01-R1-PROVLONG-V3R2-20261010/evaluations/screen_000375000.json,0b2a59177e62a0be250783dec0b51db2ae346e2b151dc53b6544eadd564c5be3,artifacts/2026-10-09_terl_mappo_batch01/commander_v3r2/status_20261011/screens/r1/screen_000375000.json
r1,400000,argmax,10,3P1E0O4C,2056100900,0.0,0.4,0.7,0.0,0.0,968cf606c9136d446651045a9c6204e2a2a2f93baf32bae603d1b25e8f762d9a,/home/yjq/rl/CoCap1/batch01-r1-long-v3r2-20261010/runs/B01-R1-PROVLONG-V3R2-20261010/evaluations/screen_000400000.json,dd3c9d6b31de760cd23d8c4f3ac0ab7e37bbb3212f52794bda5378bdb4d4bd04,artifacts/2026-10-09_terl_mappo_batch01/commander_v3r2/status_20261011/screens/r1/screen_000400000.json
r1,400000,sample,10,3P1E0O4C,2056100900,0.0,0.8,0.6,0.0,0.0,968cf606c9136d446651045a9c6204e2a2a2f93baf32bae603d1b25e8f762d9a,/home/yjq/rl/CoCap1/batch01-r1-long-v3r2-20261010/runs/B01-R1-PROVLONG-V3R2-20261010/evaluations/screen_000400000.json,dd3c9d6b31de760cd23d8c4f3ac0ab7e37bbb3212f52794bda5378bdb4d4bd04,artifacts/2026-10-09_terl_mappo_batch01/commander_v3r2/status_20261011/screens/r1/screen_000400000.json
r1,425000,argmax,10,3P1E0O4C,2056100900,0.0,0.3,0.7,0.0,0.0,6633d00e587818853776c436b7f0bbb2789e25e4f69921ea48058ef0ee308a9f,/home/yjq/rl/CoCap1/batch01-r1-long-v3r2-20261010/runs/B01-R1-PROVLONG-V3R2-20261010/evaluations/screen_000425000.json,c9bcd6d8c6111899539251ac081f7403dcbe63580b7716fc9c311585a8d9be92,artifacts/2026-10-09_terl_mappo_batch01/commander_v3r2/status_20261011/screens/r1/screen_000425000.json
r1,425000,sample,10,3P1E0O4C,2056100900,0.0,0.5,0.4,0.0,0.0,6633d00e587818853776c436b7f0bbb2789e25e4f69921ea48058ef0ee308a9f,/home/yjq/rl/CoCap1/batch01-r1-long-v3r2-20261010/runs/B01-R1-PROVLONG-V3R2-20261010/evaluations/screen_000425000.json,c9bcd6d8c6111899539251ac081f7403dcbe63580b7716fc9c311585a8d9be92,artifacts/2026-10-09_terl_mappo_batch01/commander_v3r2/status_20261011/screens/r1/screen_000425000.json
r1,450000,argmax,10,3P1E0O4C,2056100900,0.6,0.3,0.9,0.9,0.6,f73f66b72abe8064f6001eac8fa3a165aa6f57342d71939ea3a9f05e977e096f,/home/yjq/rl/CoCap1/batch01-r1-long-v3r2-20261010/runs/B01-R1-PROVLONG-V3R2-20261010/evaluations/screen_000450000.json,f5d2f3cc3a03eadc50ad974d5aa3b800ee87a5b335163eb89334411a512978c1,artifacts/2026-10-09_terl_mappo_batch01/commander_v3r2/status_20261011/screens/r1/screen_000450000.json
r1,450000,sample,10,3P1E0O4C,2056100900,0.9,0.1,0.9,0.9,0.9,f73f66b72abe8064f6001eac8fa3a165aa6f57342d71939ea3a9f05e977e096f,/home/yjq/rl/CoCap1/batch01-r1-long-v3r2-20261010/runs/B01-R1-PROVLONG-V3R2-20261010/evaluations/screen_000450000.json,f5d2f3cc3a03eadc50ad974d5aa3b800ee87a5b335163eb89334411a512978c1,artifacts/2026-10-09_terl_mappo_batch01/commander_v3r2/status_20261011/screens/r1/screen_000450000.json
r1,475000,argmax,10,3P1E0O4C,2056100900,0.2,0.8,0.7,0.2,0.2,6210257808b3ce3a8e97c9bb47be33254ed3561d0965fd66dc07dd733406ffec,/home/yjq/rl/CoCap1/batch01-r1-long-v3r2-20261010/runs/B01-R1-PROVLONG-V3R2-20261010/evaluations/screen_000475000.json,8898f91f395a36228ef6c6bbde4b59806d150daceff1b5de8ca77928dc586ee3,artifacts/2026-10-09_terl_mappo_batch01/commander_v3r2/status_20261011/screens/r1/screen_000475000.json
r1,475000,sample,10,3P1E0O4C,2056100900,0.7,0.3,0.8,0.8,0.7,6210257808b3ce3a8e97c9bb47be33254ed3561d0965fd66dc07dd733406ffec,/home/yjq/rl/CoCap1/batch01-r1-long-v3r2-20261010/runs/B01-R1-PROVLONG-V3R2-20261010/evaluations/screen_000475000.json,8898f91f395a36228ef6c6bbde4b59806d150daceff1b5de8ca77928dc586ee3,artifacts/2026-10-09_terl_mappo_batch01/commander_v3r2/status_20261011/screens/r1/screen_000475000.json
r1,500000,argmax,20,3P1E0O4C,2056100900,0.15,0.5,0.75,0.25,0.15,38db07f00faa7d5f2c07f0b163a98123aba68c022af34b4ffa116bb6e7fe13c1,/home/yjq/rl/CoCap1/batch01-r1-long-v3r2-20261010/runs/B01-R1-PROVLONG-V3R2-20261010/evaluations/screen_000500000.json,9d97b4000845b4a1e8031b500de8014579bbc5c9ded810ec05aff7e36229af8a,artifacts/2026-10-09_terl_mappo_batch01/commander_v3r2/status_20261011/screens/r1/screen_000500000.json
r1,500000,sample,20,3P1E0O4C,2056100900,0.5,0.5,0.8,0.55,0.5,38db07f00faa7d5f2c07f0b163a98123aba68c022af34b4ffa116bb6e7fe13c1,/home/yjq/rl/CoCap1/batch01-r1-long-v3r2-20261010/runs/B01-R1-PROVLONG-V3R2-20261010/evaluations/screen_000500000.json,9d97b4000845b4a1e8031b500de8014579bbc5c9ded810ec05aff7e36229af8a,artifacts/2026-10-09_terl_mappo_batch01/commander_v3r2/status_20261011/screens/r1/screen_000500000.json
r1,525000,argmax,10,3P1E0O4C,2056100900,0.7,0.3,0.7,0.7,0.7,1e3a87a1ab8598a184740b6edd4df7265dbc860ab8bdf3e893b9312e70079e11,/home/yjq/rl/CoCap1/batch01-r1-long-v3r2-20261010/runs/B01-R1-PROVLONG-V3R2-20261010/evaluations/screen_000525000.json,35630e0533f26e9c169d7cf3922a6ecf43989bd95341eec165ef9d9a0859a2a9,artifacts/2026-10-09_terl_mappo_batch01/commander_v3r2/status_20261011/screens/r1/screen_000525000.json
r1,525000,sample,10,3P1E0O4C,2056100900,0.3,0.3,0.7,0.5,0.3,1e3a87a1ab8598a184740b6edd4df7265dbc860ab8bdf3e893b9312e70079e11,/home/yjq/rl/CoCap1/batch01-r1-long-v3r2-20261010/runs/B01-R1-PROVLONG-V3R2-20261010/evaluations/screen_000525000.json,35630e0533f26e9c169d7cf3922a6ecf43989bd95341eec165ef9d9a0859a2a9,artifacts/2026-10-09_terl_mappo_batch01/commander_v3r2/status_20261011/screens/r1/screen_000525000.json
r1,550000,argmax,10,3P1E0O4C,2056100900,0.2,0.7,0.8,0.6,0.2,b340225061c1ffd8d4e541c3aa21e589b2af06148620d752712aab07c577395e,/home/yjq/rl/CoCap1/batch01-r1-long-v3r2-20261010/runs/B01-R1-PROVLONG-V3R2-20261010/evaluations/screen_000550000.json,ea19e308fb552aa2dd545062eda9942d3ee854a343315415b57f6ae95500aa1f,artifacts/2026-10-09_terl_mappo_batch01/commander_v3r2/status_20261011/screens/r1/screen_000550000.json
r1,550000,sample,10,3P1E0O4C,2056100900,0.7,0.3,0.8,0.7,0.7,b340225061c1ffd8d4e541c3aa21e589b2af06148620d752712aab07c577395e,/home/yjq/rl/CoCap1/batch01-r1-long-v3r2-20261010/runs/B01-R1-PROVLONG-V3R2-20261010/evaluations/screen_000550000.json,ea19e308fb552aa2dd545062eda9942d3ee854a343315415b57f6ae95500aa1f,artifacts/2026-10-09_terl_mappo_batch01/commander_v3r2/status_20261011/screens/r1/screen_000550000.json
r1,575000,argmax,10,3P1E0O4C,2056100900,0.0,0.8,0.7,0.0,0.0,eb53d9ab08f873ac25228bc4d6483655ca4be286574d79c1c5b113fde4488989,/home/yjq/rl/CoCap1/batch01-r1-long-v3r2-20261010/runs/B01-R1-PROVLONG-V3R2-20261010/evaluations/screen_000575000.json,1ee402134049d0904eaa1102e249fb9b2faf4f3b565f46e67d9cb67d3f02cc2f,artifacts/2026-10-09_terl_mappo_batch01/commander_v3r2/status_20261011/screens/r1/screen_000575000.json
r1,575000,sample,10,3P1E0O4C,2056100900,0.0,0.4,0.8,0.0,0.0,eb53d9ab08f873ac25228bc4d6483655ca4be286574d79c1c5b113fde4488989,/home/yjq/rl/CoCap1/batch01-r1-long-v3r2-20261010/runs/B01-R1-PROVLONG-V3R2-20261010/evaluations/screen_000575000.json,1ee402134049d0904eaa1102e249fb9b2faf4f3b565f46e67d9cb67d3f02cc2f,artifacts/2026-10-09_terl_mappo_batch01/commander_v3r2/status_20261011/screens/r1/screen_000575000.json
r1,600000,argmax,10,3P1E0O4C,2056100900,0.7,0.3,0.7,0.7,0.7,d30be02a29be5735a97090d77dd4c20336cb9b4bf710369bfdb1c2c27a853bf1,/home/yjq/rl/CoCap1/batch01-r1-long-v3r2-20261010/runs/B01-R1-PROVLONG-V3R2-20261010/evaluations/screen_000600000.json,d8778b7ea9337182f8e734c57edb5fc95f4691e3877ecdc951c3701ccb0f1356,artifacts/2026-10-09_terl_mappo_batch01/commander_v3r2/status_20261011/screens/r1/screen_000600000.json
r1,600000,sample,10,3P1E0O4C,2056100900,0.4,0.6,0.8,0.6,0.4,d30be02a29be5735a97090d77dd4c20336cb9b4bf710369bfdb1c2c27a853bf1,/home/yjq/rl/CoCap1/batch01-r1-long-v3r2-20261010/runs/B01-R1-PROVLONG-V3R2-20261010/evaluations/screen_000600000.json,d8778b7ea9337182f8e734c57edb5fc95f4691e3877ecdc951c3701ccb0f1356,artifacts/2026-10-09_terl_mappo_batch01/commander_v3r2/status_20261011/screens/r1/screen_000600000.json
r1,625000,argmax,10,3P1E0O4C,2056100900,0.0,0.4,0.7,0.0,0.0,4a8fcbd1df9700987e97bfa9ff40f65bae2e1497ee700142c7a33627da1c5385,/home/yjq/rl/CoCap1/batch01-r1-long-v3r2-20261010/runs/B01-R1-PROVLONG-V3R2-20261010/evaluations/screen_000625000.json,2ea0b7428b0fa2f2b0afdf778b2ef651b6b4adb145b0408f3df30c4c2c78e30c,artifacts/2026-10-09_terl_mappo_batch01/commander_v3r2/status_20261011/screens/r1/screen_000625000.json
r1,625000,sample,10,3P1E0O4C,2056100900,0.1,0.6,0.8,0.2,0.1,4a8fcbd1df9700987e97bfa9ff40f65bae2e1497ee700142c7a33627da1c5385,/home/yjq/rl/CoCap1/batch01-r1-long-v3r2-20261010/runs/B01-R1-PROVLONG-V3R2-20261010/evaluations/screen_000625000.json,2ea0b7428b0fa2f2b0afdf778b2ef651b6b4adb145b0408f3df30c4c2c78e30c,artifacts/2026-10-09_terl_mappo_batch01/commander_v3r2/status_20261011/screens/r1/screen_000625000.json
r1,650000,argmax,10,3P1E0O4C,2056100900,0.6,0.4,0.9,0.8,0.6,af7f5e018e43f4c910dda2f87d3214868b876358cf2458d668603c88ffa27b20,/home/yjq/rl/CoCap1/batch01-r1-long-v3r2-20261010/runs/B01-R1-PROVLONG-V3R2-20261010/evaluations/screen_000650000.json,588010ddf95c6ef4a927f0e6c5fd65d45734800352745cf450122174ef6148b7,artifacts/2026-10-09_terl_mappo_batch01/commander_v3r2/status_20261011/screens/r1/screen_000650000.json
r1,650000,sample,10,3P1E0O4C,2056100900,0.6,0.4,0.9,0.8,0.6,af7f5e018e43f4c910dda2f87d3214868b876358cf2458d668603c88ffa27b20,/home/yjq/rl/CoCap1/batch01-r1-long-v3r2-20261010/runs/B01-R1-PROVLONG-V3R2-20261010/evaluations/screen_000650000.json,588010ddf95c6ef4a927f0e6c5fd65d45734800352745cf450122174ef6148b7,artifacts/2026-10-09_terl_mappo_batch01/commander_v3r2/status_20261011/screens/r1/screen_000650000.json
r1,675000,argmax,10,3P1E0O4C,2056100900,0.1,0.9,0.7,0.3,0.1,35a9e07ac2349b2b9d9851fc17057ac9f76962e80072714b30bb1d4a2ae6f5c2,/home/yjq/rl/CoCap1/batch01-r1-long-v3r2-20261010/runs/B01-R1-PROVLONG-V3R2-20261010/evaluations/screen_000675000.json,e5b3f72d541c6213e08879046cf5fa6959973e4f0cd8dfa351c333f378fdd6d0,artifacts/2026-10-09_terl_mappo_batch01/commander_v3r2/status_20261011/screens/r1/screen_000675000.json
r1,675000,sample,10,3P1E0O4C,2056100900,0.2,0.8,0.6,0.5,0.2,35a9e07ac2349b2b9d9851fc17057ac9f76962e80072714b30bb1d4a2ae6f5c2,/home/yjq/rl/CoCap1/batch01-r1-long-v3r2-20261010/runs/B01-R1-PROVLONG-V3R2-20261010/evaluations/screen_000675000.json,e5b3f72d541c6213e08879046cf5fa6959973e4f0cd8dfa351c333f378fdd6d0,artifacts/2026-10-09_terl_mappo_batch01/commander_v3r2/status_20261011/screens/r1/screen_000675000.json
r1,700000,argmax,10,3P1E0O4C,2056100900,0.2,0.8,1.0,0.5,0.2,958c082a1a1087daea6dcf86230ff903c3b8b2ac0388d44661cd781fb7dbedbd,/home/yjq/rl/CoCap1/batch01-r1-long-v3r2-20261010/runs/B01-R1-PROVLONG-V3R2-20261010/evaluations/screen_000700000.json,18da226d145d9c8f6b53c1942e5cb4be330d7858d9121d86a4e9371040f39f5e,artifacts/2026-10-09_terl_mappo_batch01/commander_v3r2/status_20261011/screens/r1/screen_000700000.json
r1,700000,sample,10,3P1E0O4C,2056100900,0.3,0.7,0.9,0.3,0.3,958c082a1a1087daea6dcf86230ff903c3b8b2ac0388d44661cd781fb7dbedbd,/home/yjq/rl/CoCap1/batch01-r1-long-v3r2-20261010/runs/B01-R1-PROVLONG-V3R2-20261010/evaluations/screen_000700000.json,18da226d145d9c8f6b53c1942e5cb4be330d7858d9121d86a4e9371040f39f5e,artifacts/2026-10-09_terl_mappo_batch01/commander_v3r2/status_20261011/screens/r1/screen_000700000.json
r1,725000,argmax,10,3P1E0O4C,2056100900,0.5,0.5,0.8,0.8,0.5,820dd34fe1798db5deb9452b0e2ab7edd6bb3a436191aec944d444d751020a6f,/home/yjq/rl/CoCap1/batch01-r1-long-v3r2-20261010/runs/B01-R1-PROVLONG-V3R2-20261010/evaluations/screen_000725000.json,db0df6b7550e60828a64e95e4ddd835fb838eed6f52105c3e1795a06c207ebf8,artifacts/2026-10-09_terl_mappo_batch01/commander_v3r2/status_20261011/screens/r1/screen_000725000.json
r1,725000,sample,10,3P1E0O4C,2056100900,0.9,0.1,0.9,0.9,0.9,820dd34fe1798db5deb9452b0e2ab7edd6bb3a436191aec944d444d751020a6f,/home/yjq/rl/CoCap1/batch01-r1-long-v3r2-20261010/runs/B01-R1-PROVLONG-V3R2-20261010/evaluations/screen_000725000.json,db0df6b7550e60828a64e95e4ddd835fb838eed6f52105c3e1795a06c207ebf8,artifacts/2026-10-09_terl_mappo_batch01/commander_v3r2/status_20261011/screens/r1/screen_000725000.json
r1,750000,argmax,20,3P1E0O4C,2056100900,0.85,0.15,1.0,0.9,0.85,5083d87815857574150d4cb12c3cbe1298be1e71134745d159833465f5ca656a,/home/yjq/rl/CoCap1/batch01-r1-long-v3r2-20261010/runs/B01-R1-PROVLONG-V3R2-20261010/evaluations/screen_000750000.json,710b5379cc1cc124658deddaff87ff5e7db8dd751d2ceeea128f28db78bfaca1,artifacts/2026-10-09_terl_mappo_batch01/commander_v3r2/status_20261011/screens/r1/screen_000750000.json
r1,750000,sample,20,3P1E0O4C,2056100900,0.95,0.05,1.0,0.95,0.95,5083d87815857574150d4cb12c3cbe1298be1e71134745d159833465f5ca656a,/home/yjq/rl/CoCap1/batch01-r1-long-v3r2-20261010/runs/B01-R1-PROVLONG-V3R2-20261010/evaluations/screen_000750000.json,710b5379cc1cc124658deddaff87ff5e7db8dd751d2ceeea128f28db78bfaca1,artifacts/2026-10-09_terl_mappo_batch01/commander_v3r2/status_20261011/screens/r1/screen_000750000.json
r1,775000,argmax,10,3P1E0O4C,2056100900,0.6,0.4,0.9,0.7,0.6,97d7ed428767948eff04e778019d7ccd3a81e0cf8a2b4592d605bf8e89dc7e0e,/home/yjq/rl/CoCap1/batch01-r1-long-v3r2-20261010/runs/B01-R1-PROVLONG-V3R2-20261010/evaluations/screen_000775000.json,d63b9cf2a7ac8a542d4aef04d5e7d8443a3e992fb19a745cb1d72318d7704eea,artifacts/2026-10-09_terl_mappo_batch01/commander_v3r2/status_20261011/screens/r1/screen_000775000.json
r1,775000,sample,10,3P1E0O4C,2056100900,0.7,0.2,1.0,0.9,0.7,97d7ed428767948eff04e778019d7ccd3a81e0cf8a2b4592d605bf8e89dc7e0e,/home/yjq/rl/CoCap1/batch01-r1-long-v3r2-20261010/runs/B01-R1-PROVLONG-V3R2-20261010/evaluations/screen_000775000.json,d63b9cf2a7ac8a542d4aef04d5e7d8443a3e992fb19a745cb1d72318d7704eea,artifacts/2026-10-09_terl_mappo_batch01/commander_v3r2/status_20261011/screens/r1/screen_000775000.json
r1,800000,argmax,10,3P1E0O4C,2056100900,0.1,0.8,1.0,1.0,0.1,28b4e1553dbd1527e71fb542b40b3c2eb310a061ccf6d9c9bd11047a3f42573c,/home/yjq/rl/CoCap1/batch01-r1-long-v3r2-20261010/runs/B01-R1-PROVLONG-V3R2-20261010/evaluations/screen_000800000.json,37e0bd263f56cdff699238fda91b95ed158182cffdb584ba5e046dc8f2f7443f,artifacts/2026-10-09_terl_mappo_batch01/commander_v3r2/status_20261011/screens/r1/screen_000800000.json
r1,800000,sample,10,3P1E0O4C,2056100900,0.7,0.2,1.0,0.7,0.7,28b4e1553dbd1527e71fb542b40b3c2eb310a061ccf6d9c9bd11047a3f42573c,/home/yjq/rl/CoCap1/batch01-r1-long-v3r2-20261010/runs/B01-R1-PROVLONG-V3R2-20261010/evaluations/screen_000800000.json,37e0bd263f56cdff699238fda91b95ed158182cffdb584ba5e046dc8f2f7443f,artifacts/2026-10-09_terl_mappo_batch01/commander_v3r2/status_20261011/screens/r1/screen_000800000.json
r1,825000,argmax,10,3P1E0O4C,2056100900,0.4,0.0,1.0,0.8,0.4,e744e9ee6a73f4c0c00dae87edbf7fe3cb1b06d2c0b707818135573628f148f8,/home/yjq/rl/CoCap1/batch01-r1-long-v3r2-20261010/runs/B01-R1-PROVLONG-V3R2-20261010/evaluations/screen_000825000.json,cf9db1f8100c3267d553e8b0cb06fe4dd74717fe9c38d72e842535432aa154f7,artifacts/2026-10-09_terl_mappo_batch01/commander_v3r2/status_20261011/screens/r1/screen_000825000.json
r1,825000,sample,10,3P1E0O4C,2056100900,0.9,0.1,1.0,0.9,0.9,e744e9ee6a73f4c0c00dae87edbf7fe3cb1b06d2c0b707818135573628f148f8,/home/yjq/rl/CoCap1/batch01-r1-long-v3r2-20261010/runs/B01-R1-PROVLONG-V3R2-20261010/evaluations/screen_000825000.json,cf9db1f8100c3267d553e8b0cb06fe4dd74717fe9c38d72e842535432aa154f7,artifacts/2026-10-09_terl_mappo_batch01/commander_v3r2/status_20261011/screens/r1/screen_000825000.json
r1,850000,argmax,10,3P1E0O4C,2056100900,0.2,0.2,0.8,0.4,0.2,f8d659993b984cde4f7fa873a89642d44e42aec69e85a4a736cd1ac9cde005e4,/home/yjq/rl/CoCap1/batch01-r1-long-v3r2-20261010/runs/B01-R1-PROVLONG-V3R2-20261010/evaluations/screen_000850000.json,a425edb9e70f4299e431fd7c3a4a89ac787ff66124a4b82ec5b89f75f6c40824,artifacts/2026-10-09_terl_mappo_batch01/commander_v3r2/status_20261011/screens/r1/screen_000850000.json
r1,850000,sample,10,3P1E0O4C,2056100900,0.5,0.1,0.9,0.7,0.5,f8d659993b984cde4f7fa873a89642d44e42aec69e85a4a736cd1ac9cde005e4,/home/yjq/rl/CoCap1/batch01-r1-long-v3r2-20261010/runs/B01-R1-PROVLONG-V3R2-20261010/evaluations/screen_000850000.json,a425edb9e70f4299e431fd7c3a4a89ac787ff66124a4b82ec5b89f75f6c40824,artifacts/2026-10-09_terl_mappo_batch01/commander_v3r2/status_20261011/screens/r1/screen_000850000.json
r1,875000,argmax,10,3P1E0O4C,2056100900,0.0,1.0,1.0,0.5,0.0,062c142ab2620bc4bbf16a0c2e94f2f1422bee4a3ac35242da3008029e8c0107,/home/yjq/rl/CoCap1/batch01-r1-long-v3r2-20261010/runs/B01-R1-PROVLONG-V3R2-20261010/evaluations/screen_000875000.json,57e2cfb332b378594a3ece5f03fc37d5212b49451b62c91c114ef363fb7c188d,artifacts/2026-10-09_terl_mappo_batch01/commander_v3r2/status_20261011/screens/r1/screen_000875000.json
r1,875000,sample,10,3P1E0O4C,2056100900,0.2,0.5,1.0,0.6,0.2,062c142ab2620bc4bbf16a0c2e94f2f1422bee4a3ac35242da3008029e8c0107,/home/yjq/rl/CoCap1/batch01-r1-long-v3r2-20261010/runs/B01-R1-PROVLONG-V3R2-20261010/evaluations/screen_000875000.json,57e2cfb332b378594a3ece5f03fc37d5212b49451b62c91c114ef363fb7c188d,artifacts/2026-10-09_terl_mappo_batch01/commander_v3r2/status_20261011/screens/r1/screen_000875000.json
r1,900000,argmax,10,3P1E0O4C,2056100900,0.0,1.0,0.9,0.1,0.0,169b6cf6b13476203949f775bf433edc752b5fe7c1ca2f98dd10c3246b1b4e1d,/home/yjq/rl/CoCap1/batch01-r1-long-v3r2-20261010/runs/B01-R1-PROVLONG-V3R2-20261010/evaluations/screen_000900000.json,e6e2895819db28844d846ce63f819da306e2b01f35541b47d03fae4124837bb7,artifacts/2026-10-09_terl_mappo_batch01/commander_v3r2/status_20261011/screens/r1/screen_000900000.json
r1,900000,sample,10,3P1E0O4C,2056100900,0.0,1.0,0.9,0.1,0.0,169b6cf6b13476203949f775bf433edc752b5fe7c1ca2f98dd10c3246b1b4e1d,/home/yjq/rl/CoCap1/batch01-r1-long-v3r2-20261010/runs/B01-R1-PROVLONG-V3R2-20261010/evaluations/screen_000900000.json,e6e2895819db28844d846ce63f819da306e2b01f35541b47d03fae4124837bb7,artifacts/2026-10-09_terl_mappo_batch01/commander_v3r2/status_20261011/screens/r1/screen_000900000.json
r1,925000,argmax,10,3P1E0O4C,2056100900,0.1,0.5,1.0,1.0,0.1,28cc307e7c4b931b8c06225f82d47b8a4128fe153de686b7fff1f92fae17ce9e,/home/yjq/rl/CoCap1/batch01-r1-long-v3r2-20261010/runs/B01-R1-PROVLONG-V3R2-20261010/evaluations/screen_000925000.json,9a0db0bb51ccf1eb15487f88b1cfae74a5dd00e8d987bb68ae731dfe5bbcbe68,artifacts/2026-10-09_terl_mappo_batch01/commander_v3r2/status_20261011/screens/r1/screen_000925000.json
r1,925000,sample,10,3P1E0O4C,2056100900,0.7,0.2,1.0,0.9,0.7,28cc307e7c4b931b8c06225f82d47b8a4128fe153de686b7fff1f92fae17ce9e,/home/yjq/rl/CoCap1/batch01-r1-long-v3r2-20261010/runs/B01-R1-PROVLONG-V3R2-20261010/evaluations/screen_000925000.json,9a0db0bb51ccf1eb15487f88b1cfae74a5dd00e8d987bb68ae731dfe5bbcbe68,artifacts/2026-10-09_terl_mappo_batch01/commander_v3r2/status_20261011/screens/r1/screen_000925000.json
r1,950000,argmax,10,3P1E0O4C,2056100900,0.1,0.2,1.0,0.2,0.1,39378bab0fb57cad6c76605403d720323d69b6080521cfe8c689535b50d71e0c,/home/yjq/rl/CoCap1/batch01-r1-long-v3r2-20261010/runs/B01-R1-PROVLONG-V3R2-20261010/evaluations/screen_000950000.json,6012cdd04d1b42fe306f923e1ab9cae209449a390d0915d02a51b1fef90837ac,artifacts/2026-10-09_terl_mappo_batch01/commander_v3r2/status_20261011/screens/r1/screen_000950000.json
r1,950000,sample,10,3P1E0O4C,2056100900,0.0,0.0,1.0,0.0,0.0,39378bab0fb57cad6c76605403d720323d69b6080521cfe8c689535b50d71e0c,/home/yjq/rl/CoCap1/batch01-r1-long-v3r2-20261010/runs/B01-R1-PROVLONG-V3R2-20261010/evaluations/screen_000950000.json,6012cdd04d1b42fe306f923e1ab9cae209449a390d0915d02a51b1fef90837ac,artifacts/2026-10-09_terl_mappo_batch01/commander_v3r2/status_20261011/screens/r1/screen_000950000.json
r1,975000,argmax,10,3P1E0O4C,2056100900,0.7,0.3,1.0,0.7,0.7,5f5592cc3c2eb6c011028e16df47e6362c1222683d8ed0df4c0be0317bae413b,/home/yjq/rl/CoCap1/batch01-r1-long-v3r2-20261010/runs/B01-R1-PROVLONG-V3R2-20261010/evaluations/screen_000975000.json,6f8809bbf7c4b9914225e9214a9c9d36b3a1d5faf4ed6900b93ef3992685e4d6,artifacts/2026-10-09_terl_mappo_batch01/commander_v3r2/status_20261011/screens/r1/screen_000975000.json
r1,975000,sample,10,3P1E0O4C,2056100900,0.8,0.2,1.0,0.9,0.8,5f5592cc3c2eb6c011028e16df47e6362c1222683d8ed0df4c0be0317bae413b,/home/yjq/rl/CoCap1/batch01-r1-long-v3r2-20261010/runs/B01-R1-PROVLONG-V3R2-20261010/evaluations/screen_000975000.json,6f8809bbf7c4b9914225e9214a9c9d36b3a1d5faf4ed6900b93ef3992685e4d6,artifacts/2026-10-09_terl_mappo_batch01/commander_v3r2/status_20261011/screens/r1/screen_000975000.json
n1,0,argmax,20,3P1E0O4C,2056100900,0.0,0.4,0.0,0.0,0.0,ddd1b849a7931ca3e0853d845963bf41f5586021c63d2ec5e839174726f53a66,/home/yjq/rl/CoCap1/batch01-n1-v3r2-20261009/runs/B01-N1-PROV-V3R2-20261009/evaluations/screen_000000000.json,bbba2a5fc459d13841c439935a6ffa9f5f917533f91a99b1bc08bb1af2013273,artifacts/2026-10-09_terl_mappo_batch01/commander_v3r2/status_20261011/screens/n1/screen_000000000.json
n1,0,sample,20,3P1E0O4C,2056100900,0.0,0.35,0.0,0.0,0.0,ddd1b849a7931ca3e0853d845963bf41f5586021c63d2ec5e839174726f53a66,/home/yjq/rl/CoCap1/batch01-n1-v3r2-20261009/runs/B01-N1-PROV-V3R2-20261009/evaluations/screen_000000000.json,bbba2a5fc459d13841c439935a6ffa9f5f917533f91a99b1bc08bb1af2013273,artifacts/2026-10-09_terl_mappo_batch01/commander_v3r2/status_20261011/screens/n1/screen_000000000.json
n1,25000,argmax,20,3P1E0O4C,2056100900,0.0,0.55,0.05,0.0,0.0,e47839dbe554b2c0182cbfa1abf50a94d11ea76b34f12ef87b5b65d1a020c320,/home/yjq/rl/CoCap1/batch01-n1-long-v3r2-20261010/runs/B01-N1-PROVLONG-V3R2-20261010/evaluations/screen_000025000.json,d6c31006434e3c2acbd4474b847feafb65f13088efefa56243b4c37e1cdb32f9,artifacts/2026-10-09_terl_mappo_batch01/commander_v3r2/status_20261011/screens/n1/screen_000025000.json
n1,25000,sample,20,3P1E0O4C,2056100900,0.0,0.85,0.05,0.0,0.0,e47839dbe554b2c0182cbfa1abf50a94d11ea76b34f12ef87b5b65d1a020c320,/home/yjq/rl/CoCap1/batch01-n1-long-v3r2-20261010/runs/B01-N1-PROVLONG-V3R2-20261010/evaluations/screen_000025000.json,d6c31006434e3c2acbd4474b847feafb65f13088efefa56243b4c37e1cdb32f9,artifacts/2026-10-09_terl_mappo_batch01/commander_v3r2/status_20261011/screens/n1/screen_000025000.json
n1,50000,argmax,20,3P1E0O4C,2056100900,0.15,0.85,0.8,0.55,0.15,ded1fda51c74814fc72b1c2a1e3a0f85f16151ec2091455d1f69d074186562fd,/home/yjq/rl/CoCap1/batch01-n1-long-v3r2-20261010/runs/B01-N1-PROVLONG-V3R2-20261010/evaluations/screen_000050000.json,ba9a0e55a479099d428032fe765d366a638dee50567b05ce3bcf144084a44493,artifacts/2026-10-09_terl_mappo_batch01/commander_v3r2/status_20261011/screens/n1/screen_000050000.json
n1,50000,sample,20,3P1E0O4C,2056100900,0.0,1.0,0.25,0.0,0.0,ded1fda51c74814fc72b1c2a1e3a0f85f16151ec2091455d1f69d074186562fd,/home/yjq/rl/CoCap1/batch01-n1-long-v3r2-20261010/runs/B01-N1-PROVLONG-V3R2-20261010/evaluations/screen_000050000.json,ba9a0e55a479099d428032fe765d366a638dee50567b05ce3bcf144084a44493,artifacts/2026-10-09_terl_mappo_batch01/commander_v3r2/status_20261011/screens/n1/screen_000050000.json
n1,75000,argmax,10,3P1E0O4C,2056100900,0.1,0.9,0.3,0.1,0.1,dc2b64c8c7440cda0d1d58db27bcc1781799fc5476b15e90390d0ca7a9db2ae8,/home/yjq/rl/CoCap1/batch01-n1-long-v3r2-20261010/runs/B01-N1-PROVLONG-V3R2-20261010/evaluations/screen_000075000.json,fbee19ea243e34a6c436819973b54758a6ff41408de3cc0b19ef8c7990b26f34,artifacts/2026-10-09_terl_mappo_batch01/commander_v3r2/status_20261011/screens/n1/screen_000075000.json
n1,75000,sample,10,3P1E0O4C,2056100900,0.0,1.0,0.3,0.1,0.0,dc2b64c8c7440cda0d1d58db27bcc1781799fc5476b15e90390d0ca7a9db2ae8,/home/yjq/rl/CoCap1/batch01-n1-long-v3r2-20261010/runs/B01-N1-PROVLONG-V3R2-20261010/evaluations/screen_000075000.json,fbee19ea243e34a6c436819973b54758a6ff41408de3cc0b19ef8c7990b26f34,artifacts/2026-10-09_terl_mappo_batch01/commander_v3r2/status_20261011/screens/n1/screen_000075000.json
n1,100000,argmax,20,3P1E0O4C,2056100900,0.15,0.85,0.75,0.3,0.15,8fb937fa2c5ac9a4d65ae8765d4d9171db52949899ed81b65ce2d2b0474e5240,/home/yjq/rl/CoCap1/batch01-n1-long-v3r2-20261010/runs/B01-N1-PROVLONG-V3R2-20261010/evaluations/screen_000100000.json,295179eb3e0a15c405f815178566527f07c3747d2dba7ba24d00f1efbafbe453,artifacts/2026-10-09_terl_mappo_batch01/commander_v3r2/status_20261011/screens/n1/screen_000100000.json
n1,100000,sample,20,3P1E0O4C,2056100900,0.0,1.0,0.55,0.05,0.0,8fb937fa2c5ac9a4d65ae8765d4d9171db52949899ed81b65ce2d2b0474e5240,/home/yjq/rl/CoCap1/batch01-n1-long-v3r2-20261010/runs/B01-N1-PROVLONG-V3R2-20261010/evaluations/screen_000100000.json,295179eb3e0a15c405f815178566527f07c3747d2dba7ba24d00f1efbafbe453,artifacts/2026-10-09_terl_mappo_batch01/commander_v3r2/status_20261011/screens/n1/screen_000100000.json
n1,125000,argmax,10,3P1E0O4C,2056100900,0.0,1.0,0.8,0.4,0.0,058fdeb8ecc8390f622e4ee721cf6adf15d453028d7e07fc7d56c45a75bd3e23,/home/yjq/rl/CoCap1/batch01-n1-long-v3r2-20261010/runs/B01-N1-PROVLONG-V3R2-20261010/evaluations/screen_000125000.json,68c7eee7027e37412bae14bbd9f40116d333d0e7b9f09abfa21174f639b672d1,artifacts/2026-10-09_terl_mappo_batch01/commander_v3r2/status_20261011/screens/n1/screen_000125000.json
n1,125000,sample,10,3P1E0O4C,2056100900,0.1,0.9,0.7,0.2,0.1,058fdeb8ecc8390f622e4ee721cf6adf15d453028d7e07fc7d56c45a75bd3e23,/home/yjq/rl/CoCap1/batch01-n1-long-v3r2-20261010/runs/B01-N1-PROVLONG-V3R2-20261010/evaluations/screen_000125000.json,68c7eee7027e37412bae14bbd9f40116d333d0e7b9f09abfa21174f639b672d1,artifacts/2026-10-09_terl_mappo_batch01/commander_v3r2/status_20261011/screens/n1/screen_000125000.json
n1,150000,argmax,10,3P1E0O4C,2056100900,0.0,1.0,0.9,0.2,0.0,72a36d5f3aa5da5538e98fb37e12442890cf1c5580be6521d68351777be1b770,/home/yjq/rl/CoCap1/batch01-n1-long-v3r2-20261010/runs/B01-N1-PROVLONG-V3R2-20261010/evaluations/screen_000150000.json,8d0264a4a19c585ffbc95413c8cff8675fb877f6d7567f8cfe8e6d8e174f3886,artifacts/2026-10-09_terl_mappo_batch01/commander_v3r2/status_20261011/screens/n1/screen_000150000.json
n1,150000,sample,10,3P1E0O4C,2056100900,0.0,1.0,0.5,0.1,0.0,72a36d5f3aa5da5538e98fb37e12442890cf1c5580be6521d68351777be1b770,/home/yjq/rl/CoCap1/batch01-n1-long-v3r2-20261010/runs/B01-N1-PROVLONG-V3R2-20261010/evaluations/screen_000150000.json,8d0264a4a19c585ffbc95413c8cff8675fb877f6d7567f8cfe8e6d8e174f3886,artifacts/2026-10-09_terl_mappo_batch01/commander_v3r2/status_20261011/screens/n1/screen_000150000.json
n1,175000,argmax,10,3P1E0O4C,2056100900,0.2,0.8,0.9,0.6,0.2,486138a7c442d6bcc8e49651fd7f0fd20d4546ada00e2350a1cf668ff8ffed45,/home/yjq/rl/CoCap1/batch01-n1-long-v3r2-20261010/runs/B01-N1-PROVLONG-V3R2-20261010/evaluations/screen_000175000.json,14c425e5404ee69a1b1871eca84518bff7139a09b717b608421c7d18b269042f,artifacts/2026-10-09_terl_mappo_batch01/commander_v3r2/status_20261011/screens/n1/screen_000175000.json
n1,175000,sample,10,3P1E0O4C,2056100900,0.1,0.9,0.6,0.1,0.1,486138a7c442d6bcc8e49651fd7f0fd20d4546ada00e2350a1cf668ff8ffed45,/home/yjq/rl/CoCap1/batch01-n1-long-v3r2-20261010/runs/B01-N1-PROVLONG-V3R2-20261010/evaluations/screen_000175000.json,14c425e5404ee69a1b1871eca84518bff7139a09b717b608421c7d18b269042f,artifacts/2026-10-09_terl_mappo_batch01/commander_v3r2/status_20261011/screens/n1/screen_000175000.json
n1,200000,argmax,10,3P1E0O4C,2056100900,0.2,0.8,0.9,0.7,0.2,dfa9a68839e62f00aead0a335c204994acc1e514c223859d88312f2401b2248d,/home/yjq/rl/CoCap1/batch01-n1-long-v3r2-20261010/runs/B01-N1-PROVLONG-V3R2-20261010/evaluations/screen_000200000.json,2fdb3f4f337fc67e568760d832f04a9eb54b65a46c16ef7e878d0412c4fbd7c7,artifacts/2026-10-09_terl_mappo_batch01/commander_v3r2/status_20261011/screens/n1/screen_000200000.json
n1,200000,sample,10,3P1E0O4C,2056100900,0.2,0.8,0.8,0.2,0.2,dfa9a68839e62f00aead0a335c204994acc1e514c223859d88312f2401b2248d,/home/yjq/rl/CoCap1/batch01-n1-long-v3r2-20261010/runs/B01-N1-PROVLONG-V3R2-20261010/evaluations/screen_000200000.json,2fdb3f4f337fc67e568760d832f04a9eb54b65a46c16ef7e878d0412c4fbd7c7,artifacts/2026-10-09_terl_mappo_batch01/commander_v3r2/status_20261011/screens/n1/screen_000200000.json
n1,225000,argmax,10,3P1E0O4C,2056100900,0.1,0.9,1.0,0.8,0.1,02bbd21d0fd006b2f7c64b28d0545ca308d82ffcd8f8664a531e991a4d3dc964,/home/yjq/rl/CoCap1/batch01-n1-long-v3r2-20261010/runs/B01-N1-PROVLONG-V3R2-20261010/evaluations/screen_000225000.json,0e468707e17b782eb87ff8755a7c01e61e4e47803813d7e23dfef1a8a88e17dc,artifacts/2026-10-09_terl_mappo_batch01/commander_v3r2/status_20261011/screens/n1/screen_000225000.json
n1,225000,sample,10,3P1E0O4C,2056100900,0.3,0.7,0.9,0.5,0.3,02bbd21d0fd006b2f7c64b28d0545ca308d82ffcd8f8664a531e991a4d3dc964,/home/yjq/rl/CoCap1/batch01-n1-long-v3r2-20261010/runs/B01-N1-PROVLONG-V3R2-20261010/evaluations/screen_000225000.json,0e468707e17b782eb87ff8755a7c01e61e4e47803813d7e23dfef1a8a88e17dc,artifacts/2026-10-09_terl_mappo_batch01/commander_v3r2/status_20261011/screens/n1/screen_000225000.json
n1,250000,argmax,20,3P1E0O4C,2056100900,0.3,0.7,1.0,0.9,0.3,4f1384ec55bceb00ed4c95da1702afc1701177898dcaf95110a80e789611f19e,/home/yjq/rl/CoCap1/batch01-n1-long-v3r2-20261010/runs/B01-N1-PROVLONG-V3R2-20261010/evaluations/screen_000250000.json,6feb64bdcb258f05e6db0af649f258d4c0c9573226fe24d9a9b7ef4abec7c0eb,artifacts/2026-10-09_terl_mappo_batch01/commander_v3r2/status_20261011/screens/n1/screen_000250000.json
n1,250000,sample,20,3P1E0O4C,2056100900,0.25,0.75,0.9,0.6,0.25,4f1384ec55bceb00ed4c95da1702afc1701177898dcaf95110a80e789611f19e,/home/yjq/rl/CoCap1/batch01-n1-long-v3r2-20261010/runs/B01-N1-PROVLONG-V3R2-20261010/evaluations/screen_000250000.json,6feb64bdcb258f05e6db0af649f258d4c0c9573226fe24d9a9b7ef4abec7c0eb,artifacts/2026-10-09_terl_mappo_batch01/commander_v3r2/status_20261011/screens/n1/screen_000250000.json
n1,275000,argmax,10,3P1E0O4C,2056100900,0.4,0.6,1.0,0.8,0.4,07c9541e9e160997d064fec520c364e9250c448f71e8e9b931db09894729eb40,/home/yjq/rl/CoCap1/batch01-n1-long-v3r2-20261010/runs/B01-N1-PROVLONG-V3R2-20261010/evaluations/screen_000275000.json,3a3489ceca94750b9d04ac94d584f4bdac861490950e5f2916e6796926556b65,artifacts/2026-10-09_terl_mappo_batch01/commander_v3r2/status_20261011/screens/n1/screen_000275000.json
n1,275000,sample,10,3P1E0O4C,2056100900,0.3,0.7,0.9,0.8,0.3,07c9541e9e160997d064fec520c364e9250c448f71e8e9b931db09894729eb40,/home/yjq/rl/CoCap1/batch01-n1-long-v3r2-20261010/runs/B01-N1-PROVLONG-V3R2-20261010/evaluations/screen_000275000.json,3a3489ceca94750b9d04ac94d584f4bdac861490950e5f2916e6796926556b65,artifacts/2026-10-09_terl_mappo_batch01/commander_v3r2/status_20261011/screens/n1/screen_000275000.json
n1,300000,argmax,10,3P1E0O4C,2056100900,0.0,0.0,1.0,0.0,0.0,02dc0e58bb61bfaaf8fe1804ace4bdfa23658fd8cb333aeb0265cbb81a4bdf92,/home/yjq/rl/CoCap1/batch01-n1-long-v3r2-20261010/runs/B01-N1-PROVLONG-V3R2-20261010/evaluations/screen_000300000.json,71ae650589d708a5896c9821f1d4347fc72d695d00f276afa257d54adc08576a,artifacts/2026-10-09_terl_mappo_batch01/commander_v3r2/status_20261011/screens/n1/screen_000300000.json
n1,300000,sample,10,3P1E0O4C,2056100900,0.3,0.6,0.8,0.4,0.3,02dc0e58bb61bfaaf8fe1804ace4bdfa23658fd8cb333aeb0265cbb81a4bdf92,/home/yjq/rl/CoCap1/batch01-n1-long-v3r2-20261010/runs/B01-N1-PROVLONG-V3R2-20261010/evaluations/screen_000300000.json,71ae650589d708a5896c9821f1d4347fc72d695d00f276afa257d54adc08576a,artifacts/2026-10-09_terl_mappo_batch01/commander_v3r2/status_20261011/screens/n1/screen_000300000.json
n1,325000,argmax,10,3P1E0O4C,2056100900,1.0,0.0,1.0,1.0,1.0,bceae45e2ac12ab43012cdb55de03624a348f80419f4e322b43170946bee1a5e,/home/yjq/rl/CoCap1/batch01-n1-long-v3r2-20261010/runs/B01-N1-PROVLONG-V3R2-20261010/evaluations/screen_000325000.json,24724c3cbf5a199b0beaa494cd4379c40cd2884306ac62a3f647a69ef0eecf22,artifacts/2026-10-09_terl_mappo_batch01/commander_v3r2/status_20261011/screens/n1/screen_000325000.json
n1,325000,sample,10,3P1E0O4C,2056100900,0.7,0.3,0.9,0.8,0.7,bceae45e2ac12ab43012cdb55de03624a348f80419f4e322b43170946bee1a5e,/home/yjq/rl/CoCap1/batch01-n1-long-v3r2-20261010/runs/B01-N1-PROVLONG-V3R2-20261010/evaluations/screen_000325000.json,24724c3cbf5a199b0beaa494cd4379c40cd2884306ac62a3f647a69ef0eecf22,artifacts/2026-10-09_terl_mappo_batch01/commander_v3r2/status_20261011/screens/n1/screen_000325000.json
n1,350000,argmax,10,3P1E0O4C,2056100900,1.0,0.0,1.0,1.0,1.0,717f8759efcb6fc9263075042be31b8de94a60662981390aaadb0f3264dd25b7,/home/yjq/rl/CoCap1/batch01-n1-long-v3r2-20261010/runs/B01-N1-PROVLONG-V3R2-20261010/evaluations/screen_000350000.json,d013c97123ea007c3a248aa7b584dd12a8bc3ca01e3312d79334ee7889df38ef,artifacts/2026-10-09_terl_mappo_batch01/commander_v3r2/status_20261011/screens/n1/screen_000350000.json
n1,350000,sample,10,3P1E0O4C,2056100900,0.6,0.4,0.9,0.9,0.6,717f8759efcb6fc9263075042be31b8de94a60662981390aaadb0f3264dd25b7,/home/yjq/rl/CoCap1/batch01-n1-long-v3r2-20261010/runs/B01-N1-PROVLONG-V3R2-20261010/evaluations/screen_000350000.json,d013c97123ea007c3a248aa7b584dd12a8bc3ca01e3312d79334ee7889df38ef,artifacts/2026-10-09_terl_mappo_batch01/commander_v3r2/status_20261011/screens/n1/screen_000350000.json
n1,375000,argmax,10,3P1E0O4C,2056100900,0.9,0.1,0.9,0.9,0.9,9fcb263dbe47fa55ced853d4731dfcb1f02c0e3cc6d823beca902710e23523a6,/home/yjq/rl/CoCap1/batch01-n1-long-v3r2-20261010/runs/B01-N1-PROVLONG-V3R2-20261010/evaluations/screen_000375000.json,62d90eaf00cb36acbb80261af76ec0dae3f8203aaec201cb9d165c0b7c902aad,artifacts/2026-10-09_terl_mappo_batch01/commander_v3r2/status_20261011/screens/n1/screen_000375000.json
n1,375000,sample,10,3P1E0O4C,2056100900,0.5,0.5,1.0,0.8,0.5,9fcb263dbe47fa55ced853d4731dfcb1f02c0e3cc6d823beca902710e23523a6,/home/yjq/rl/CoCap1/batch01-n1-long-v3r2-20261010/runs/B01-N1-PROVLONG-V3R2-20261010/evaluations/screen_000375000.json,62d90eaf00cb36acbb80261af76ec0dae3f8203aaec201cb9d165c0b7c902aad,artifacts/2026-10-09_terl_mappo_batch01/commander_v3r2/status_20261011/screens/n1/screen_000375000.json
n1,400000,argmax,10,3P1E0O4C,2056100900,0.9,0.0,1.0,1.0,0.9,516db3bfb92003f05df860d0f874f35a7911f740de7f374e4cfed1879fc3d162,/home/yjq/rl/CoCap1/batch01-n1-long-v3r2-20261010/runs/B01-N1-PROVLONG-V3R2-20261010/evaluations/screen_000400000.json,17129eff7144dc1d0ce930e19f42a4b4c7f30e0d56b13bfb57784606813cf0cd,artifacts/2026-10-09_terl_mappo_batch01/commander_v3r2/status_20261011/screens/n1/screen_000400000.json
n1,400000,sample,10,3P1E0O4C,2056100900,0.8,0.1,1.0,1.0,0.8,516db3bfb92003f05df860d0f874f35a7911f740de7f374e4cfed1879fc3d162,/home/yjq/rl/CoCap1/batch01-n1-long-v3r2-20261010/runs/B01-N1-PROVLONG-V3R2-20261010/evaluations/screen_000400000.json,17129eff7144dc1d0ce930e19f42a4b4c7f30e0d56b13bfb57784606813cf0cd,artifacts/2026-10-09_terl_mappo_batch01/commander_v3r2/status_20261011/screens/n1/screen_000400000.json
n1,425000,argmax,10,3P1E0O4C,2056100900,0.9,0.0,1.0,1.0,0.9,78aaee22acbc9ac863637cd418bf354e94adc44924a23e915862333220b8a8ce,/home/yjq/rl/CoCap1/batch01-n1-long-v3r2-20261010/runs/B01-N1-PROVLONG-V3R2-20261010/evaluations/screen_000425000.json,2faa274e1d58dafa230724ed5eeae206f11c785f13f978b2996e7790a630f7c3,artifacts/2026-10-09_terl_mappo_batch01/commander_v3r2/status_20261011/screens/n1/screen_000425000.json
n1,425000,sample,10,3P1E0O4C,2056100900,0.8,0.2,0.9,0.9,0.8,78aaee22acbc9ac863637cd418bf354e94adc44924a23e915862333220b8a8ce,/home/yjq/rl/CoCap1/batch01-n1-long-v3r2-20261010/runs/B01-N1-PROVLONG-V3R2-20261010/evaluations/screen_000425000.json,2faa274e1d58dafa230724ed5eeae206f11c785f13f978b2996e7790a630f7c3,artifacts/2026-10-09_terl_mappo_batch01/commander_v3r2/status_20261011/screens/n1/screen_000425000.json
n1,450000,argmax,10,3P1E0O4C,2056100900,1.0,0.0,1.0,1.0,1.0,48e41b1a296de174b4f3994ae3f359c2e7a0655c6f0f00635027ec32bdfa99ee,/home/yjq/rl/CoCap1/batch01-n1-long-v3r2-20261010/runs/B01-N1-PROVLONG-V3R2-20261010/evaluations/screen_000450000.json,0a401b899641cf5c2ff08d209ab61c983a86db221213de4641998655a3cf3850,artifacts/2026-10-09_terl_mappo_batch01/commander_v3r2/status_20261011/screens/n1/screen_000450000.json
n1,450000,sample,10,3P1E0O4C,2056100900,0.9,0.1,0.9,0.9,0.9,48e41b1a296de174b4f3994ae3f359c2e7a0655c6f0f00635027ec32bdfa99ee,/home/yjq/rl/CoCap1/batch01-n1-long-v3r2-20261010/runs/B01-N1-PROVLONG-V3R2-20261010/evaluations/screen_000450000.json,0a401b899641cf5c2ff08d209ab61c983a86db221213de4641998655a3cf3850,artifacts/2026-10-09_terl_mappo_batch01/commander_v3r2/status_20261011/screens/n1/screen_000450000.json
n1,475000,argmax,10,3P1E0O4C,2056100900,0.6,0.4,0.9,0.8,0.6,d90a1a832c6c1f52041820acd38e94df54c623ccba8a85ace5ce11ca00738abd,/home/yjq/rl/CoCap1/batch01-n1-long-v3r2-20261010/runs/B01-N1-PROVLONG-V3R2-20261010/evaluations/screen_000475000.json,3e8e38cd05a58f89d0b1594a227be1f2bb40f824eba9bed73dcadb83a551c8a7,artifacts/2026-10-09_terl_mappo_batch01/commander_v3r2/status_20261011/screens/n1/screen_000475000.json
n1,475000,sample,10,3P1E0O4C,2056100900,0.4,0.6,0.9,0.7,0.4,d90a1a832c6c1f52041820acd38e94df54c623ccba8a85ace5ce11ca00738abd,/home/yjq/rl/CoCap1/batch01-n1-long-v3r2-20261010/runs/B01-N1-PROVLONG-V3R2-20261010/evaluations/screen_000475000.json,3e8e38cd05a58f89d0b1594a227be1f2bb40f824eba9bed73dcadb83a551c8a7,artifacts/2026-10-09_terl_mappo_batch01/commander_v3r2/status_20261011/screens/n1/screen_000475000.json
n1,500000,argmax,20,3P1E0O4C,2056100900,0.55,0.45,0.65,0.55,0.55,896df0ea9f3601bab4d83a345fe81e588cb464390a9f65b4cfacd5e3d89bc353,/home/yjq/rl/CoCap1/batch01-n1-long-v3r2-20261010/runs/B01-N1-PROVLONG-V3R2-20261010/evaluations/screen_000500000.json,ada7a17a77e04d369839bd2e2601f8aa4860e42cf7f7f71cc6dee1d3fb3cea10,artifacts/2026-10-09_terl_mappo_batch01/commander_v3r2/status_20261011/screens/n1/screen_000500000.json
n1,500000,sample,20,3P1E0O4C,2056100900,0.65,0.35,0.75,0.7,0.65,896df0ea9f3601bab4d83a345fe81e588cb464390a9f65b4cfacd5e3d89bc353,/home/yjq/rl/CoCap1/batch01-n1-long-v3r2-20261010/runs/B01-N1-PROVLONG-V3R2-20261010/evaluations/screen_000500000.json,ada7a17a77e04d369839bd2e2601f8aa4860e42cf7f7f71cc6dee1d3fb3cea10,artifacts/2026-10-09_terl_mappo_batch01/commander_v3r2/status_20261011/screens/n1/screen_000500000.json
n1,525000,argmax,10,3P1E0O4C,2056100900,0.8,0.2,0.8,0.8,0.8,fcc7de6fca8013d8de9312e5e32a619321034f6c91123beabc7cc3f0fc8f4c4b,/home/yjq/rl/CoCap1/batch01-n1-long-v3r2-20261010/runs/B01-N1-PROVLONG-V3R2-20261010/evaluations/screen_000525000.json,07dd1fdb700cb26854e13f69c28b30f620ad81830bec708581d898435e087d6d,artifacts/2026-10-09_terl_mappo_batch01/commander_v3r2/status_20261011/screens/n1/screen_000525000.json
n1,525000,sample,10,3P1E0O4C,2056100900,0.4,0.6,0.7,0.4,0.4,fcc7de6fca8013d8de9312e5e32a619321034f6c91123beabc7cc3f0fc8f4c4b,/home/yjq/rl/CoCap1/batch01-n1-long-v3r2-20261010/runs/B01-N1-PROVLONG-V3R2-20261010/evaluations/screen_000525000.json,07dd1fdb700cb26854e13f69c28b30f620ad81830bec708581d898435e087d6d,artifacts/2026-10-09_terl_mappo_batch01/commander_v3r2/status_20261011/screens/n1/screen_000525000.json
n1,550000,argmax,10,3P1E0O4C,2056100900,0.8,0.2,0.9,0.8,0.8,a13a8108fb94773a3be49b25507bbd34def7be7b03bded7ee49745a5f3eb7394,/home/yjq/rl/CoCap1/batch01-n1-long-v3r2-20261010/runs/B01-N1-PROVLONG-V3R2-20261010/evaluations/screen_000550000.json,81b0581403b6f2b3fba82d4fa25d0adac76c8d463b8fab293941da1b5d603dfd,artifacts/2026-10-09_terl_mappo_batch01/commander_v3r2/status_20261011/screens/n1/screen_000550000.json
n1,550000,sample,10,3P1E0O4C,2056100900,0.6,0.4,0.9,0.7,0.6,a13a8108fb94773a3be49b25507bbd34def7be7b03bded7ee49745a5f3eb7394,/home/yjq/rl/CoCap1/batch01-n1-long-v3r2-20261010/runs/B01-N1-PROVLONG-V3R2-20261010/evaluations/screen_000550000.json,81b0581403b6f2b3fba82d4fa25d0adac76c8d463b8fab293941da1b5d603dfd,artifacts/2026-10-09_terl_mappo_batch01/commander_v3r2/status_20261011/screens/n1/screen_000550000.json
n1,575000,argmax,10,3P1E0O4C,2056100900,0.8,0.0,1.0,0.9,0.8,d18d10866fffd68db162eec78d22244313fe5c9e6305653c8fe79bd6ee48611d,/home/yjq/rl/CoCap1/batch01-n1-long-v3r2-20261010/runs/B01-N1-PROVLONG-V3R2-20261010/evaluations/screen_000575000.json,aae0f7887557d8970b75e0438843910d0b3b9ccc661e0baab762123e903be37d,artifacts/2026-10-09_terl_mappo_batch01/commander_v3r2/status_20261011/screens/n1/screen_000575000.json
n1,575000,sample,10,3P1E0O4C,2056100900,0.3,0.7,1.0,0.5,0.3,d18d10866fffd68db162eec78d22244313fe5c9e6305653c8fe79bd6ee48611d,/home/yjq/rl/CoCap1/batch01-n1-long-v3r2-20261010/runs/B01-N1-PROVLONG-V3R2-20261010/evaluations/screen_000575000.json,aae0f7887557d8970b75e0438843910d0b3b9ccc661e0baab762123e903be37d,artifacts/2026-10-09_terl_mappo_batch01/commander_v3r2/status_20261011/screens/n1/screen_000575000.json
n1,600000,argmax,10,3P1E0O4C,2056100900,1.0,0.0,1.0,1.0,1.0,f51ce6d519dc104a93928758929d6cf608a3199388a06100b58cd3f979dfe979,/home/yjq/rl/CoCap1/batch01-n1-long-v3r2-20261010/runs/B01-N1-PROVLONG-V3R2-20261010/evaluations/screen_000600000.json,c2b47d34ff0b1e0242590b121917a72d67b53e910c1f31b855c19aa73ff88295,artifacts/2026-10-09_terl_mappo_batch01/commander_v3r2/status_20261011/screens/n1/screen_000600000.json
n1,600000,sample,10,3P1E0O4C,2056100900,0.7,0.3,1.0,1.0,0.7,f51ce6d519dc104a93928758929d6cf608a3199388a06100b58cd3f979dfe979,/home/yjq/rl/CoCap1/batch01-n1-long-v3r2-20261010/runs/B01-N1-PROVLONG-V3R2-20261010/evaluations/screen_000600000.json,c2b47d34ff0b1e0242590b121917a72d67b53e910c1f31b855c19aa73ff88295,artifacts/2026-10-09_terl_mappo_batch01/commander_v3r2/status_20261011/screens/n1/screen_000600000.json
n1,625000,argmax,10,3P1E0O4C,2056100900,0.2,0.2,0.8,0.7,0.2,68743d7a17913c79a4a25d672ac19c8f4c255a717cfc433b50c7c1bbaafb1292,/home/yjq/rl/CoCap1/batch01-n1-long-v3r2-20261010/runs/B01-N1-PROVLONG-V3R2-20261010/evaluations/screen_000625000.json,74e94ddd60ecf241d5520f7e31c357656da8aa3dffbc523995369cd6e1a0f61a,artifacts/2026-10-09_terl_mappo_batch01/commander_v3r2/status_20261011/screens/n1/screen_000625000.json
n1,625000,sample,10,3P1E0O4C,2056100900,0.3,0.5,1.0,0.6,0.3,68743d7a17913c79a4a25d672ac19c8f4c255a717cfc433b50c7c1bbaafb1292,/home/yjq/rl/CoCap1/batch01-n1-long-v3r2-20261010/runs/B01-N1-PROVLONG-V3R2-20261010/evaluations/screen_000625000.json,74e94ddd60ecf241d5520f7e31c357656da8aa3dffbc523995369cd6e1a0f61a,artifacts/2026-10-09_terl_mappo_batch01/commander_v3r2/status_20261011/screens/n1/screen_000625000.json
n1,650000,argmax,10,3P1E0O4C,2056100900,0.2,0.2,0.8,0.8,0.2,4d34bd779ef1d0a68b6888de5598725e1da9da925aba9bf3f915d334076631a8,/home/yjq/rl/CoCap1/batch01-n1-long-v3r2-20261010/runs/B01-N1-PROVLONG-V3R2-20261010/evaluations/screen_000650000.json,846fbc3e15e5bf6d99efc823f9838cf43ac4585906377dc1ff9a3a998abe3147,artifacts/2026-10-09_terl_mappo_batch01/commander_v3r2/status_20261011/screens/n1/screen_000650000.json
n1,650000,sample,10,3P1E0O4C,2056100900,0.4,0.2,0.8,0.8,0.4,4d34bd779ef1d0a68b6888de5598725e1da9da925aba9bf3f915d334076631a8,/home/yjq/rl/CoCap1/batch01-n1-long-v3r2-20261010/runs/B01-N1-PROVLONG-V3R2-20261010/evaluations/screen_000650000.json,846fbc3e15e5bf6d99efc823f9838cf43ac4585906377dc1ff9a3a998abe3147,artifacts/2026-10-09_terl_mappo_batch01/commander_v3r2/status_20261011/screens/n1/screen_000650000.json
n1,675000,argmax,10,3P1E0O4C,2056100900,0.6,0.4,0.7,0.7,0.6,3e9a244ac858f13c65ab3da2fb0d9d4c6055305406865b7c24bf0b73347498a7,/home/yjq/rl/CoCap1/batch01-n1-long-v3r2-20261010/runs/B01-N1-PROVLONG-V3R2-20261010/evaluations/screen_000675000.json,9a1ed53f39f17f7ed508d8c08d099009fee3f82304f9d23907b12ef376078405,artifacts/2026-10-09_terl_mappo_batch01/commander_v3r2/status_20261011/screens/n1/screen_000675000.json
n1,675000,sample,10,3P1E0O4C,2056100900,0.7,0.3,0.9,0.7,0.7,3e9a244ac858f13c65ab3da2fb0d9d4c6055305406865b7c24bf0b73347498a7,/home/yjq/rl/CoCap1/batch01-n1-long-v3r2-20261010/runs/B01-N1-PROVLONG-V3R2-20261010/evaluations/screen_000675000.json,9a1ed53f39f17f7ed508d8c08d099009fee3f82304f9d23907b12ef376078405,artifacts/2026-10-09_terl_mappo_batch01/commander_v3r2/status_20261011/screens/n1/screen_000675000.json
n1,700000,argmax,10,3P1E0O4C,2056100900,1.0,0.0,1.0,1.0,1.0,6c20c688e675dd3d88c449ff9c0eb18ec1118ee76c1650c5ab406d28ed84c4d6,/home/yjq/rl/CoCap1/batch01-n1-long-v3r2-20261010/runs/B01-N1-PROVLONG-V3R2-20261010/evaluations/screen_000700000.json,27cc13562588554f29333f0c2582f269544216a0668e5e271abb79058dcd00bf,artifacts/2026-10-09_terl_mappo_batch01/commander_v3r2/status_20261011/screens/n1/screen_000700000.json
n1,700000,sample,10,3P1E0O4C,2056100900,0.7,0.2,1.0,1.0,0.7,6c20c688e675dd3d88c449ff9c0eb18ec1118ee76c1650c5ab406d28ed84c4d6,/home/yjq/rl/CoCap1/batch01-n1-long-v3r2-20261010/runs/B01-N1-PROVLONG-V3R2-20261010/evaluations/screen_000700000.json,27cc13562588554f29333f0c2582f269544216a0668e5e271abb79058dcd00bf,artifacts/2026-10-09_terl_mappo_batch01/commander_v3r2/status_20261011/screens/n1/screen_000700000.json
n1,725000,argmax,10,3P1E0O4C,2056100900,1.0,0.0,1.0,1.0,1.0,48d4b68a0dddc258b730effdcd5915ed0144494ffdae82ee9ee341fcdbdf2ebf,/home/yjq/rl/CoCap1/batch01-n1-long-v3r2-20261010/runs/B01-N1-PROVLONG-V3R2-20261010/evaluations/screen_000725000.json,86b09b878b0830d5d6ca69ee521afbb63c7a18907b5cade690118269369679f0,artifacts/2026-10-09_terl_mappo_batch01/commander_v3r2/status_20261011/screens/n1/screen_000725000.json
n1,725000,sample,10,3P1E0O4C,2056100900,1.0,0.0,1.0,1.0,1.0,48d4b68a0dddc258b730effdcd5915ed0144494ffdae82ee9ee341fcdbdf2ebf,/home/yjq/rl/CoCap1/batch01-n1-long-v3r2-20261010/runs/B01-N1-PROVLONG-V3R2-20261010/evaluations/screen_000725000.json,86b09b878b0830d5d6ca69ee521afbb63c7a18907b5cade690118269369679f0,artifacts/2026-10-09_terl_mappo_batch01/commander_v3r2/status_20261011/screens/n1/screen_000725000.json
n1,750000,argmax,20,3P1E0O4C,2056100900,0.45,0.0,1.0,0.45,0.45,a8ac715cef7d466a777f8cc250e5d4913f5edc4e4468af6564985dd61fcd2089,/home/yjq/rl/CoCap1/batch01-n1-long-v3r2-20261010/runs/B01-N1-PROVLONG-V3R2-20261010/evaluations/screen_000750000.json,07c0157554a19a7515f01e62eed400334cb743329512a092c49675b9cf0d1b33,artifacts/2026-10-09_terl_mappo_batch01/commander_v3r2/status_20261011/screens/n1/screen_000750000.json
n1,750000,sample,20,3P1E0O4C,2056100900,0.6,0.0,1.0,0.8,0.6,a8ac715cef7d466a777f8cc250e5d4913f5edc4e4468af6564985dd61fcd2089,/home/yjq/rl/CoCap1/batch01-n1-long-v3r2-20261010/runs/B01-N1-PROVLONG-V3R2-20261010/evaluations/screen_000750000.json,07c0157554a19a7515f01e62eed400334cb743329512a092c49675b9cf0d1b33,artifacts/2026-10-09_terl_mappo_batch01/commander_v3r2/status_20261011/screens/n1/screen_000750000.json
n1,775000,argmax,10,3P1E0O4C,2056100900,0.0,0.0,0.9,0.1,0.0,3652cd40ee98ec3feb44530cbcd964138974dbfaca6fdc60ee8d3f06d03b9b29,/home/yjq/rl/CoCap1/batch01-n1-long-v3r2-20261010/runs/B01-N1-PROVLONG-V3R2-20261010/evaluations/screen_000775000.json,c85646781693580163ecdef09c20b8c1141853f9a1b0f16c0e258a29648c366b,artifacts/2026-10-09_terl_mappo_batch01/commander_v3r2/status_20261011/screens/n1/screen_000775000.json
n1,775000,sample,10,3P1E0O4C,2056100900,0.0,0.3,1.0,0.1,0.0,3652cd40ee98ec3feb44530cbcd964138974dbfaca6fdc60ee8d3f06d03b9b29,/home/yjq/rl/CoCap1/batch01-n1-long-v3r2-20261010/runs/B01-N1-PROVLONG-V3R2-20261010/evaluations/screen_000775000.json,c85646781693580163ecdef09c20b8c1141853f9a1b0f16c0e258a29648c366b,artifacts/2026-10-09_terl_mappo_batch01/commander_v3r2/status_20261011/screens/n1/screen_000775000.json
n1,800000,argmax,10,3P1E0O4C,2056100900,0.1,0.0,1.0,0.2,0.1,ba48d12599a489b691d4e2a02864668a676fd8d914771d939a612d4e849cff26,/home/yjq/rl/CoCap1/batch01-n1-long-v3r2-20261010/runs/B01-N1-PROVLONG-V3R2-20261010/evaluations/screen_000800000.json,952bbf72ebdba8843d84741907e77cb0cc8707081037469840642b9000819bb3,artifacts/2026-10-09_terl_mappo_batch01/commander_v3r2/status_20261011/screens/n1/screen_000800000.json
n1,800000,sample,10,3P1E0O4C,2056100900,0.3,0.1,1.0,0.5,0.3,ba48d12599a489b691d4e2a02864668a676fd8d914771d939a612d4e849cff26,/home/yjq/rl/CoCap1/batch01-n1-long-v3r2-20261010/runs/B01-N1-PROVLONG-V3R2-20261010/evaluations/screen_000800000.json,952bbf72ebdba8843d84741907e77cb0cc8707081037469840642b9000819bb3,artifacts/2026-10-09_terl_mappo_batch01/commander_v3r2/status_20261011/screens/n1/screen_000800000.json
n1,825000,argmax,10,3P1E0O4C,2056100900,0.2,0.0,1.0,0.2,0.2,cbc741a9484e38207f3ac825b8f59593fadf8fa40f95d79103604cdad8bd6b3d,/home/yjq/rl/CoCap1/batch01-n1-long-v3r2-20261010/runs/B01-N1-PROVLONG-V3R2-20261010/evaluations/screen_000825000.json,f5cc69ca7ac18fadf6669637366bd166f5a45d7791fc75e5b3afe707de5fd55e,artifacts/2026-10-09_terl_mappo_batch01/commander_v3r2/status_20261011/screens/n1/screen_000825000.json
n1,825000,sample,10,3P1E0O4C,2056100900,0.4,0.0,1.0,0.5,0.4,cbc741a9484e38207f3ac825b8f59593fadf8fa40f95d79103604cdad8bd6b3d,/home/yjq/rl/CoCap1/batch01-n1-long-v3r2-20261010/runs/B01-N1-PROVLONG-V3R2-20261010/evaluations/screen_000825000.json,f5cc69ca7ac18fadf6669637366bd166f5a45d7791fc75e5b3afe707de5fd55e,artifacts/2026-10-09_terl_mappo_batch01/commander_v3r2/status_20261011/screens/n1/screen_000825000.json
n1,850000,argmax,10,3P1E0O4C,2056100900,0.2,0.0,1.0,0.3,0.2,36ebe91298d67eed014c7218628620b7fefbcbdff6898939d4c3f3eba72e0292,/home/yjq/rl/CoCap1/batch01-n1-long-v3r2-20261010/runs/B01-N1-PROVLONG-V3R2-20261010/evaluations/screen_000850000.json,1de350572da56c91acbf66bbe1e20fb8caa12311ba48d91f06ec0341abc64cd5,artifacts/2026-10-09_terl_mappo_batch01/commander_v3r2/status_20261011/screens/n1/screen_000850000.json
n1,850000,sample,10,3P1E0O4C,2056100900,0.5,0.2,1.0,1.0,0.5,36ebe91298d67eed014c7218628620b7fefbcbdff6898939d4c3f3eba72e0292,/home/yjq/rl/CoCap1/batch01-n1-long-v3r2-20261010/runs/B01-N1-PROVLONG-V3R2-20261010/evaluations/screen_000850000.json,1de350572da56c91acbf66bbe1e20fb8caa12311ba48d91f06ec0341abc64cd5,artifacts/2026-10-09_terl_mappo_batch01/commander_v3r2/status_20261011/screens/n1/screen_000850000.json
n1,875000,argmax,10,3P1E0O4C,2056100900,0.3,0.0,1.0,0.6,0.3,20f4013e0854d3355e390a0cac954b6668710c6066f132a91637ffdad0b215c0,/home/yjq/rl/CoCap1/batch01-n1-long-v3r2-20261010/runs/B01-N1-PROVLONG-V3R2-20261010/evaluations/screen_000875000.json,f369ea33c597fe074fe5d40b4a257187640d8b672c11a8b5241d7f47dcfcc126,artifacts/2026-10-09_terl_mappo_batch01/commander_v3r2/status_20261011/screens/n1/screen_000875000.json
n1,875000,sample,10,3P1E0O4C,2056100900,0.6,0.0,1.0,1.0,0.6,20f4013e0854d3355e390a0cac954b6668710c6066f132a91637ffdad0b215c0,/home/yjq/rl/CoCap1/batch01-n1-long-v3r2-20261010/runs/B01-N1-PROVLONG-V3R2-20261010/evaluations/screen_000875000.json,f369ea33c597fe074fe5d40b4a257187640d8b672c11a8b5241d7f47dcfcc126,artifacts/2026-10-09_terl_mappo_batch01/commander_v3r2/status_20261011/screens/n1/screen_000875000.json
n1,900000,argmax,10,3P1E0O4C,2056100900,1.0,0.0,1.0,1.0,1.0,cf458b8812da2412f14ad1ce23f7037023cd8149cee152b6682b78f8247157e8,/home/yjq/rl/CoCap1/batch01-n1-long-v3r2-20261010/runs/B01-N1-PROVLONG-V3R2-20261010/evaluations/screen_000900000.json,d7729545178be9f9894cbda7290d2b8e8b78d2ae3b03b96039b023312da479de,artifacts/2026-10-09_terl_mappo_batch01/commander_v3r2/status_20261011/screens/n1/screen_000900000.json
n1,900000,sample,10,3P1E0O4C,2056100900,0.9,0.1,1.0,1.0,0.9,cf458b8812da2412f14ad1ce23f7037023cd8149cee152b6682b78f8247157e8,/home/yjq/rl/CoCap1/batch01-n1-long-v3r2-20261010/runs/B01-N1-PROVLONG-V3R2-20261010/evaluations/screen_000900000.json,d7729545178be9f9894cbda7290d2b8e8b78d2ae3b03b96039b023312da479de,artifacts/2026-10-09_terl_mappo_batch01/commander_v3r2/status_20261011/screens/n1/screen_000900000.json
n1,925000,argmax,10,3P1E0O4C,2056100900,0.5,0.5,1.0,0.8,0.5,cd45b9e0fcb5d182c7e0577965d0047ac745aeca44f7900913c6d7f954da9ea4,/home/yjq/rl/CoCap1/batch01-n1-long-v3r2-20261010/runs/B01-N1-PROVLONG-V3R2-20261010/evaluations/screen_000925000.json,a283cdf8108a3b9a539d018d359efedd231ec7c47069d59f58f1d0bfd71852dc,artifacts/2026-10-09_terl_mappo_batch01/commander_v3r2/status_20261011/screens/n1/screen_000925000.json
n1,925000,sample,10,3P1E0O4C,2056100900,0.4,0.3,1.0,1.0,0.4,cd45b9e0fcb5d182c7e0577965d0047ac745aeca44f7900913c6d7f954da9ea4,/home/yjq/rl/CoCap1/batch01-n1-long-v3r2-20261010/runs/B01-N1-PROVLONG-V3R2-20261010/evaluations/screen_000925000.json,a283cdf8108a3b9a539d018d359efedd231ec7c47069d59f58f1d0bfd71852dc,artifacts/2026-10-09_terl_mappo_batch01/commander_v3r2/status_20261011/screens/n1/screen_000925000.json
n1,950000,argmax,10,3P1E0O4C,2056100900,0.4,0.4,1.0,1.0,0.4,aeae9c602f2cdb152d0f6aebdc7e907bfbc5d1bfe52919fb7c31521ce15a4a40,/home/yjq/rl/CoCap1/batch01-n1-long-v3r2-20261010/runs/B01-N1-PROVLONG-V3R2-20261010/evaluations/screen_000950000.json,3bf0e331037114cacfbc7894feacb1785c732004ed18f3037a53d95874242f0c,artifacts/2026-10-09_terl_mappo_batch01/commander_v3r2/status_20261011/screens/n1/screen_000950000.json
n1,950000,sample,10,3P1E0O4C,2056100900,0.5,0.3,1.0,0.9,0.5,aeae9c602f2cdb152d0f6aebdc7e907bfbc5d1bfe52919fb7c31521ce15a4a40,/home/yjq/rl/CoCap1/batch01-n1-long-v3r2-20261010/runs/B01-N1-PROVLONG-V3R2-20261010/evaluations/screen_000950000.json,3bf0e331037114cacfbc7894feacb1785c732004ed18f3037a53d95874242f0c,artifacts/2026-10-09_terl_mappo_batch01/commander_v3r2/status_20261011/screens/n1/screen_000950000.json
n1,975000,argmax,10,3P1E0O4C,2056100900,0.6,0.0,1.0,1.0,0.6,8c63c82e851d3ca44abec095d0a387eccffeb6f99d092d6e51ec337bdfe0ca06,/home/yjq/rl/CoCap1/batch01-n1-long-v3r2-20261010/runs/B01-N1-PROVLONG-V3R2-20261010/evaluations/screen_000975000.json,48753f525d2387c6216e94ea49e692345d90806da80d64b2bbac592b2854d3db,artifacts/2026-10-09_terl_mappo_batch01/commander_v3r2/status_20261011/screens/n1/screen_000975000.json
n1,975000,sample,10,3P1E0O4C,2056100900,0.7,0.0,1.0,1.0,0.7,8c63c82e851d3ca44abec095d0a387eccffeb6f99d092d6e51ec337bdfe0ca06,/home/yjq/rl/CoCap1/batch01-n1-long-v3r2-20261010/runs/B01-N1-PROVLONG-V3R2-20261010/evaluations/screen_000975000.json,48753f525d2387c6216e94ea49e692345d90806da80d64b2bbac592b2854d3db,artifacts/2026-10-09_terl_mappo_batch01/commander_v3r2/status_20261011/screens/n1/screen_000975000.json
n1,1000000,argmax,20,3P1E0O4C,2056100900,0.75,0.25,0.9,0.85,0.75,d9ae243b9b506899d5e8726ad8cb906cfa39136e049ac26bc6b6f96f0619a2b0,/home/yjq/rl/CoCap1/batch01-n1-long-v3r2-20261010/runs/B01-N1-PROVLONG-V3R2-20261010/evaluations/screen_001000000.json,eb0598bd9d70aecb981e8d74cde0e58d125687ba1dda45686c421aa0e9aa0b08,artifacts/2026-10-09_terl_mappo_batch01/commander_v3r2/status_20261011/screens/n1/screen_001000000.json
n1,1000000,sample,20,3P1E0O4C,2056100900,0.75,0.2,0.9,0.85,0.75,d9ae243b9b506899d5e8726ad8cb906cfa39136e049ac26bc6b6f96f0619a2b0,/home/yjq/rl/CoCap1/batch01-n1-long-v3r2-20261010/runs/B01-N1-PROVLONG-V3R2-20261010/evaluations/screen_001000000.json,eb0598bd9d70aecb981e8d74cde0e58d125687ba1dda45686c421aa0e9aa0b08,artifacts/2026-10-09_terl_mappo_batch01/commander_v3r2/status_20261011/screens/n1/screen_001000000.json
t1,0,argmax,20,4P1E1O6C,2056101900,0.85,0.15,0.95,0.95,0.9,1ffd36103a05892a4156c7c7b7e4bf1c00950251b51c66811aef2b8a9565d7cb,/home/yjq/rl/CoCap1/batch01-t1-long-v3r2-20261010/runs/B01-T1-PROVLONG-V3R2-20261010/evaluations/screen_000000000.json,d7352be6d8ac112d0ffb3ef1465d5b305eebcd405b1113ed40474cc07ba89800,artifacts/2026-10-09_terl_mappo_batch01/commander_v3r2/status_20261011/screens/t1/screen_000000000.json
t1,0,sample,20,4P1E1O6C,2056101900,0.7,0.3,1.0,0.95,0.85,1ffd36103a05892a4156c7c7b7e4bf1c00950251b51c66811aef2b8a9565d7cb,/home/yjq/rl/CoCap1/batch01-t1-long-v3r2-20261010/runs/B01-T1-PROVLONG-V3R2-20261010/evaluations/screen_000000000.json,d7352be6d8ac112d0ffb3ef1465d5b305eebcd405b1113ed40474cc07ba89800,artifacts/2026-10-09_terl_mappo_batch01/commander_v3r2/status_20261011/screens/t1/screen_000000000.json
t1,25000,argmax,20,4P1E1O6C,2056101900,0.6,0.1,1.0,1.0,0.6,67fc121f2d881258926216d43246675c89803c5ba74bc98f669e97abc59d2ac8,/home/yjq/rl/CoCap1/batch01-t1-long-v3r2-20261010/runs/B01-T1-PROVLONG-V3R2-20261010/evaluations/screen_000025000.json,ce9fc3b1a9defffdebde5bff0b2ab92e481fd8e4c5d1d6121567101a9d8964eb,artifacts/2026-10-09_terl_mappo_batch01/commander_v3r2/status_20261011/screens/t1/screen_000025000.json
t1,25000,sample,20,4P1E1O6C,2056101900,0.7,0.2,1.0,1.0,0.85,67fc121f2d881258926216d43246675c89803c5ba74bc98f669e97abc59d2ac8,/home/yjq/rl/CoCap1/batch01-t1-long-v3r2-20261010/runs/B01-T1-PROVLONG-V3R2-20261010/evaluations/screen_000025000.json,ce9fc3b1a9defffdebde5bff0b2ab92e481fd8e4c5d1d6121567101a9d8964eb,artifacts/2026-10-09_terl_mappo_batch01/commander_v3r2/status_20261011/screens/t1/screen_000025000.json
t1,50000,argmax,20,4P1E1O6C,2056101900,0.4,0.6,0.9,0.8,0.75,51442a394ab78b71e166746441eafcd7c9dfd223a0ca5e8c053d4ee1430270f4,/home/yjq/rl/CoCap1/batch01-t1-long-v3r2-20261010/runs/B01-T1-PROVLONG-V3R2-20261010/evaluations/screen_000050000.json,eb806cf370ccc9cf22009a1155be4937acddab8166b5004dfb4c17b5f35970e1,artifacts/2026-10-09_terl_mappo_batch01/commander_v3r2/status_20261011/screens/t1/screen_000050000.json
t1,50000,sample,20,4P1E1O6C,2056101900,0.55,0.45,0.95,0.8,0.65,51442a394ab78b71e166746441eafcd7c9dfd223a0ca5e8c053d4ee1430270f4,/home/yjq/rl/CoCap1/batch01-t1-long-v3r2-20261010/runs/B01-T1-PROVLONG-V3R2-20261010/evaluations/screen_000050000.json,eb806cf370ccc9cf22009a1155be4937acddab8166b5004dfb4c17b5f35970e1,artifacts/2026-10-09_terl_mappo_batch01/commander_v3r2/status_20261011/screens/t1/screen_000050000.json
t1,75000,argmax,10,4P1E1O6C,2056101900,0.8,0.2,1.0,0.9,0.9,c23e2ed3dac95d67437b35547bf7cdd39ef5a5dbaea6be3ffed6fc052e8ba1eb,/home/yjq/rl/CoCap1/batch01-t1-long-v3r2-20261010/runs/B01-T1-PROVLONG-V3R2-20261010/evaluations/screen_000075000.json,c064decbe9a605af545cf7153ccf51fdc0fc6babffe1330f6cd7ef5f3d428c04,artifacts/2026-10-09_terl_mappo_batch01/commander_v3r2/status_20261011/screens/t1/screen_000075000.json
t1,75000,sample,10,4P1E1O6C,2056101900,0.5,0.5,0.9,0.9,0.7,c23e2ed3dac95d67437b35547bf7cdd39ef5a5dbaea6be3ffed6fc052e8ba1eb,/home/yjq/rl/CoCap1/batch01-t1-long-v3r2-20261010/runs/B01-T1-PROVLONG-V3R2-20261010/evaluations/screen_000075000.json,c064decbe9a605af545cf7153ccf51fdc0fc6babffe1330f6cd7ef5f3d428c04,artifacts/2026-10-09_terl_mappo_batch01/commander_v3r2/status_20261011/screens/t1/screen_000075000.json
t1,100000,argmax,20,4P1E1O6C,2056101900,0.85,0.15,0.95,0.95,0.95,073fe703fc49e15a8af84784f74be4ffea4bbfdbf5a78997d3f12ce73919acd7,/home/yjq/rl/CoCap1/batch01-t1-long-v3r2-20261010/runs/B01-T1-PROVLONG-V3R2-20261010/evaluations/screen_000100000.json,271173076b24ec5b55f0e30287c447088050fd1b6979d43e70cefdc088307c98,artifacts/2026-10-09_terl_mappo_batch01/commander_v3r2/status_20261011/screens/t1/screen_000100000.json
t1,100000,sample,20,4P1E1O6C,2056101900,0.55,0.4,0.95,0.85,0.75,073fe703fc49e15a8af84784f74be4ffea4bbfdbf5a78997d3f12ce73919acd7,/home/yjq/rl/CoCap1/batch01-t1-long-v3r2-20261010/runs/B01-T1-PROVLONG-V3R2-20261010/evaluations/screen_000100000.json,271173076b24ec5b55f0e30287c447088050fd1b6979d43e70cefdc088307c98,artifacts/2026-10-09_terl_mappo_batch01/commander_v3r2/status_20261011/screens/t1/screen_000100000.json
c0,0,mean,20,3P1E0O4C,2056100900,0.0,0.05,0.0,0.0,0.0,bcef9b0e856f2e7dc1e132785174336fa70000020dace52cbe0ef51bfd9c517b,/home/yjq/rl/CoCap1/batch01-c0-v3r2-20261009/runs/B01-C0-PROV-V3R2-20261009/evaluations/screen_000000000.json,78353098463d0915546cebff5d8921546269070794921b9bd793c602ccdba10c,artifacts/2026-10-09_terl_mappo_batch01/commander_v3r2/status_20261011/screens/c0/screen_000000000.json
c0,0,sample,20,3P1E0O4C,2056100900,0.0,0.4,0.0,0.0,0.0,bcef9b0e856f2e7dc1e132785174336fa70000020dace52cbe0ef51bfd9c517b,/home/yjq/rl/CoCap1/batch01-c0-v3r2-20261009/runs/B01-C0-PROV-V3R2-20261009/evaluations/screen_000000000.json,78353098463d0915546cebff5d8921546269070794921b9bd793c602ccdba10c,artifacts/2026-10-09_terl_mappo_batch01/commander_v3r2/status_20261011/screens/c0/screen_000000000.json
c0,25000,mean,20,3P1E0O4C,2056100900,0.0,0.05,0.0,0.0,0.0,54d6a32514d6755b334a25cacf620a46377bd7c94552502c1c315b5fba213dbc,/home/yjq/rl/CoCap1/batch01-c0-long-v3r2-20261010/runs/B01-C0-PROVLONG-V3R2-20261010/evaluations/screen_000025000.json,da116a29bad2392d5daa077535d57fce3c2190e069d7fb6e8fbd5ef399ca6a2b,artifacts/2026-10-09_terl_mappo_batch01/commander_v3r2/status_20261011/screens/c0/screen_000025000.json
c0,25000,sample,20,3P1E0O4C,2056100900,0.0,0.35,0.0,0.0,0.0,54d6a32514d6755b334a25cacf620a46377bd7c94552502c1c315b5fba213dbc,/home/yjq/rl/CoCap1/batch01-c0-long-v3r2-20261010/runs/B01-C0-PROVLONG-V3R2-20261010/evaluations/screen_000025000.json,da116a29bad2392d5daa077535d57fce3c2190e069d7fb6e8fbd5ef399ca6a2b,artifacts/2026-10-09_terl_mappo_batch01/commander_v3r2/status_20261011/screens/c0/screen_000025000.json
c0,50000,mean,20,3P1E0O4C,2056100900,0.0,0.2,0.05,0.0,0.0,14a1634fae1e358a742445e190bc97b1eef24aed3ea4223b154271e47fe2a7e9,/home/yjq/rl/CoCap1/batch01-c0-long-v3r2-20261010/runs/B01-C0-PROVLONG-V3R2-20261010/evaluations/screen_000050000.json,046fe838b843b697727f7ae0d7a55fce27ec00d60831eafb913ad9c6976b14f1,artifacts/2026-10-09_terl_mappo_batch01/commander_v3r2/status_20261011/screens/c0/screen_000050000.json
c0,50000,sample,20,3P1E0O4C,2056100900,0.0,0.25,0.0,0.0,0.0,14a1634fae1e358a742445e190bc97b1eef24aed3ea4223b154271e47fe2a7e9,/home/yjq/rl/CoCap1/batch01-c0-long-v3r2-20261010/runs/B01-C0-PROVLONG-V3R2-20261010/evaluations/screen_000050000.json,046fe838b843b697727f7ae0d7a55fce27ec00d60831eafb913ad9c6976b14f1,artifacts/2026-10-09_terl_mappo_batch01/commander_v3r2/status_20261011/screens/c0/screen_000050000.json
c0,75000,mean,10,3P1E0O4C,2056100900,0.0,0.7,0.1,0.0,0.0,4794a93820109fe541a6c83ef4cefc0a6544680c3864377123798148ce83ae11,/home/yjq/rl/CoCap1/batch01-c0-long-v3r2-20261010/runs/B01-C0-PROVLONG-V3R2-20261010/evaluations/screen_000075000.json,93c956b34c4c2dee2ae49a9af831f04e928ab6c1bbc6a2c9f8a2b0759247326f,artifacts/2026-10-09_terl_mappo_batch01/commander_v3r2/status_20261011/screens/c0/screen_000075000.json
c0,75000,sample,10,3P1E0O4C,2056100900,0.0,0.4,0.0,0.0,0.0,4794a93820109fe541a6c83ef4cefc0a6544680c3864377123798148ce83ae11,/home/yjq/rl/CoCap1/batch01-c0-long-v3r2-20261010/runs/B01-C0-PROVLONG-V3R2-20261010/evaluations/screen_000075000.json,93c956b34c4c2dee2ae49a9af831f04e928ab6c1bbc6a2c9f8a2b0759247326f,artifacts/2026-10-09_terl_mappo_batch01/commander_v3r2/status_20261011/screens/c0/screen_000075000.json
c0,100000,mean,20,3P1E0O4C,2056100900,0.3,0.7,0.45,0.3,0.3,b7b249d01739390f95bf7d69f0904ab7e2b8155a3ced3d19f866adc46e9f5d9f,/home/yjq/rl/CoCap1/batch01-c0-long-v3r2-20261010/runs/B01-C0-PROVLONG-V3R2-20261010/evaluations/screen_000100000.json,abeaecedc39641bcb018572fede2043f9503d4fb2790e48570db7ddb19b7ba1c,artifacts/2026-10-09_terl_mappo_batch01/commander_v3r2/status_20261011/screens/c0/screen_000100000.json
c0,100000,sample,20,3P1E0O4C,2056100900,0.05,0.95,0.35,0.05,0.05,b7b249d01739390f95bf7d69f0904ab7e2b8155a3ced3d19f866adc46e9f5d9f,/home/yjq/rl/CoCap1/batch01-c0-long-v3r2-20261010/runs/B01-C0-PROVLONG-V3R2-20261010/evaluations/screen_000100000.json,abeaecedc39641bcb018572fede2043f9503d4fb2790e48570db7ddb19b7ba1c,artifacts/2026-10-09_terl_mappo_batch01/commander_v3r2/status_20261011/screens/c0/screen_000100000.json
c0,125000,mean,10,3P1E0O4C,2056100900,0.0,1.0,0.1,0.0,0.0,969a44e54f8f6320b916989b730b587d8cd4e71c94a474ff94d93a61d9fc2502,/home/yjq/rl/CoCap1/batch01-c0-long-v3r2-20261010/runs/B01-C0-PROVLONG-V3R2-20261010/evaluations/screen_000125000.json,0e52c8491dbaec66faaa88fce5c8bc63d07a6e132db09c9114b0c5c889d87677,artifacts/2026-10-09_terl_mappo_batch01/commander_v3r2/status_20261011/screens/c0/screen_000125000.json
c0,125000,sample,10,3P1E0O4C,2056100900,0.1,0.9,0.1,0.1,0.1,969a44e54f8f6320b916989b730b587d8cd4e71c94a474ff94d93a61d9fc2502,/home/yjq/rl/CoCap1/batch01-c0-long-v3r2-20261010/runs/B01-C0-PROVLONG-V3R2-20261010/evaluations/screen_000125000.json,0e52c8491dbaec66faaa88fce5c8bc63d07a6e132db09c9114b0c5c889d87677,artifacts/2026-10-09_terl_mappo_batch01/commander_v3r2/status_20261011/screens/c0/screen_000125000.json
c0,150000,mean,10,3P1E0O4C,2056100900,0.0,0.0,0.0,0.0,0.0,14c86a8d4282c4a37a24f1e5c53279a366437ff8a508232df2780d74ed2322cf,/home/yjq/rl/CoCap1/batch01-c0-long-v3r2-20261010/runs/B01-C0-PROVLONG-V3R2-20261010/evaluations/screen_000150000.json,8a9023a28225f8241323ee7d56435a67825ad655d006a954da5e61e8fb7d0a8d,artifacts/2026-10-09_terl_mappo_batch01/commander_v3r2/status_20261011/screens/c0/screen_000150000.json
c0,150000,sample,10,3P1E0O4C,2056100900,0.0,0.2,0.0,0.0,0.0,14c86a8d4282c4a37a24f1e5c53279a366437ff8a508232df2780d74ed2322cf,/home/yjq/rl/CoCap1/batch01-c0-long-v3r2-20261010/runs/B01-C0-PROVLONG-V3R2-20261010/evaluations/screen_000150000.json,8a9023a28225f8241323ee7d56435a67825ad655d006a954da5e61e8fb7d0a8d,artifacts/2026-10-09_terl_mappo_batch01/commander_v3r2/status_20261011/screens/c0/screen_000150000.json
c0,175000,mean,10,3P1E0O4C,2056100900,0.0,1.0,0.7,0.1,0.0,0c3738aa35e2dca29821eae0ac48c8451031e92f6a2993d4ab5bfa651608a4d8,/home/yjq/rl/CoCap1/batch01-c0-long-v3r2-20261010/runs/B01-C0-PROVLONG-V3R2-20261010/evaluations/screen_000175000.json,17aa1d9e273f221cf418a72ce3b83dd623557d39601ba3f9a87f5f53d084778e,artifacts/2026-10-09_terl_mappo_batch01/commander_v3r2/status_20261011/screens/c0/screen_000175000.json
c0,175000,sample,10,3P1E0O4C,2056100900,0.1,0.9,0.6,0.3,0.1,0c3738aa35e2dca29821eae0ac48c8451031e92f6a2993d4ab5bfa651608a4d8,/home/yjq/rl/CoCap1/batch01-c0-long-v3r2-20261010/runs/B01-C0-PROVLONG-V3R2-20261010/evaluations/screen_000175000.json,17aa1d9e273f221cf418a72ce3b83dd623557d39601ba3f9a87f5f53d084778e,artifacts/2026-10-09_terl_mappo_batch01/commander_v3r2/status_20261011/screens/c0/screen_000175000.json
c0,200000,mean,10,3P1E0O4C,2056100900,0.0,1.0,0.6,0.0,0.0,75abf33a7654d4c6c145e19bf13c9bbc33a46e6f1003b8d69e8c15c6c6a90dd7,/home/yjq/rl/CoCap1/batch01-c0-long-v3r2-20261010/runs/B01-C0-PROVLONG-V3R2-20261010/evaluations/screen_000200000.json,9f067bdbdcc65dd8cf208a3fa6f579ceb5981f2c4279b4a0ebae3bc13fb39534,artifacts/2026-10-09_terl_mappo_batch01/commander_v3r2/status_20261011/screens/c0/screen_000200000.json
c0,200000,sample,10,3P1E0O4C,2056100900,0.1,0.9,0.7,0.5,0.1,75abf33a7654d4c6c145e19bf13c9bbc33a46e6f1003b8d69e8c15c6c6a90dd7,/home/yjq/rl/CoCap1/batch01-c0-long-v3r2-20261010/runs/B01-C0-PROVLONG-V3R2-20261010/evaluations/screen_000200000.json,9f067bdbdcc65dd8cf208a3fa6f579ceb5981f2c4279b4a0ebae3bc13fb39534,artifacts/2026-10-09_terl_mappo_batch01/commander_v3r2/status_20261011/screens/c0/screen_000200000.json
c0,225000,mean,10,3P1E0O4C,2056100900,0.0,0.9,0.7,0.3,0.0,90911ac0349f701597c86f328d5535a65ccf29426eb197ae0e101bc00e629380,/home/yjq/rl/CoCap1/batch01-c0-long-v3r2-20261010/runs/B01-C0-PROVLONG-V3R2-20261010/evaluations/screen_000225000.json,c53ef92de356f92f97d6930d8fb168c470bdbcb5dce644a53ae7e02db4d27968,artifacts/2026-10-09_terl_mappo_batch01/commander_v3r2/status_20261011/screens/c0/screen_000225000.json
c0,225000,sample,10,3P1E0O4C,2056100900,0.0,1.0,0.7,0.1,0.0,90911ac0349f701597c86f328d5535a65ccf29426eb197ae0e101bc00e629380,/home/yjq/rl/CoCap1/batch01-c0-long-v3r2-20261010/runs/B01-C0-PROVLONG-V3R2-20261010/evaluations/screen_000225000.json,c53ef92de356f92f97d6930d8fb168c470bdbcb5dce644a53ae7e02db4d27968,artifacts/2026-10-09_terl_mappo_batch01/commander_v3r2/status_20261011/screens/c0/screen_000225000.json
c0,250000,mean,20,3P1E0O4C,2056100900,0.05,0.95,1.0,0.6,0.05,d40e30296e228be6f5b1c4b783511d7317e574253fe3e5871a1ed78a9121495f,/home/yjq/rl/CoCap1/batch01-c0-long-v3r2-20261010/runs/B01-C0-PROVLONG-V3R2-20261010/evaluations/screen_000250000.json,c1e3067b9b1406b6537be05b0c51e92269ae4f91c17df566c80d2e9f17dd269f,artifacts/2026-10-09_terl_mappo_batch01/commander_v3r2/status_20261011/screens/c0/screen_000250000.json
c0,250000,sample,20,3P1E0O4C,2056100900,0.15,0.85,0.75,0.4,0.15,d40e30296e228be6f5b1c4b783511d7317e574253fe3e5871a1ed78a9121495f,/home/yjq/rl/CoCap1/batch01-c0-long-v3r2-20261010/runs/B01-C0-PROVLONG-V3R2-20261010/evaluations/screen_000250000.json,c1e3067b9b1406b6537be05b0c51e92269ae4f91c17df566c80d2e9f17dd269f,artifacts/2026-10-09_terl_mappo_batch01/commander_v3r2/status_20261011/screens/c0/screen_000250000.json
c0,275000,mean,10,3P1E0O4C,2056100900,0.2,0.8,0.9,0.9,0.2,2df2b0045704885d0219ebed19e7baa0334f01566b04a5b1f296f36c99fb45d9,/home/yjq/rl/CoCap1/batch01-c0-long-v3r2-20261010/runs/B01-C0-PROVLONG-V3R2-20261010/evaluations/screen_000275000.json,d91e1798bdf093341f65d93124ee903962d91a277555ce788d6571d40318cbb5,artifacts/2026-10-09_terl_mappo_batch01/commander_v3r2/status_20261011/screens/c0/screen_000275000.json
c0,275000,sample,10,3P1E0O4C,2056100900,0.3,0.7,0.8,0.5,0.3,2df2b0045704885d0219ebed19e7baa0334f01566b04a5b1f296f36c99fb45d9,/home/yjq/rl/CoCap1/batch01-c0-long-v3r2-20261010/runs/B01-C0-PROVLONG-V3R2-20261010/evaluations/screen_000275000.json,d91e1798bdf093341f65d93124ee903962d91a277555ce788d6571d40318cbb5,artifacts/2026-10-09_terl_mappo_batch01/commander_v3r2/status_20261011/screens/c0/screen_000275000.json
c0,300000,mean,10,3P1E0O4C,2056100900,0.0,1.0,0.6,0.4,0.0,e949a6caf89004e6763b36df663b2e7e6efe035940e62b058f68ffe145015974,/home/yjq/rl/CoCap1/batch01-c0-long-v3r2-20261010/runs/B01-C0-PROVLONG-V3R2-20261010/evaluations/screen_000300000.json,1f4ed4d5560286229f364fd32d6c7cf77ffd4b8694f6a3ce77bd9db7b240afd5,artifacts/2026-10-09_terl_mappo_batch01/commander_v3r2/status_20261011/screens/c0/screen_000300000.json
c0,300000,sample,10,3P1E0O4C,2056100900,0.0,1.0,0.3,0.0,0.0,e949a6caf89004e6763b36df663b2e7e6efe035940e62b058f68ffe145015974,/home/yjq/rl/CoCap1/batch01-c0-long-v3r2-20261010/runs/B01-C0-PROVLONG-V3R2-20261010/evaluations/screen_000300000.json,1f4ed4d5560286229f364fd32d6c7cf77ffd4b8694f6a3ce77bd9db7b240afd5,artifacts/2026-10-09_terl_mappo_batch01/commander_v3r2/status_20261011/screens/c0/screen_000300000.json
c0,325000,mean,10,3P1E0O4C,2056100900,0.0,0.1,0.7,0.0,0.0,06f9a5f1f9cbc8ad96dd82665db0e115b422444f3452f1375c3d2310a07d1cb0,/home/yjq/rl/CoCap1/batch01-c0-long-v3r2-20261010/runs/B01-C0-PROVLONG-V3R2-20261010/evaluations/screen_000325000.json,7fe55791f667edb4ac32ebf6818fd610d7c26f99932fbf0a0608806764b2fc48,artifacts/2026-10-09_terl_mappo_batch01/commander_v3r2/status_20261011/screens/c0/screen_000325000.json
c0,325000,sample,10,3P1E0O4C,2056100900,0.0,0.9,0.6,0.0,0.0,06f9a5f1f9cbc8ad96dd82665db0e115b422444f3452f1375c3d2310a07d1cb0,/home/yjq/rl/CoCap1/batch01-c0-long-v3r2-20261010/runs/B01-C0-PROVLONG-V3R2-20261010/evaluations/screen_000325000.json,7fe55791f667edb4ac32ebf6818fd610d7c26f99932fbf0a0608806764b2fc48,artifacts/2026-10-09_terl_mappo_batch01/commander_v3r2/status_20261011/screens/c0/screen_000325000.json
c0,350000,mean,10,3P1E0O4C,2056100900,0.0,1.0,0.5,0.1,0.0,6df7646d7c74143ecb9acec8d90c25e10df08c824f8bf4e2837a477b40273ce0,/home/yjq/rl/CoCap1/batch01-c0-long-v3r2-20261010/runs/B01-C0-PROVLONG-V3R2-20261010/evaluations/screen_000350000.json,118696694b72b2a83a10f5021583811dcf8f3104d7a5b405be762f7b7c91b07b,artifacts/2026-10-09_terl_mappo_batch01/commander_v3r2/status_20261011/screens/c0/screen_000350000.json
c0,350000,sample,10,3P1E0O4C,2056100900,0.0,1.0,0.3,0.0,0.0,6df7646d7c74143ecb9acec8d90c25e10df08c824f8bf4e2837a477b40273ce0,/home/yjq/rl/CoCap1/batch01-c0-long-v3r2-20261010/runs/B01-C0-PROVLONG-V3R2-20261010/evaluations/screen_000350000.json,118696694b72b2a83a10f5021583811dcf8f3104d7a5b405be762f7b7c91b07b,artifacts/2026-10-09_terl_mappo_batch01/commander_v3r2/status_20261011/screens/c0/screen_000350000.json
c0,375000,mean,10,3P1E0O4C,2056100900,0.0,1.0,1.0,0.3,0.0,ea6d233c560ef43df7fa9995c02b8a0d18782a5747fdf2f508e22017afc7fdb9,/home/yjq/rl/CoCap1/batch01-c0-long-v3r2-20261010/runs/B01-C0-PROVLONG-V3R2-20261010/evaluations/screen_000375000.json,786d88a2fceeffa8f848b8e56d649268164fe10bd554acdc6d7b702a7334eebe,artifacts/2026-10-09_terl_mappo_batch01/commander_v3r2/status_20261011/screens/c0/screen_000375000.json
c0,375000,sample,10,3P1E0O4C,2056100900,0.0,1.0,0.7,0.2,0.0,ea6d233c560ef43df7fa9995c02b8a0d18782a5747fdf2f508e22017afc7fdb9,/home/yjq/rl/CoCap1/batch01-c0-long-v3r2-20261010/runs/B01-C0-PROVLONG-V3R2-20261010/evaluations/screen_000375000.json,786d88a2fceeffa8f848b8e56d649268164fe10bd554acdc6d7b702a7334eebe,artifacts/2026-10-09_terl_mappo_batch01/commander_v3r2/status_20261011/screens/c0/screen_000375000.json
c0,400000,mean,10,3P1E0O4C,2056100900,0.1,0.9,1.0,0.8,0.1,5fd86bb908d3640d43aacfd36fc7896a91070182b68a497880ebf1bd30ad2818,/home/yjq/rl/CoCap1/batch01-c0-long-v3r2-20261010/runs/B01-C0-PROVLONG-V3R2-20261010/evaluations/screen_000400000.json,1e8684b478d73caa81fce30d6c36c0d0aab0746ea82e6232c10904145d0ee43f,artifacts/2026-10-09_terl_mappo_batch01/commander_v3r2/status_20261011/screens/c0/screen_000400000.json
c0,400000,sample,10,3P1E0O4C,2056100900,0.1,0.9,0.9,0.5,0.1,5fd86bb908d3640d43aacfd36fc7896a91070182b68a497880ebf1bd30ad2818,/home/yjq/rl/CoCap1/batch01-c0-long-v3r2-20261010/runs/B01-C0-PROVLONG-V3R2-20261010/evaluations/screen_000400000.json,1e8684b478d73caa81fce30d6c36c0d0aab0746ea82e6232c10904145d0ee43f,artifacts/2026-10-09_terl_mappo_batch01/commander_v3r2/status_20261011/screens/c0/screen_000400000.json
c0,425000,mean,10,3P1E0O4C,2056100900,0.5,0.4,1.0,1.0,0.5,036b73be9d38bcbe186e67e513975a1b65dfd38c84611b37afe044ec8e49c747,/home/yjq/rl/CoCap1/batch01-c0-long-v3r2-20261010/runs/B01-C0-PROVLONG-V3R2-20261010/evaluations/screen_000425000.json,b0492c65866c0ae63f9dd0f5d34b51748efde88d190cb393ceaa3b40509e8b6a,artifacts/2026-10-09_terl_mappo_batch01/commander_v3r2/status_20261011/screens/c0/screen_000425000.json
c0,425000,sample,10,3P1E0O4C,2056100900,0.0,0.8,1.0,0.4,0.0,036b73be9d38bcbe186e67e513975a1b65dfd38c84611b37afe044ec8e49c747,/home/yjq/rl/CoCap1/batch01-c0-long-v3r2-20261010/runs/B01-C0-PROVLONG-V3R2-20261010/evaluations/screen_000425000.json,b0492c65866c0ae63f9dd0f5d34b51748efde88d190cb393ceaa3b40509e8b6a,artifacts/2026-10-09_terl_mappo_batch01/commander_v3r2/status_20261011/screens/c0/screen_000425000.json
c0,450000,mean,10,3P1E0O4C,2056100900,0.0,0.5,1.0,0.9,0.0,7dec7eb2f61186b2761f33fb0d2c6386ce0c60699f14000d2374e4c44fb3d7c1,/home/yjq/rl/CoCap1/batch01-c0-long-v3r2-20261010/runs/B01-C0-PROVLONG-V3R2-20261010/evaluations/screen_000450000.json,a8ded84fa4ba8a18b881500b8a75d65038981ad3cc6d49ba66ccb3588f6323aa,artifacts/2026-10-09_terl_mappo_batch01/commander_v3r2/status_20261011/screens/c0/screen_000450000.json
c0,450000,sample,10,3P1E0O4C,2056100900,0.3,0.5,1.0,0.5,0.3,7dec7eb2f61186b2761f33fb0d2c6386ce0c60699f14000d2374e4c44fb3d7c1,/home/yjq/rl/CoCap1/batch01-c0-long-v3r2-20261010/runs/B01-C0-PROVLONG-V3R2-20261010/evaluations/screen_000450000.json,a8ded84fa4ba8a18b881500b8a75d65038981ad3cc6d49ba66ccb3588f6323aa,artifacts/2026-10-09_terl_mappo_batch01/commander_v3r2/status_20261011/screens/c0/screen_000450000.json
c0,475000,mean,10,3P1E0O4C,2056100900,0.6,0.3,1.0,0.9,0.6,df3b16ec96aaa74764815d0010b304d6e475422c8c09a94c90ae9ea464b53236,/home/yjq/rl/CoCap1/batch01-c0-long-v3r2-20261010/runs/B01-C0-PROVLONG-V3R2-20261010/evaluations/screen_000475000.json,3f651e15ddc90795c9a12db7d2bbf300ce071dca0f15b60089e78b897ff83a09,artifacts/2026-10-09_terl_mappo_batch01/commander_v3r2/status_20261011/screens/c0/screen_000475000.json
c0,475000,sample,10,3P1E0O4C,2056100900,0.3,0.7,1.0,0.8,0.3,df3b16ec96aaa74764815d0010b304d6e475422c8c09a94c90ae9ea464b53236,/home/yjq/rl/CoCap1/batch01-c0-long-v3r2-20261010/runs/B01-C0-PROVLONG-V3R2-20261010/evaluations/screen_000475000.json,3f651e15ddc90795c9a12db7d2bbf300ce071dca0f15b60089e78b897ff83a09,artifacts/2026-10-09_terl_mappo_batch01/commander_v3r2/status_20261011/screens/c0/screen_000475000.json
c0,500000,mean,20,3P1E0O4C,2056100900,0.25,0.5,0.5,0.25,0.25,56379391d1e56829cbc04965607ca741fbdf2c40915abc99b85ee6c5c0fcbfff,/home/yjq/rl/CoCap1/batch01-c0-long-v3r2-20261010/runs/B01-C0-PROVLONG-V3R2-20261010/evaluations/screen_000500000.json,eb7adef806e9b5a69ee1b567fbde652f745a6df670e3c589e79a1568ac0a9690,artifacts/2026-10-09_terl_mappo_batch01/commander_v3r2/status_20261011/screens/c0/screen_000500000.json
c0,500000,sample,20,3P1E0O4C,2056100900,0.15,0.8,0.4,0.15,0.15,56379391d1e56829cbc04965607ca741fbdf2c40915abc99b85ee6c5c0fcbfff,/home/yjq/rl/CoCap1/batch01-c0-long-v3r2-20261010/runs/B01-C0-PROVLONG-V3R2-20261010/evaluations/screen_000500000.json,eb7adef806e9b5a69ee1b567fbde652f745a6df670e3c589e79a1568ac0a9690,artifacts/2026-10-09_terl_mappo_batch01/commander_v3r2/status_20261011/screens/c0/screen_000500000.json
c0,525000,mean,10,3P1E0O4C,2056100900,0.0,0.2,1.0,1.0,0.0,c0a26164a0c1bb8aa31cb9186a31039c7c3ddd1cd2c6353610e6c65715fb87d2,/home/yjq/rl/CoCap1/batch01-c0-long-v3r2-20261010/runs/B01-C0-PROVLONG-V3R2-20261010/evaluations/screen_000525000.json,8550a5f9c85d0aeacf4df69df9d43aefe45e0d95337752029d33ad1d035c5cc3,artifacts/2026-10-09_terl_mappo_batch01/commander_v3r2/status_20261011/screens/c0/screen_000525000.json
c0,525000,sample,10,3P1E0O4C,2056100900,0.2,0.4,1.0,0.5,0.2,c0a26164a0c1bb8aa31cb9186a31039c7c3ddd1cd2c6353610e6c65715fb87d2,/home/yjq/rl/CoCap1/batch01-c0-long-v3r2-20261010/runs/B01-C0-PROVLONG-V3R2-20261010/evaluations/screen_000525000.json,8550a5f9c85d0aeacf4df69df9d43aefe45e0d95337752029d33ad1d035c5cc3,artifacts/2026-10-09_terl_mappo_batch01/commander_v3r2/status_20261011/screens/c0/screen_000525000.json
c0,550000,mean,10,3P1E0O4C,2056100900,0.1,0.2,1.0,0.1,0.1,a9c7ce9a4810fd53410c8571a6277ccf81081411aba1b75c9e35fc4fffbd4c76,/home/yjq/rl/CoCap1/batch01-c0-long-v3r2-20261010/runs/B01-C0-PROVLONG-V3R2-20261010/evaluations/screen_000550000.json,fc86f2ce4cdb91188814cf3b5a9fd82ed90727ace5f3cf01d1dee63fbfcba9bc,artifacts/2026-10-09_terl_mappo_batch01/commander_v3r2/status_20261011/screens/c0/screen_000550000.json
c0,550000,sample,10,3P1E0O4C,2056100900,0.0,0.9,1.0,0.1,0.0,a9c7ce9a4810fd53410c8571a6277ccf81081411aba1b75c9e35fc4fffbd4c76,/home/yjq/rl/CoCap1/batch01-c0-long-v3r2-20261010/runs/B01-C0-PROVLONG-V3R2-20261010/evaluations/screen_000550000.json,fc86f2ce4cdb91188814cf3b5a9fd82ed90727ace5f3cf01d1dee63fbfcba9bc,artifacts/2026-10-09_terl_mappo_batch01/commander_v3r2/status_20261011/screens/c0/screen_000550000.json
c0,575000,mean,10,3P1E0O4C,2056100900,0.4,0.2,0.8,0.6,0.4,5af822d1926c58ec397ed18f7ca0c0297a216c071bac228e7d6071299b24ff17,/home/yjq/rl/CoCap1/batch01-c0-long-v3r2-20261010/runs/B01-C0-PROVLONG-V3R2-20261010/evaluations/screen_000575000.json,51181ea47ecd1af4bc11b51d1db3f8ee48ce1d9778c3a13fe5970d4c4d6b29bc,artifacts/2026-10-09_terl_mappo_batch01/commander_v3r2/status_20261011/screens/c0/screen_000575000.json
c0,575000,sample,10,3P1E0O4C,2056100900,0.4,0.5,1.0,0.5,0.4,5af822d1926c58ec397ed18f7ca0c0297a216c071bac228e7d6071299b24ff17,/home/yjq/rl/CoCap1/batch01-c0-long-v3r2-20261010/runs/B01-C0-PROVLONG-V3R2-20261010/evaluations/screen_000575000.json,51181ea47ecd1af4bc11b51d1db3f8ee48ce1d9778c3a13fe5970d4c4d6b29bc,artifacts/2026-10-09_terl_mappo_batch01/commander_v3r2/status_20261011/screens/c0/screen_000575000.json
c0,600000,mean,10,3P1E0O4C,2056100900,0.3,0.7,0.9,0.9,0.3,112aaa3998097bd5b728db6eefe6110217684a78332a694a429e5bdf8c7d3c11,/home/yjq/rl/CoCap1/batch01-c0-long-v3r2-20261010/runs/B01-C0-PROVLONG-V3R2-20261010/evaluations/screen_000600000.json,f7585693b86624d8105fa036f56e6a14bf697120bcf30af442da9d91325a9c1f,artifacts/2026-10-09_terl_mappo_batch01/commander_v3r2/status_20261011/screens/c0/screen_000600000.json
c0,600000,sample,10,3P1E0O4C,2056100900,0.3,0.7,0.9,0.6,0.3,112aaa3998097bd5b728db6eefe6110217684a78332a694a429e5bdf8c7d3c11,/home/yjq/rl/CoCap1/batch01-c0-long-v3r2-20261010/runs/B01-C0-PROVLONG-V3R2-20261010/evaluations/screen_000600000.json,f7585693b86624d8105fa036f56e6a14bf697120bcf30af442da9d91325a9c1f,artifacts/2026-10-09_terl_mappo_batch01/commander_v3r2/status_20261011/screens/c0/screen_000600000.json
c0,625000,mean,10,3P1E0O4C,2056100900,0.7,0.3,0.9,0.8,0.7,15b35fb41b9a53ee35a4da36e933ad3c569690090f37774577af7201660139e6,/home/yjq/rl/CoCap1/batch01-c0-long-v3r2-20261010/runs/B01-C0-PROVLONG-V3R2-20261010/evaluations/screen_000625000.json,e1bc1ce6a53eed4f245c12f5e6d595eeb09c7247399dea274e6517910170855d,artifacts/2026-10-09_terl_mappo_batch01/commander_v3r2/status_20261011/screens/c0/screen_000625000.json
c0,625000,sample,10,3P1E0O4C,2056100900,0.4,0.6,0.8,0.8,0.4,15b35fb41b9a53ee35a4da36e933ad3c569690090f37774577af7201660139e6,/home/yjq/rl/CoCap1/batch01-c0-long-v3r2-20261010/runs/B01-C0-PROVLONG-V3R2-20261010/evaluations/screen_000625000.json,e1bc1ce6a53eed4f245c12f5e6d595eeb09c7247399dea274e6517910170855d,artifacts/2026-10-09_terl_mappo_batch01/commander_v3r2/status_20261011/screens/c0/screen_000625000.json
c0,650000,mean,10,3P1E0O4C,2056100900,0.3,0.7,1.0,0.8,0.3,d5e156d9143fb7149634b11ab4ada8d7ad755357e836fe8ca4257405ce5ff899,/home/yjq/rl/CoCap1/batch01-c0-long-v3r2-20261010/runs/B01-C0-PROVLONG-V3R2-20261010/evaluations/screen_000650000.json,8d85a30fc1b5526967e6a7b54ad2a9c3c33c3cdf2e27bd072dab3046c8f1d13b,artifacts/2026-10-09_terl_mappo_batch01/commander_v3r2/status_20261011/screens/c0/screen_000650000.json
c0,650000,sample,10,3P1E0O4C,2056100900,0.2,0.8,1.0,0.4,0.2,d5e156d9143fb7149634b11ab4ada8d7ad755357e836fe8ca4257405ce5ff899,/home/yjq/rl/CoCap1/batch01-c0-long-v3r2-20261010/runs/B01-C0-PROVLONG-V3R2-20261010/evaluations/screen_000650000.json,8d85a30fc1b5526967e6a7b54ad2a9c3c33c3cdf2e27bd072dab3046c8f1d13b,artifacts/2026-10-09_terl_mappo_batch01/commander_v3r2/status_20261011/screens/c0/screen_000650000.json
c0,675000,mean,10,3P1E0O4C,2056100900,0.1,0.9,0.7,0.1,0.1,d278fe5e0a7218dd740d3a7ce70ff62bdeb87804cfd5b8b83860f213c1da92d6,/home/yjq/rl/CoCap1/batch01-c0-long-v3r2-20261010/runs/B01-C0-PROVLONG-V3R2-20261010/evaluations/screen_000675000.json,8ceae8a442e99c2509db33bb8e5bdcb4705128b5f9872d3be0faa05e8910ebbb,artifacts/2026-10-09_terl_mappo_batch01/commander_v3r2/status_20261011/screens/c0/screen_000675000.json
c0,675000,sample,10,3P1E0O4C,2056100900,0.0,0.8,0.5,0.1,0.0,d278fe5e0a7218dd740d3a7ce70ff62bdeb87804cfd5b8b83860f213c1da92d6,/home/yjq/rl/CoCap1/batch01-c0-long-v3r2-20261010/runs/B01-C0-PROVLONG-V3R2-20261010/evaluations/screen_000675000.json,8ceae8a442e99c2509db33bb8e5bdcb4705128b5f9872d3be0faa05e8910ebbb,artifacts/2026-10-09_terl_mappo_batch01/commander_v3r2/status_20261011/screens/c0/screen_000675000.json
c0,700000,mean,10,3P1E0O4C,2056100900,0.2,0.5,1.0,0.7,0.2,14de18cb9647b153c96ebd240c40e97f183542d11a4ecc75a0d281ed16ae683e,/home/yjq/rl/CoCap1/batch01-c0-long-v3r2-20261010/runs/B01-C0-PROVLONG-V3R2-20261010/evaluations/screen_000700000.json,173c079c8d82436a039c5a2839ca7293e95ee7518b3de45ad253e73b588d645a,artifacts/2026-10-09_terl_mappo_batch01/commander_v3r2/status_20261011/screens/c0/screen_000700000.json
c0,700000,sample,10,3P1E0O4C,2056100900,0.7,0.2,1.0,0.7,0.7,14de18cb9647b153c96ebd240c40e97f183542d11a4ecc75a0d281ed16ae683e,/home/yjq/rl/CoCap1/batch01-c0-long-v3r2-20261010/runs/B01-C0-PROVLONG-V3R2-20261010/evaluations/screen_000700000.json,173c079c8d82436a039c5a2839ca7293e95ee7518b3de45ad253e73b588d645a,artifacts/2026-10-09_terl_mappo_batch01/commander_v3r2/status_20261011/screens/c0/screen_000700000.json
c0,725000,mean,10,3P1E0O4C,2056100900,0.0,0.8,0.8,0.1,0.0,d69cd1018742753276303be7c041bc57e5b5752fb760f66877b0b4c43d02f7d6,/home/yjq/rl/CoCap1/batch01-c0-long-v3r2-20261010/runs/B01-C0-PROVLONG-V3R2-20261010/evaluations/screen_000725000.json,2bf4f2f7eb562254ac387fb8f3f7c08d3a2af3e2245d79bfaeeb41aeabbca1ad,artifacts/2026-10-09_terl_mappo_batch01/commander_v3r2/status_20261011/screens/c0/screen_000725000.json
c0,725000,sample,10,3P1E0O4C,2056100900,0.3,0.7,0.6,0.3,0.3,d69cd1018742753276303be7c041bc57e5b5752fb760f66877b0b4c43d02f7d6,/home/yjq/rl/CoCap1/batch01-c0-long-v3r2-20261010/runs/B01-C0-PROVLONG-V3R2-20261010/evaluations/screen_000725000.json,2bf4f2f7eb562254ac387fb8f3f7c08d3a2af3e2245d79bfaeeb41aeabbca1ad,artifacts/2026-10-09_terl_mappo_batch01/commander_v3r2/status_20261011/screens/c0/screen_000725000.json
c0,750000,mean,20,3P1E0O4C,2056100900,1.0,0.0,1.0,1.0,1.0,970c6612c571b031ecffe5752a6e9acd9ee0eec362db688b7ff6ae8b64676a71,/home/yjq/rl/CoCap1/batch01-c0-long-v3r2-20261010/runs/B01-C0-PROVLONG-V3R2-20261010/evaluations/screen_000750000.json,c67799e7f5ab4333438398790d95f6df29736208f9c00f3ad546c2ca2d44fa11,artifacts/2026-10-09_terl_mappo_batch01/commander_v3r2/status_20261011/screens/c0/screen_000750000.json
c0,750000,sample,20,3P1E0O4C,2056100900,0.7,0.15,1.0,0.7,0.7,970c6612c571b031ecffe5752a6e9acd9ee0eec362db688b7ff6ae8b64676a71,/home/yjq/rl/CoCap1/batch01-c0-long-v3r2-20261010/runs/B01-C0-PROVLONG-V3R2-20261010/evaluations/screen_000750000.json,c67799e7f5ab4333438398790d95f6df29736208f9c00f3ad546c2ca2d44fa11,artifacts/2026-10-09_terl_mappo_batch01/commander_v3r2/status_20261011/screens/c0/screen_000750000.json
c0,775000,mean,10,3P1E0O4C,2056100900,0.2,0.0,0.5,0.2,0.2,5ec44dd9258353993685e735c7d650172426086e4ecfeccb329939ada986e0dc,/home/yjq/rl/CoCap1/batch01-c0-long-v3r2-20261010/runs/B01-C0-PROVLONG-V3R2-20261010/evaluations/screen_000775000.json,1ad93f4be74e7923dce79f52c4524a175f3c3be687961a139dc438070be1d69f,artifacts/2026-10-09_terl_mappo_batch01/commander_v3r2/status_20261011/screens/c0/screen_000775000.json
c0,775000,sample,10,3P1E0O4C,2056100900,0.3,0.4,0.4,0.3,0.3,5ec44dd9258353993685e735c7d650172426086e4ecfeccb329939ada986e0dc,/home/yjq/rl/CoCap1/batch01-c0-long-v3r2-20261010/runs/B01-C0-PROVLONG-V3R2-20261010/evaluations/screen_000775000.json,1ad93f4be74e7923dce79f52c4524a175f3c3be687961a139dc438070be1d69f,artifacts/2026-10-09_terl_mappo_batch01/commander_v3r2/status_20261011/screens/c0/screen_000775000.json
c0,800000,mean,10,3P1E0O4C,2056100900,0.1,0.3,0.6,0.1,0.1,15d4a419df26c500fc0885252bb6ef133ea92344815b879e4d05b4cfe4a40206,/home/yjq/rl/CoCap1/batch01-c0-long-v3r2-20261010/runs/B01-C0-PROVLONG-V3R2-20261010/evaluations/screen_000800000.json,9f257a080961a0c1d0b2c3e55fd0b09247928508f4bcc5ab6ff243cbddc22e2b,artifacts/2026-10-09_terl_mappo_batch01/commander_v3r2/status_20261011/screens/c0/screen_000800000.json
c0,800000,sample,10,3P1E0O4C,2056100900,0.5,0.3,1.0,0.6,0.5,15d4a419df26c500fc0885252bb6ef133ea92344815b879e4d05b4cfe4a40206,/home/yjq/rl/CoCap1/batch01-c0-long-v3r2-20261010/runs/B01-C0-PROVLONG-V3R2-20261010/evaluations/screen_000800000.json,9f257a080961a0c1d0b2c3e55fd0b09247928508f4bcc5ab6ff243cbddc22e2b,artifacts/2026-10-09_terl_mappo_batch01/commander_v3r2/status_20261011/screens/c0/screen_000800000.json
c0,825000,mean,10,3P1E0O4C,2056100900,0.0,0.7,0.5,0.1,0.0,749d7b49c4b26c7a17ce88bf4c7558127f443269d0a8bb7ee0308d747bd85fe0,/home/yjq/rl/CoCap1/batch01-c0-long-v3r2-20261010/runs/B01-C0-PROVLONG-V3R2-20261010/evaluations/screen_000825000.json,3b4ff07da27642e51581e505471fe9795a764984884bd3b720dcd11dcd7e76f1,artifacts/2026-10-09_terl_mappo_batch01/commander_v3r2/status_20261011/screens/c0/screen_000825000.json
c0,825000,sample,10,3P1E0O4C,2056100900,0.1,0.7,0.7,0.2,0.1,749d7b49c4b26c7a17ce88bf4c7558127f443269d0a8bb7ee0308d747bd85fe0,/home/yjq/rl/CoCap1/batch01-c0-long-v3r2-20261010/runs/B01-C0-PROVLONG-V3R2-20261010/evaluations/screen_000825000.json,3b4ff07da27642e51581e505471fe9795a764984884bd3b720dcd11dcd7e76f1,artifacts/2026-10-09_terl_mappo_batch01/commander_v3r2/status_20261011/screens/c0/screen_000825000.json
c0,850000,mean,10,3P1E0O4C,2056100900,0.2,0.7,0.4,0.2,0.2,0047c302600f76b5510e890cf5642dbf5964f9446c3d35e32250809f10d3ffaf,/home/yjq/rl/CoCap1/batch01-c0-long-v3r2-20261010/runs/B01-C0-PROVLONG-V3R2-20261010/evaluations/screen_000850000.json,8e435bb8a76f4460339ba8202da7f8db0a33580ac3c07f37d1f8bb29a92984d1,artifacts/2026-10-09_terl_mappo_batch01/commander_v3r2/status_20261011/screens/c0/screen_000850000.json
c0,850000,sample,10,3P1E0O4C,2056100900,0.2,0.8,0.6,0.2,0.2,0047c302600f76b5510e890cf5642dbf5964f9446c3d35e32250809f10d3ffaf,/home/yjq/rl/CoCap1/batch01-c0-long-v3r2-20261010/runs/B01-C0-PROVLONG-V3R2-20261010/evaluations/screen_000850000.json,8e435bb8a76f4460339ba8202da7f8db0a33580ac3c07f37d1f8bb29a92984d1,artifacts/2026-10-09_terl_mappo_batch01/commander_v3r2/status_20261011/screens/c0/screen_000850000.json
c0,875000,mean,10,3P1E0O4C,2056100900,0.3,0.3,0.8,0.4,0.3,3febeaf12c89abdf35d6bfccf61cb2d53df0d0930687870c51eca949f5ed5f1d,/home/yjq/rl/CoCap1/batch01-c0-long-v3r2-20261010/runs/B01-C0-PROVLONG-V3R2-20261010/evaluations/screen_000875000.json,99784e7c1a95c763e7d8100fd5544be416a3e403c0e0aa374cfb123de04a0653,artifacts/2026-10-09_terl_mappo_batch01/commander_v3r2/status_20261011/screens/c0/screen_000875000.json
c0,875000,sample,10,3P1E0O4C,2056100900,0.0,0.9,0.4,0.0,0.0,3febeaf12c89abdf35d6bfccf61cb2d53df0d0930687870c51eca949f5ed5f1d,/home/yjq/rl/CoCap1/batch01-c0-long-v3r2-20261010/runs/B01-C0-PROVLONG-V3R2-20261010/evaluations/screen_000875000.json,99784e7c1a95c763e7d8100fd5544be416a3e403c0e0aa374cfb123de04a0653,artifacts/2026-10-09_terl_mappo_batch01/commander_v3r2/status_20261011/screens/c0/screen_000875000.json
c0,900000,mean,10,3P1E0O4C,2056100900,0.1,0.5,0.7,0.2,0.1,e0d0eb733ad174aacec9ce937d30ffe0af673dc182ce87c743495e70a3105afb,/home/yjq/rl/CoCap1/batch01-c0-long-v3r2-20261010/runs/B01-C0-PROVLONG-V3R2-20261010/evaluations/screen_000900000.json,b8de37ca81626679a73d079a1bd3eb30baaabda6d13ed6675b23ab3e15fbfe35,artifacts/2026-10-09_terl_mappo_batch01/commander_v3r2/status_20261011/screens/c0/screen_000900000.json
c0,900000,sample,10,3P1E0O4C,2056100900,0.4,0.6,0.9,0.4,0.4,e0d0eb733ad174aacec9ce937d30ffe0af673dc182ce87c743495e70a3105afb,/home/yjq/rl/CoCap1/batch01-c0-long-v3r2-20261010/runs/B01-C0-PROVLONG-V3R2-20261010/evaluations/screen_000900000.json,b8de37ca81626679a73d079a1bd3eb30baaabda6d13ed6675b23ab3e15fbfe35,artifacts/2026-10-09_terl_mappo_batch01/commander_v3r2/status_20261011/screens/c0/screen_000900000.json
c0,925000,mean,10,3P1E0O4C,2056100900,0.4,0.3,0.6,0.5,0.4,92e6e20aa494a621f9a7391901dd5c0f5865557a1f5defbaa2d451db96718797,/home/yjq/rl/CoCap1/batch01-c0-long-v3r2-20261010/runs/B01-C0-PROVLONG-V3R2-20261010/evaluations/screen_000925000.json,ebfba344c98ed2e7d0d19eecbc82ba16d22ac72d54876d83529f9b64ab48928d,artifacts/2026-10-09_terl_mappo_batch01/commander_v3r2/status_20261011/screens/c0/screen_000925000.json
c0,925000,sample,10,3P1E0O4C,2056100900,0.5,0.3,0.6,0.5,0.5,92e6e20aa494a621f9a7391901dd5c0f5865557a1f5defbaa2d451db96718797,/home/yjq/rl/CoCap1/batch01-c0-long-v3r2-20261010/runs/B01-C0-PROVLONG-V3R2-20261010/evaluations/screen_000925000.json,ebfba344c98ed2e7d0d19eecbc82ba16d22ac72d54876d83529f9b64ab48928d,artifacts/2026-10-09_terl_mappo_batch01/commander_v3r2/status_20261011/screens/c0/screen_000925000.json
c0,950000,mean,10,3P1E0O4C,2056100900,0.2,0.2,0.7,0.3,0.2,f2c295e0aac19d7abbdf53d7a4674f1ca5604c9bd415d1350c7587ef3dcf0a1d,/home/yjq/rl/CoCap1/batch01-c0-long-v3r2-20261010/runs/B01-C0-PROVLONG-V3R2-20261010/evaluations/screen_000950000.json,13a6a518534ee2ee64e9289e63b5ec52d3c7590138200b03d700e4458fec0185,artifacts/2026-10-09_terl_mappo_batch01/commander_v3r2/status_20261011/screens/c0/screen_000950000.json
c0,950000,sample,10,3P1E0O4C,2056100900,0.5,0.4,0.6,0.5,0.5,f2c295e0aac19d7abbdf53d7a4674f1ca5604c9bd415d1350c7587ef3dcf0a1d,/home/yjq/rl/CoCap1/batch01-c0-long-v3r2-20261010/runs/B01-C0-PROVLONG-V3R2-20261010/evaluations/screen_000950000.json,13a6a518534ee2ee64e9289e63b5ec52d3c7590138200b03d700e4458fec0185,artifacts/2026-10-09_terl_mappo_batch01/commander_v3r2/status_20261011/screens/c0/screen_000950000.json
c0,975000,mean,10,3P1E0O4C,2056100900,0.0,0.1,0.8,0.3,0.0,aebcb6ac5800ea93ca96614c0cfc9f9482fdf7873e4932981dd1a0e85083172b,/home/yjq/rl/CoCap1/batch01-c0-long-v3r2-20261010/runs/B01-C0-PROVLONG-V3R2-20261010/evaluations/screen_000975000.json,2785c3ce9bb8df72c3a9de8c7fdd04ea0391f2737df8b7137a998be80bae7a34,artifacts/2026-10-09_terl_mappo_batch01/commander_v3r2/status_20261011/screens/c0/screen_000975000.json
c0,975000,sample,10,3P1E0O4C,2056100900,0.4,0.6,0.8,0.4,0.4,aebcb6ac5800ea93ca96614c0cfc9f9482fdf7873e4932981dd1a0e85083172b,/home/yjq/rl/CoCap1/batch01-c0-long-v3r2-20261010/runs/B01-C0-PROVLONG-V3R2-20261010/evaluations/screen_000975000.json,2785c3ce9bb8df72c3a9de8c7fdd04ea0391f2737df8b7137a998be80bae7a34,artifacts/2026-10-09_terl_mappo_batch01/commander_v3r2/status_20261011/screens/c0/screen_000975000.json
c0,1000000,mean,20,3P1E0O4C,2056100900,0.4,0.1,0.75,0.4,0.4,6d1e89990ab96d38bbbe1fa9adfc6884a46a12424aba4a48a02a08c9a0e6a8b2,/home/yjq/rl/CoCap1/batch01-c0-long-v3r2-20261010/runs/B01-C0-PROVLONG-V3R2-20261010/evaluations/screen_001000000.json,88fb59a1d5809ca5c6481397f08f717d7a87a0b0197028d6dfb8a3eca93286b7,artifacts/2026-10-09_terl_mappo_batch01/commander_v3r2/status_20261011/screens/c0/screen_001000000.json
c0,1000000,sample,20,3P1E0O4C,2056100900,0.4,0.15,0.95,0.6,0.4,6d1e89990ab96d38bbbe1fa9adfc6884a46a12424aba4a48a02a08c9a0e6a8b2,/home/yjq/rl/CoCap1/batch01-c0-long-v3r2-20261010/runs/B01-C0-PROVLONG-V3R2-20261010/evaluations/screen_001000000.json,88fb59a1d5809ca5c6481397f08f717d7a87a0b0197028d6dfb8a3eca93286b7,artifacts/2026-10-09_terl_mappo_batch01/commander_v3r2/status_20261011/screens/c0/screen_001000000.json
